url,label,title,pred,confidence,n_tokens,truncated
http://muhabura.rw/amakuru/amateka/article/amateka-y-urwobo-rwa-kiziguro-rwatawemo-abatutsi-barenga,history,Gatsibo : Tariki 11 Mata 1994 ni itariki itazibagira mu mitwe ya benshi by'umwihariko abari batuye muri Komine ...,history,0.6143,512,True
http://muhabura.rw/amakuru/amateka/article/ku-wa-10-mata-1994-abatutsi-bagera-ku-10-000-biciwe-kuri,history,"Ku wa 10 Mata 1994 : Abatutsi bagera ku 10,000 biciwe kuri Kiriziya ya Ruhuha",politics,0.5618,512,True
http://muhabura.rw/amakuru/amateka/article/kwibuka-26-tariki-9-mata-1994-abasirikare-ba-leta-ya,history,#KWIBUKA 26 : Tariki 9 Mata 1994 Abasirikare ba Leta ya Habyarimana batwitse Abatutsi mu Nyakabanda,politics,0.8906,512,True
http://muhabura.rw/amakuru/imyidagaduro/article/burundi-umufasha-wa-perezida-nkurunziza-yakoze-indirimbo,entertainment,Burundi:Umufasha wa Perezida Nkurunziza yakoze indirimbo,entertainment,0.8862,377,False
http://muhabura.rw/amakuru/imyidagaduro/article/umunyamakuru-landry-wakubiswe-n-umuhanzi-aubinlux-ndetse-n,entertainment,Burundi:Umunyamakuru Landry Promoter ukunze gukubitwa n'abahanzi yatawe muri yombi,entertainment,0.975,512,True
http://muhabura.rw/amakuru/imyidagaduro/article/ngira-ijwi-rinini-hari-abo-nitaba-bakambwira-ngo-ndashaka,entertainment,Ngira ijwi rinini hari abo nitaba bakambwira ngo ndashaka nyiri iyo Telefoni-Ingabire,entertainment,0.3509,476,False
http://muhabura.rw/amakuru/imyidagaduro/article/miss-wa-tanzania-yakubiswe-n-umugabo-we-hafi-ku-mwica,entertainment,Miss wa Tanzania yakubiswe n'umugabo we hafi ku mwica amuziza kumuca inyuma,entertainment,0.8205,282,False
http://muhabura.rw/amakuru/imyidagaduro/article/cote-d-ivoire-abantu-12-batawe-muri-yombi-bazira-gutaburura,entertainment,Côte d'Ivoire:Abantu 12 batawe muri yombi bazira gutaburura umurambo wa Dj Arafat,entertainment,0.9133,339,False
http://muhabura.rw/amakuru/imyidagaduro/article/mu-gushira-amatsiko-abafana-ba-dj-arafat-bafunguye-imva-n,entertainment,"Mu gushira amatsiko,abafana ba Dj Arafat bafunguye imva n'isanduku birimo umurambo we [REBA AMAFOTO]",entertainment,0.9814,512,True
http://muhabura.rw/amakuru/imyidagaduro/article/east-africa-got-talent-yamaganye-ibyatangajwe-na-leta-y-u,entertainment,East Africa Got Talent yamaganye ibyatangajwe na Leta y'u Burundi ku itorero ry'abakaraza ryitwa Himbaza rivuza ingoma ...,entertainment,0.9796,508,False
http://muhabura.rw/amakuru/imyidagaduro/article/indirimbo-yanjye-na-meddy-irahari-ariko-ntabwo-irarangira,entertainment,Indirimbo yanjye na Meddy irahari ariko ntabwo irarangira-Diamond Platnumz,entertainment,0.9908,335,False
http://muhabura.rw/amakuru/imyidagaduro/article/ese-beyonce-ibyo-aririmba-mu-ndirimbo-ye-ko-umugabo-avuka,entertainment,Ese Beyoncé ibyo aririmba mu ndirimbo ye ko umugabo we Jay-Z avuka mu Rwanda nibyo?,entertainment,0.9893,512,True
http://muhabura.rw/amakuru/imyidagaduro/article/zari-hassan-yahishuye-ku-mugaragaro-umubano-we-na-diamond,entertainment,Zari Hassan yahishuye ku mugaragaro umubano we na Diamond nyuma yo gutandukana,entertainment,0.9659,512,True
http://muhabura.rw/amakuru/imyidagaduro/article/ku-rutonde-rw-abantu-bishimirwa-cyane-ku-isi-umuherwe-bill,entertainment,"Ku rutonde rw'abantu bishimirwa cyane ku isi Bill Gates na Michelle Obama barayoboye ,Christiano Ronaldo yahigitse ...",relationship,0.2814,512,True
http://muhabura.rw/amakuru/imyidagaduro/R-Kelly-yongeye-gutabwa-muri-yombi-ashinjwa-gutwara-abantu-bo-gukoresha-imibonano-mpuzabitsina,entertainment,R. Kelly yongeye gutabwa muri yombi ashinjwa gutwara abantu bo gukoresha imibonano mpuzabitsina,entertainment,0.8419,480,False
http://muhabura.rw/amakuru/imyidagaduro/article/akarasisi-ko-ku-munsi-wo-kwibohora-mu-rwanda-katojwe-n,entertainment,Akarasisi ko ku 'munsi wo kwibohora' mu Rwanda 'katojwe n'Abashinwa',economy,0.8382,512,True
http://muhabura.rw/amakuru/imyidagaduro/article/nicki-minaj-yaretse-igitaramo-cyo-muri-arabia-saoudite,entertainment,Nicki Minaj yaretse igitaramo cyo muri Arabia Saoudite,entertainment,0.9894,415,False
http://muhabura.rw/amakuru/imyidagaduro/article/polisi-yaburijemo-ibitaramo-bya-chameleone-kuva-yajya-mu,entertainment,Polisi yaburijemo Ibitaramo bya Chameleone kuva yajya mu batavuga rumwe na Leta,entertainment,0.9162,509,False
http://muhabura.rw/amakuru/imyidagaduro/article/diamond-platnumz-yatunguye-umukunzi-we-tanasha-donna-na,entertainment,Diamond Platnumz yatunguye umukunzi we Tanasha na nyina abaha imodoka zanditseho amazina yabo[REBA AMAFOTO],entertainment,0.8865,348,False
http://muhabura.rw/amakuru/imyidagaduro/article/ange-kagame-yashyize-ahagaragara-amafoto-y-ubukwe-aherutse,entertainment,Ange Kagame yashyize ahagaragara amafoto y'ubukwe aherutse gukora,religion,0.9848,333,False
http://muhabura.rw/amakuru/imyidagaduro/article/cecafa-kagame-cup-rayon-sports-irimo-abakinnyi-barindwi,entertainment,CECAFA Kagame Cup:Rayon Sports irimo abakinnyi barindwi bashya n'umutoza itangiye itsinda TP Mazembe[REBA AMAFOTO],sport,0.9915,512,True
http://muhabura.rw/amakuru/imyidagaduro/article/rutamu-elie-joe-yasezeranye-n-uwo-yihebeye,entertainment,Rurangiranwa mu kogeza imipira Rutamu Elie Joe yakoze ubukwe,entertainment,0.9595,335,False
http://muhabura.rw/amakuru/imyidagaduro/article/umuhanzi-bonhomme-yashimishije-abanyrwanda-baba-mu-bubiligi,entertainment,Brusseles:Abanyarwanda bashimishijwe n'umuhanzi Bonhomme bagaragaza ko bibohoye bya nyabyo [AMAFOTO+VIDEO],entertainment,0.9721,512,True
http://muhabura.rw/amakuru/imyidagaduro/article/impanuro-za-ireney-mercy-ku-bahanzi-bahimbaza-imana,entertainment,Umuhanzi Richard yatanze impanuro ikomeye ku bahanzi bahimbaza Imana barutishije Yesu ubusitari n'amafaranga,religion,0.9842,512,True
http://muhabura.rw/amakuru/imyidagaduro/article/uyumunsi-twabateguriye-inkuru-kubuzima-bw-umuhanzi,entertainment,Byinshi biteye amatsiko ku buzima bw'umuhanzi Nteziyaremye Richard uririmba indirimbo z'iImana mu buryo butangaje,religion,0.9851,512,True
http://muhabura.rw/amakuru/imyidagaduro/article/covid-19-umuhanzi-bobi-wine-akaba-n-umunyaporitiki-ukomeye,entertainment,COVID-19 : Umuhanzi Bobi Wine akaba n'umunyaporitiki ukomeye yasohoye indirimbo kuri Coronavirus,entertainment,0.9745,468,False
http://muhabura.rw/amakuru/imyidagaduro/article/coronavirus-ibitaramo-bya-madonna-na-miley-cyrus,entertainment,Coronavirus: Ibitaramo bya Madonna na Miley Cyrus byahagaritswe,entertainment,0.9626,498,False
http://muhabura.rw/amakuru/imyidagaduro/article/gael-face-agiye-kuza-kwerekana-filime-petit-pays-i-kigali,entertainment,Gael Face agiye kuza kwerekana Filime 'Petit Pays' i Kigali,entertainment,0.9881,512,True
http://muhabura.rw/amakuru/imyidagaduro/Rusizi-Umugabo-yahunze-urugo-rwe-nyuma-yogufatwa-n-abanyerondo-amaze-kwiba-igitoki,entertainment,Rusizi: Umugabo yahunze urugo rwe nyuma yogufatwa n'abanyerondo amaze kwiba igitoki,health,0.8533,447,False
http://muhabura.rw/amakuru/imyidagaduro/article/nishimwe-naomie-wari-wambaye-nomero-31-ni-we-wambitswe,entertainment,Nishimwe wari wambaye nomero 31 ni we wambitswe ikamba rya Miss Rwanda 2020,entertainment,0.9487,512,True
http://muhabura.rw/amakuru/imyidagaduro/article/umuhanzikazi-kayirebwa-yababajwe-bikomeye-n-urupfu-rwa,entertainment,Umuhanzikazi Kayirebwa yababajwe bikomeye n'urupfu rwa Kizito Mihigo,entertainment,0.6226,381,False
http://muhabura.rw/amakuru/imyidagaduro/article/ese-itsinda-rya-dream-boys-ryaba-ririmo-gusenyuka-isomere,entertainment,Ese itsinda rya Dream Boys ryaba ririmo gusenyuka ? Isomere ubuhamya bw'umwe muribo,entertainment,0.986,404,False
http://muhabura.rw/amakuru/imyidagaduro/article/harry-na-meghan-nyuma-yo-kwivana-ibwami-barasa-n-abahungiye,entertainment,Harry na Meghan nyuma yo kwivana ibwami barasa n'abahungiye ubwayi mu kigunda,relationship,0.4075,512,True
http://muhabura.rw/amakuru/imyidagaduro/article/justin-bieber-avuga-ko-indwara-iterwa-n-uburondwe-ariyo,entertainment,Justin Bieber avuga ko indwara iterwa n'uburondwe ariyo yatumye atakiboneka,entertainment,0.9763,395,False
http://muhabura.rw/amakuru/imyidagaduro/article/nafashwe-ku-ngufu-inshuro-ebyiri-ubwo-nari-mfite-imyaka-19,entertainment,Nafashwe ku ngufu inshuro ebyiri ubwo nari mfite imyaka 19 mbikurizamo ihungabana- Lady Gaga,entertainment,0.9847,228,False
http://muhabura.rw/amakuru/imyidagaduro/article/abavandimwe-baranyanze-kuko-nkunda-diamond-aho-gukunda-ali,entertainment,Abavandimwe baranyanze kuko nkunda Diamond aho gukunda Ali Kiba tuvukana-Murumuna wa Ali Kiba,entertainment,0.974,465,False
http://muhabura.rw/amakuru/imyidagaduro/article/umuhanzi-wahindutse-umunyapolitiki-robert-kyagulanyi-yatawe,entertainment,Uganda:Umuhanzi wahindutse umunyapolitiki Robert Kyagulanyi yatawe muri yombi,entertainment,0.9039,344,False
http://muhabura.rw/amakuru/imyidagaduro/Guverinoma-iri-mu-nzira-zo-gukuraho-ubwunzi-bubaho-mbere-y-ibirego-by-abashaka-gatanya,entertainment,Guverinoma iri mu nzira zo gukuraho ubwunzi bubaho mbere y'ibirego by'abashaka gatanya,politics,0.9935,512,True
http://muhabura.rw/amakuru/imyidagaduro/article/umuhanzi-davido-yatawe-muri-yombi-azira-gukubita-umuntu,entertainment,Umuhanzi Davido yatawe muri yombi azira gukubita umuntu icupa mu mutwe,entertainment,0.9894,441,False
http://muhabura.rw/amakuru/imyidagaduro/article/tanzania-umuraperikazi-yahagaritswe-amezi-atandatu-kubera,entertainment,Tanzania:Umuraperikazi yahagaritswe kubera gukora indirimbo yuzuyemo urukozasoni,entertainment,0.9897,512,True
http://muhabura.rw/amakuru/imyidagaduro/article/video-ya-bonane-wabyina-kungola-yagaragaye-ku-rukuta-rw,entertainment,Video y'umwana ubyina indirimbo 'Kungola' yagaragaye kuri instagram y'icyamamare cyo muri Amerika,entertainment,0.9892,512,True
http://muhabura.rw/amakuru/imyidagaduro/article/umukunzi-wa-diamond-platnumz-yatutse-abamwibasiye-bavuga-ko,entertainment,Umukunzi wa Diamond Platnumz yatutse abamwibasiye bavuga ko abeshya amazina ye n'imyaka ahita abereka gihamya,entertainment,0.989,240,False
http://muhabura.rw/amakuru/imyidagaduro/article/igitaramo-cya-nicki-minaj-muri-arabia-saoudite-cyateje,entertainment,Igitaramo cya Nicki Minaj muri Arabia Saoudite cyateje impaka,entertainment,0.9909,512,True
http://muhabura.rw/amakuru/imyidagaduro/article/amerika-yatsinze-ubwongereza-ijya-ku-mukino-wa-nyuma-w,entertainment,Amerika yatsinze Ubwongereza ijya ku mukino wa nyuma w'igikombe cy'isi cy'abagore,sport,0.9924,363,False
http://muhabura.rw/amakuru/imyidagaduro/article/itariki-y-ubukwe-bwa-zari-hassan-n-umukunzi-we-king-bae,entertainment,Itariki y'ubukwe bwa Zari Hassan n'umukunzi we King Bae yamenyekanye,entertainment,0.9278,351,False
http://muhabura.rw/amakuru/imyidagaduro/article/mu-bukwe-bwa-diamond-n-umukunzi-we-tanasha-abazabutaha,entertainment,Mu bukwe bwa Diamond n'umukunzi we Tanasha buzaba muri Kanama abazabutaha bazishyura akayabo,entertainment,0.8884,432,False
http://muhabura.rw/amakuru/imyidagaduro/article/menya-uko-byagenze-ku-munsi-wa-nyuma-wa-michael-jackson,entertainment,Menya uko byagenze ku munsi wa nyuma wa Michael Jackson,entertainment,0.9872,512,True
http://muhabura.rw/amakuru/imyidagaduro/article/umuhanzi-ukomeye-muri-ghana-araregwa-kubeshya-ko-avura-sida,entertainment,Ghana:Umuhanzi ukunzwe mu ndirimbo ziririmbirwa Imana araregwa kubeshya ko avura SIDA,entertainment,0.777,387,False
http://muhabura.rw/amakuru/imyidagaduro/article/tombora-yongeye-guhuza-rayon-sports-na-as-kigali,entertainment,Tombora yongeye guhuza Rayon Sports na AS Kigali,sport,0.9915,497,False
http://muhabura.rw/amakuru/imyidagaduro/article/umucyecuru-wari-inshuti-na-perezida-kagame-yatabarutse,entertainment,Umucyecuru wari inshuti na Perezida Kagame yatabarutse,health,0.491,342,False
http://muhabura.rw/amakuru/imyidagaduro/article/madonna-nawe-yasobanuye-uburyo-yasambanyijwe-ku-ngufu-n,entertainment,Madonna nawe yasobanuye uburyo yasambanyijwe ku ngufu n'umushoramari ukomeye muri Cinema,entertainment,0.9891,427,False
http://muhabura.rw/amakuru/imyidagaduro/article/ukuri-kwambaye-ubusa-ku-itoroka-ry-abakinnyi-umunani-b,entertainment,Ukuri kwambaye ubusa ku itoroka ry'abakinnyi umunani b'itorero inganzo ngari n'indahiro babanje kurahira[REBA AMAFOTO],entertainment,0.7607,512,True
http://muhabura.rw/amakuru/imyidagaduro/article/nigeria-abafite-ibishushanyo-ku-mubiri-na-drede-ku-mutwe,entertainment,Nigeria:Abafite ibishushanyo ku mubiri na drede ku mutwe bari gutabwa muri yombi ku bwinshi,entertainment,0.8617,512,True
http://muhabura.rw/amakuru/imyidagaduro/article/haruna-niyonzima-yaciye-umuhigo-muri-tanzaniya,entertainment,Haruna Niyonzima yaciye umuhigo muri Tanzaniya,sport,0.9862,433,False
http://muhabura.rw/amakuru/imyidagaduro/article/schwarzenegger-yakubiswe-umugeri-w-inyuma-ubwo-yari-muri,entertainment,Video:Schwarzenegger yakubiswe umugeri w'inyuma ubwo yari muri Afurika y'Epfo,entertainment,0.9847,488,False
http://muhabura.rw/amakuru/imyidagaduro/article/callixte-nsabimana-sankara-ngo-yahisemo-kutavuga,entertainment,Callixte Nsabimana Sankara ngo yahisemo kutavuga,politics,0.9949,512,True
http://muhabura.rw/amakuru/imyidagaduro/article/aline-gahongayire-yihagazeho-asaba-imbabazi-nyuma-y,entertainment,Aline Gahongayire yihagazeho asaba imbabazi nyuma y'amagambo atari meza aherutse kuvuga ku itangazamakuru,entertainment,0.9761,512,True
http://muhabura.rw/amakuru/imyidagaduro/article/umunyamabanga-wa-leta-muri-minisiteri-y-ububanyi,entertainment,Nduhungirehe yanenze Aline Gahongayire uherutse gutema agati yicayeho atesha agaciro itangazamakuru ryo mu Rwanda,religion,0.776,512,True
http://muhabura.rw/amakuru/imyidagaduro/article/zari-hassan-yatangaje-ko-agiye-gukora-ubukwe-n-umukunzi-we,entertainment,Zari Hassan yatangaje ko agiye gukora ubukwe mu ibanga n'umukunzi we mushya,entertainment,0.9339,338,False
http://muhabura.rw/amakuru/imyidagaduro/article/jose-chameleone-yihanganishije-abanyarwanda-mu-bihe-byo,entertainment,Jose Chameleone yihanganishije abanyarwanda mu bihe byo Kwibuka Jenoside yakorewe Abatutsi,entertainment,0.94,364,False
http://muhabura.rw/amakuru/imyidagaduro/article/apr-fc-ikuye-amanota-y-ingenzi-i-huye-nyuma-yo-gutsinda,entertainment,"APR FC ikuye amanota y'ingenzi I Huye,nyuma yo gutsinda igitego ku munota",sport,0.9925,512,True
http://muhabura.rw/amakuru/imyidagaduro/article/cardi-b-yasobanuye-impamvu-yatumye-aha-abagabo,entertainment,Cardi B yasobanuye impamvu yatumye aha abagabo ibiyobyabwenge bigatuma abacuza utwabo,entertainment,0.9872,512,True
http://muhabura.rw/amakuru/imyidagaduro/article/ouagadougou-perezida-kagame-yitabiriye-isozwa-rya-fepaco,entertainment,Ouagadougou:Perezida Kagame yitabiriye isozwa rya FESPACO 2019 [REBA AMAFOTO],entertainment,0.5503,239,False
http://muhabura.rw/amakuru/imyidagaduro/article/umuririmbyi-r-kelly-wari-ufunzwe-akurikiranyweho-ihohotera,entertainment,"Umuririmbyi R Kelly, wari ufunzwe akurikiranyweho ihohotera rishingiye ku gitsina, yarekuwe by'agateganyo",entertainment,0.6937,512,True
http://muhabura.rw/amakuru/imyidagaduro/article/hatangiye-igikorwa-cyo-gukuraho-urujijo-ku-bantu-biyitiriye,entertainment,Hatangiye igikorwa cyo gukuraho urujijo ku bantu biyitiriye amaziya ya Nyampinga Nimwiza ku nkuta nkoranya ...,entertainment,0.9687,258,False
http://muhabura.rw/amakuru/imyidagaduro/article/isubikwa-ry-igikorwa-cya-mwiseneza-josiane-ryateje-uruntu,entertainment,Ukuri nyako ku isubikwa ry'igikorwa cya Mwiseneza Josiane ryateje uruntu runtu hagati ye n'akarere ka Rwamagana,entertainment,0.977,512,True
http://muhabura.rw/amakuru/imyidagaduro/article/diamond-platnumz-na-rayvanny-barashinjwa-gushishuru,entertainment,Diamond Platnumz na Rayvanny barashinjwa gushishuru indirimbo 'Tetema',entertainment,0.9904,512,True
http://muhabura.rw/amakuru/imyidagaduro/article/impamvu-nyamukuru-yo-guhisha-itariki-y-ubukwe-bwa-diamond-n,entertainment,Impamvu nyamukuru yo guhisha itariki y'ubukwe bwa Diamond n'umukunzi we yamenyekanye,entertainment,0.9485,512,True
http://muhabura.rw/amakuru/imyidagaduro/article/umukobwa-uteganya-kubana-n-umuhanzi-diamond,entertainment,Tanasha Donna yatangaje igice cy'umubiri we Diamond abona agahita asara,entertainment,0.9709,322,False
http://muhabura.rw/amakuru/imyidagaduro/article/bwa-mbere-herekanwe-filimi-igaragaza-amabi-ya-michael,entertainment,Bwa mbere herekanwe Filimi igaragaza amabi ya Michael Jackson yo gusambanya abana b'abahungu,entertainment,0.9878,512,True
http://muhabura.rw/amakuru/imyidagaduro/article/tanasha-nta-rugamba-afite-rwo-guhangana-n-abo-twahoze,entertainment,Tanasha nta rugamba afite rwo guhangana n'abo twahoze dukundana-Diamond Platnumz,entertainment,0.9877,304,False
http://muhabura.rw/amakuru/imyidagaduro/article/umuraperi-all-the-dogz-yasubije-abafana-ba-mwiseneza,entertainment,Umuraperi All The Dogz yasubije abafana ba Mwiseneza Josiane bamwibasiye bikomeye [VIDEO],entertainment,0.9881,512,True
http://muhabura.rw/amakuru/imyidagaduro/article/ange-kagame-ntiyashimishijwe-n-abagoretse-imyirondoro-y,entertainment,Ange Kagame ntiyashimishijwe n'abagoretse imyirondoro y'umukunzi we,relationship,0.4557,440,False
http://muhabura.rw/amakuru/imyidagaduro/article/josiane-abaye-miss-rwanda-nzava-convetion-nambaye-ngere,entertainment,Josiane abaye Miss Rwanda nzava convetion nambaye ubusa ngere ku 'Intare conference arena'- All The Dogz,entertainment,0.9849,512,True
http://muhabura.rw/amakuru/imyidagaduro/article/birangiye-diamond-platnumz-na-rayvanny-bafatiwe-ibihano,entertainment,Birangiye Diamond Platnumz na Rayvanny bafatiwe ibihano bikakaye kubera indirimbo bakoze,entertainment,0.9903,446,False
http://muhabura.rw/amakuru/imyidagaduro/article/cardi-b-yatangaje-ikintu-kimwe-k-ingenzi-akumbuye-ku-mugabo,entertainment,Cardi B yatangaje ikintu kimwe k'ingenzi akumbuye ku mugabo we Offset bamaze igihe batandukanye,entertainment,0.9492,294,False
http://muhabura.rw/amakuru/imyidagaduro/article/intego-za-apr-fc-ni-ukurenga-aho-rayon-sports-yageze,entertainment,Intego za APR Fc ni ukurenga aho Rayon Sports yageze-Mugiraneza Migy,sport,0.9843,389,False
http://muhabura.rw/amakuru/imyidagaduro/article/miss-uwase-yiyerekanye-mu-cyiciro-gikomeye-cyo-kwerekana,entertainment,Miss Uwase yiyerekanye mu cyiciro gikomeye cyo kwerekana imiterere y'umubiri [ REBA VIDEO],entertainment,0.4513,512,True
http://muhabura.rw/amakuru/imyidagaduro/article/rose-muhando-yafashe-umwanzuro-wogusubira-mu-idini-ye-y,entertainment,Rose Muhando yafashe umwanzuro wogusubira mu idini ye y'umwimerere ya Islam,religion,0.9345,384,False
http://muhabura.rw/amakuru/imyidagaduro/article/miss-iradukunda-ntiyahiriwe-n-irushanwa-rya-mbere-rya,entertainment,Miss Iradukunda ntiyahiriwe n'irushanwa rya mbere rya Nyampinga w'Isi [REBA AMAFOTO],entertainment,0.8506,512,True
http://muhabura.rw/amakuru/imyidagaduro/Am-G-The-Black-yatangaje-iby-ingenzi-yaganiriye-na-jay-Polly-ubwo-yamusuraga-aho-afungiwe,entertainment,Am G The Black yatangaje iby'ingenzi yaganiriye na Jay Polly ubwo yamusuraga aho afungiwe,entertainment,0.9894,338,False
http://muhabura.rw/amakuru/imyidagaduro/article/basobanurire-ibyawe-ikiganiro-n-ibyamamare-igice-cya-1,entertainment,BASOBANURIRE IBYAWE/Ikiganiro n'ibyamamare igice cya 1:Ubuhamya bw'umukobwa w'umunyarwandakazi ukina filimi z'urukozasoni,entertainment,0.8086,512,True
http://muhabura.rw/amakuru/imyidagaduro/article/abaterankunga-n-abategura-amarushanwa-y-ubwiza-barashinjwa,entertainment,Abaterankunga n'abategura amarushanwa y'ubwiza barashinjwa gusambanya abakobwa bayitabira,entertainment,0.6091,512,True
http://muhabura.rw/amakuru/imyidagaduro/article/nyuma-yo-kuva-muri-gereza-kizito-mihigo-yashyize-hanze,entertainment,Nyuma yo kuva muri gereza Kizito Mihigo yashyize hanze indirimbo yise 'Aho kuguhomba yaguhombya' [REBA VIDEO],entertainment,0.5876,512,True
http://muhabura.rw/amakuru/imyidagaduro/article/nyuma-yo-gufungurwa-depite-bobi-wine-yongeye-kugaragara-ku,entertainment,Nyuma yo gufungurwa Depite Bobi wine yongeye kugaragara ku rubyiniro [REBA AMAFOTO],politics,0.3976,510,False
http://muhabura.rw/amakuru/imyidagaduro/Abayobozi-batandukanye-banenze-bikomeye-Odda-Paccy-bamusabira-guhagarikirwa-ibihangano,entertainment,Abayobozi batandukanye banenze bikomeye Odda Paccy bamusabira guhagarikirwa ibihangano,entertainment,0.8708,512,True
http://muhabura.rw/amakuru/imyidagaduro/article/umuyobozi-w-itorero-ry-igihugu-yambuye-ubutore-umuhanzikazi,entertainment,"Umuyobozi w'Itorero ry'Igihugu,yambuye ubutore umuhanzikazi Odda Pacy",entertainment,0.6598,512,True
http://muhabura.rw/amakuru/imyidagaduro/Zari-Hassan-yashyizeho-umunyamategeko-ushinzwe-gukurikirana-iyubahirizwa-ry-amasezerano-yagiranye-na-Diamond,entertainment,Zari Hassan yashyizeho umunyamategeko ushinzwe gukurikirana iyubahirizwa ry'amasezerano yagiranye na Diamond,entertainment,0.9614,370,False
http://muhabura.rw/amakuru/imyidagaduro/article/umuhanzi-ivan-buravan-yiswe-umukobwa-n-umunyamakuru-wa,entertainment,Umuhanzi Ivan Buravan yiswe umukobwa n'umunyamakuru wa Radio RFI,entertainment,0.9866,434,False
http://muhabura.rw/amakuru/imyidagaduro/article/icyamamare-ku-mbuga-nkoranyambaga-cyahawe-urwamenyo-nyuma,entertainment,Icyamamare ku mbuga nkoranyambaga cyahawe urwamenyo nyuma yo kwigira igitambambuga,entertainment,0.9895,444,False
http://muhabura.rw/amakuru/imyidagaduro/Indirimbo-nshya-y-Umuhanzi-Javanix-akomeje-kwibazwaho-na-benshi-ngo-bamwe-yarebye-mu-mitima-yabo,entertainment,Indirimbo nshya y'Umuhanzi Javanix akomeje kwibazwaho na benshi ngo bamwe yarebye mu mitima yabo,entertainment,0.8414,512,True
http://muhabura.rw/amakuru/imyidagaduro/Nubwo-yabaye-icyamamare-Lady-Gaga-mu-buto-bwe-yaratotejwe-bikomeye,entertainment,Nubwo yabaye icyamamare Lady Gaga mu buto bwe yaratotejwe bikomeye,entertainment,0.9849,441,False
http://muhabura.rw/amakuru/imyidagaduro/article/nyampinga-yambuwe-ikamba-nyuma-y-iminsi-ibiri-aryegukanye,entertainment,Nyampinga yambuwe ikamba nyuma y'iminsi ibiri aryegukanye,entertainment,0.9849,466,False
http://muhabura.rw/amakuru/imyidagaduro/article/rurageretse-hagati-y-abagore-ba-diamond-bigeze-n-aho-bitana,entertainment,"Rurageretse hagati y'abagore ba Diamond,noneho bigeze aho bitana indaya n'inzererezi ku karubanda",entertainment,0.9571,448,False
http://muhabura.rw/amakuru/imyidagaduro/article/icyamamare-celine-dion-cyatangarije-abafana-be-inkuru,entertainment,Umuhanzi Céline Dion yatangarije abafana be inkuru ibabaje,entertainment,0.9871,435,False
http://muhabura.rw/amakuru/imyidagaduro/article/hamisa-mobetto-yunze-mu-ijambo-rya-shaddy-boo-avuga,entertainment,Hamisa Mobetto yunze mu ijambo rya Shaddy boo avuga icyatumye atabana na Diamond,entertainment,0.98,493,False
http://muhabura.rw/amakuru/imyidagaduro/Umunyamidelikazi-Kylie-Jenner-yanditse-amagambo-yemeza-ko-aba-mu-yindi-si,entertainment,Umunyamidelikazi Kylie Jenner yanditse amagambo yemeza ko aba mu yindi si,economy,0.3116,323,False
http://muhabura.rw/amakuru/imyidagaduro/article/kanye-west-yiyamye-abavuga-urubavu-rwe,entertainment,Kanye West yiyamye abavuga urubavu rwe,entertainment,0.9827,307,False
http://muhabura.rw/amakuru/imyidagaduro/article/depite-bobi-wine-ari-mu-ndege-iva-muri-amerika-asubira-muri,entertainment,Depite Bobi Wine ari 'mu ndege iva muri Amerika' asubira muri Uganda,politics,0.5812,317,False
http://muhabura.rw/amakuru/imyidagaduro/Diamond-yashyize-hanze-amafoto-arikumwe-n-umugore-ukunzwe-hano-mu-Rwanda,entertainment,Diamond yashyize hanze amafoto arikumwe n'umugore ukunzwe hano mu Rwanda,entertainment,0.9877,237,False
http://muhabura.rw/amakuru/imyidagaduro/Shaddy-Boo-yavuze-icyongereza-agipfundikanya-abafana-baramukwena-yisobanura-nk-icyamamare-VIDEO,entertainment,Shaddy Boo yavuze icyongereza agipfundikanya abafana baramukwena yisobanura nk'icyamamare[VIDEO],entertainment,0.9902,467,False
http://muhabura.rw/amakuru/imyidagaduro/article/bidasubirwaho-jose-chameleone-yatandukanye-n-umugore-we,entertainment,Bidasubirwaho Jose Chameleone yatandukanye n'umugore we Daniela,entertainment,0.965,512,True
http://muhabura.rw/amakuru/imyidagaduro/article/icyamamare-mu-muziki-akon-asanga-afurika-mu-myaka-25-izaba,entertainment,Icyamamare mu muziki Akon asanga Afurika mu myaka 25 izaba imeze nk'Ubushinwa,entertainment,0.9851,431,False
http://muhabura.rw/amakuru/imyidagaduro/article/nyuma-y-uko-dream-boyz-itumye-amenyekana-umuhanzi-bake,entertainment,Nyuma y'uko Dream Boyz itumye amenyekana Umuhanzi Bake Flavour agiye gukorana nayo,entertainment,0.9903,512,True
http://muhabura.rw/amakuru/imyidagaduro/Nyuma-y-ubusabe-bw-abakunzi-be-Eddy-Mwerekande-yongeye-kugarukana-ingufu-mu-itangazamakuru,entertainment,Nyuma y'ubusabe bw'abakunzi be Eddy Mwerekande yongeye kugarukana ingufu mu itangazamakuru,entertainment,0.9805,512,True
http://muhabura.rw/amakuru/imyidagaduro/article/amasinde-hagati-ya-cardi-b-na-nicki-minaj-yigaragaje,entertainment,Amasinde hagati ya Cardi B na Nicki Minaj yigaragaje bikomeye i New York [VIDEO],entertainment,0.9883,396,False
http://muhabura.rw/amakuru/imyidagaduro/Uganda-Minisitiri-Simon-yavuze-ko-shitani-yamurushije-imbaraga,entertainment,Uganda: Minisitiri Simon yavuze ko shitani yamurushije imbaraga,entertainment,0.976,512,True
http://muhabura.rw/amakuru/imyidagaduro/article/umutoza-mashami-vincent-yaretse-umuryango-abakinnyi-5-mu,entertainment,Umutoza Mashami Vincent yaretse umuryango abakinnyi 5 mu Mavubi yitegura guhangana na Côte d'Ivoire,sport,0.9916,512,True
http://muhabura.rw/amakuru/imyidagaduro/article/u-rwanda-ruritegura-kwinjira-mu-ruhando-rw-ibihugu-bikize,entertainment,U Rwanda ruritegura kwinjira mu ruhando rw'ibihugu bikize,economy,0.6976,397,False
http://muhabura.rw/amakuru/imyidagaduro/article/depite-bobi-wine-yafatiwe-ku-kibuga-cy-indege-n-inzego,entertainment,Depite Bobi Wine na mugenzi we bafatiwe ku kibuga cy'indege,politics,0.4255,512,True
http://muhabura.rw/amakuru/imyidagaduro/article/shaddy-boo-konti-ye-kuri-instagram-yashimuswe,entertainment,konti ya Shaddy Boo kuri Instagram yashimuswe n'abantu batazwi,entertainment,0.9876,512,True
http://muhabura.rw/amakuru/imyidagaduro/article/wema-sepetu-yihimuye-kuri-diamond-yerekana-umukunzi,entertainment,Wema Sepetu yihimuye kuri Diamond yerekana umukunzi yihebeye bashobora no kuzarushinga,entertainment,0.9491,335,False
http://muhabura.rw/amakuru/imyidagaduro/Imvugo-yabaye-ingiro-Oswakim-n-uwari-umeze-nk-impanga-ye-bidasubirwaho-basezeye-kuri-City-Radio,entertainment,"Imvugo yabaye ingiro Oswakim n'uwari umeze nk'impanga ye, bidasubirwaho basezeye kuri City Radio",entertainment,0.9512,485,False
http://muhabura.rw/amakuru/imyidagaduro/article/gushyingikira-bobi-wine-biriyongera,entertainment,Gushyigikira Umuhanzi Bobi Wine Byakomeje kwiyongera kuburyo bu komeye,entertainment,0.9052,363,False
http://muhabura.rw/amakuru/imyidagaduro/article/kubera-kwicuza-jay-poly-yakatiwe-igifungo-cy-amezi-atanu-mu,entertainment,"Kubera kwicuza,Jay Polly urukiko rumukatiye igifungo cy'amezi atanu mu buroko",entertainment,0.9858,257,False
http://muhabura.rw/amakuru/imyidagaduro/article/aba-dj-bakomeye-bo-muri-uganda-bemeranyijwe-kujya-bacuranga,entertainment,"Aba DJ bakomeye bo muri Uganda bemeranyijwe kujya bacuranga indirimbo za Depite ""Bobi Wine"" buri saha",entertainment,0.9795,403,False
http://muhabura.rw/amakuru/imyidagaduro/Iyumvire-ibyiza-Rwarutabura-acyesha-kuba-ari-umufana-wa-Rayon-Sport,entertainment,Iyumvire ibyiza Rwarutabura acyesha kuba ari umufana wa Rayon Sport,sport,0.8921,512,True
http://muhabura.rw/amakuru/imyidagaduro/article/manchester-city-itsindiye-arsenal-imbere-y-abafana-bayo,entertainment,Manchester City itsindiye Arsenal imbere y'abafana bayo,sport,0.9917,512,True
http://muhabura.rw/amakuru/imyidagaduro/article/ubwumvikane-bucye-n-umuyobozi-we-mushya-bwatumye,entertainment,Ubwumvikane bucye n'umuyobozi we mushya bwatumye umunyamakuru Oswakim ahagarika akazi ku Radio,entertainment,0.9821,480,False
http://muhabura.rw/amakuru/imyidagaduro/article/iyumvire-uko-umuhanzi-javanix-yakiriye-ikizere-yagiriwe-cyo,entertainment,Iyumvire uko Umuhanzi javanix yakiriye ikizere yagiriwe cyo kuririmba mu gitaramo gikomeye mu Rwanda,entertainment,0.9886,512,True
http://muhabura.rw/amakuru/imyidagaduro/article/umuhanzikazi-yahaye-uburenganzira-abafana-be-ngo,entertainment,Umuhanzikazi yahaye uburenganzira abafana be ngo bamukorakore aho bashaka hose ku mubiri we [REBA AMAFOTO],entertainment,0.9853,286,False
http://muhabura.rw/amakuru/imyidagaduro/article/cyera-kabaye-ikihishe-inyuma-y-uko-rutamu-areka-itangaza,entertainment,Cyera kabaye ikihishe inyuma y'uko Rutamu asezera mu itangazamakuru cyamenyekanye,sport,0.9852,512,True
http://muhabura.rw/amakuru/imyidagaduro/article/umuraperi-tuyishime-joshua-uzwi-nka-jay-polly,entertainment,Umuraperi Jay Polly yatawe muri yombi nyuma y'urugomo rukabije yakoreye umugore we,entertainment,0.9843,380,False
http://muhabura.rw/amakuru/imyidagaduro/Alpha-Blondy-avuga-ko-nta-muhanzi-wo-mu-Rwanda-yakorana-nawe-indirimbo-ataririmba-mu-Kinyarwanda,entertainment,Alpha Blondy avuga ko nta muhanzi wo mu Rwanda yakorana nawe indirimbo ataririmba mu Kinyarwanda,entertainment,0.9882,512,True
http://muhabura.rw/amakuru/imyidagaduro/article/miss-wema-sepetu-yakuriweho-igihano-yari-yakatiwe,entertainment,Miss Wema Sepetu yakuriweho igihano yari yakatiwe,entertainment,0.9687,364,False
http://muhabura.rw/amakuru/imyidagaduro/article/zari-yatangaje-amagambo-yuzuyemo-agahinda-kenshi,entertainment,Zari yatangaje amagambo yuzuyemo agahinda kenshi,entertainment,0.9642,334,False
http://muhabura.rw/amakuru/imyidagaduro/article/zambia-yisubiyeho-ku-bihano-yari-yafatiye-icyamamare-koffi,entertainment,Zambia yisubiyeho ku bihano yari yafatiye icyamamare Koffi Olomide,entertainment,0.9741,512,True
http://muhabura.rw/amakuru/imyidagaduro/article/kigali-habonetse-umuhanzi-ufite-impano-ihambaye-iyumvire,entertainment,"Kigali: Habonetse Umuhanzi ufite impano ihambaye, iyumvire",entertainment,0.9892,337,False
http://muhabura.rw/amakuru/imyidagaduro/article/nyuma-yo-gushimagiza-igihugu-cya-zambia-icyamamare-koffi,entertainment,"Nyuma yo gushimagiza igihugu cya Zambia,icyamamare Koffi Olomide cyangiwe kwinjira muri iki gihugu",entertainment,0.9814,512,True
http://muhabura.rw/amakuru/imyidagaduro/article/asinah-yibasiwe-bikomeye-kubera-inyambaro-igaragaza,entertainment,Asinah yibasiwe bikomeye kubera imyambaro igaragaza ubwambure bwe asabirwa gukizwa kuko nta buyisiramu bwe [REBA ...,entertainment,0.9891,512,True
http://muhabura.rw/amakuru/imyidagaduro/Shaddy-Boo-ibye-bikomeje-kudogera-noneho-yifotoje-yambaye-ikariso-n-isutiya-avugishije-benshi-REBA-AMAFOTO,entertainment,Shaddy Boo ibye bikomeje kudogera noneho yifotoje yambaye ikariso n'isutiya avugishije benshi [REBA AMAFOTO],entertainment,0.9848,330,False
http://muhabura.rw/amakuru/imyidagaduro/article/zari-hassan-akomeje-gusimburanwaho-n-abagabo-bashaka-kubana,entertainment,Zari Hassan akomeje gusimburanwaho n'abagabo bashaka kubana nawe noneho hagezweho umunyamakuru ukomeye muri Tanzania,entertainment,0.9778,512,True
http://muhabura.rw/amakuru/imyidagaduro/Umuhanzi-kazi-Venessa-Mdee-ari-mu-mazi-abira-nyuma-yogukora-ibidakorwa-ku-rubyiniro-n-umukunzi-we,entertainment,Umuhanzi kazi Venessa Mdee ari mu mazi abira nyuma yogukora ibidakorwa ku rubyiniro n'umukunzi we,entertainment,0.9885,392,False
http://muhabura.rw/amakuru/imyidagaduro/Ibitutsi-bizwi-nka-mpangara-nguhangare-noneho-byageze-mu-bagore-ba-Diamond-REBA-AMAFOTO,entertainment,Ibitutsi bizwi nka mpangara nguhangare noneho byageze mu bagore ba Diamond [REBA AMAFOTO],entertainment,0.9523,512,True
http://muhabura.rw/amakuru/imyidagaduro/article/umunyamideri-kazi-wo-muri-kenya-yatangaje-uburyo-igitsina,entertainment,Umunyamideri kazi yatangaje uburyo igitsina cye cyamugize umuherwe kazi [REBA AMAFOTO],entertainment,0.9592,271,False
http://muhabura.rw/amakuru/imyidagaduro/article/mbabazi-shadia-uzwi-ku-kabyiniriro-ka-shaddy,entertainment,Shaddy Boo yerekanye amabere kuri istagram none yibasiwe bikomeye atukwa ko ari amasogisi n'ibindi byinshi [REBA ...,entertainment,0.9873,503,False
http://muhabura.rw/amakuru/imyidagaduro/Zari-Hassan-yavuze-amagambo-ateye-ubwoba-agaragaza-ko-ntakongera-kubana-na-Diamond-ukundi,entertainment,Zari Hassan yavuze amagambo ateye ubwoba agaragaza ko ntakongera kubana na Diamond ukundi,entertainment,0.9548,348,False
http://muhabura.rw/amakuru/imyidagaduro/article/hamissa-mebetto-utwite-inda-ya-diamond-yakuyeho-urujijo,entertainment,Hamissa Mebetto utwite inda ya Diamond yakuyeho urujijo atangaza amezi ifite,entertainment,0.9842,217,False
http://muhabura.rw/amakuru/imyidagaduro/article/reba-urutonde-rw-abakinnyi-banjiza-agatubutse-messi-ku,entertainment,"Reba urutonde rw'abakinnyi banjiza agatubutse,Messi ku mwanya wa kabiri,Christiano ku wa gatatu",sport,0.9743,451,False
http://muhabura.rw/amakuru/imyidagaduro/article/umuririmbyikazi-w-umunyrwanda-mbabazi-maureen,entertainment,Icyamamare MOMO gifungiye muri gereza ya 1930 gikurikiranweho ubucuruzi bw'abantu,entertainment,0.979,512,True
http://muhabura.rw/amakuru/imyidagaduro/article/rihanna-yateye-indobo-umuherwe-hassan-jameel-bari-bamaranye,entertainment,Rihanna yateye indobo umuherwe Hassan Jameel bari bamaranye iminsi bakundana,entertainment,0.9866,512,True
http://muhabura.rw/amakuru/imyidagaduro/Diamond-yashyize-hanze-amashusho-y-indirimbo-nshya-irimo-Zari-bari-gukora-ubukwe-basomana-REBA-AMAFOTO,entertainment,Diamond yashyize hanze amashusho y'indirimbo nshya irimo Zari bari gukora ubukwe basomana [REBA AMAFOTO],entertainment,0.9609,480,False
http://muhabura.rw/amakuru/imyidagaduro/Umusore-yateye-ivi-yambika-Shaddy-Boo-impeta-none-byateje-urujijo-mu-bantu-REBA-AMAFOTO,entertainment,Umusore yateye ivi yambika Shaddy Boo impeta none byateje urujijo mu bantu [REBA AMAFOTO],entertainment,0.9906,512,True
http://muhabura.rw/amakuru/imyidagaduro/article/umuhanzi-diamond-asigaye-ajya-gusura-zari-mu-rugo-mwibanga,entertainment,Umuhanzi Diamond asigaye ajya gusura Zari mu rugo mwibanga,entertainment,0.9848,455,False
http://muhabura.rw/amakuru/imyidagaduro/article/umuhanzi-javanix-ukataje-muri-muzika-yongeye-gushyira-hanze,entertainment,"Umuhanzi Javanix ukataje muri muzika yongeye gushyira hanze indi ndirimbo nshya""Ndakwemera"" [YUMVE]",entertainment,0.9891,489,False
http://muhabura.rw/amakuru/imyidagaduro/Tanzaniya-Icyamamarekazi-cyavuze-ko-nyina-wa-Diamond-yagiharuriye-inzira-yo-kwigarurira-umuhungu-we,entertainment,Tanzaniya : Icyamamarekazi cyavuze ko nyina wa Diamond yagiharuriye inzira yo kwigarurira umuhungu we,entertainment,0.9871,512,True
http://muhabura.rw/amakuru/imyidagaduro/article/se-wa-diamond-yagaragaje-ko-yababajwe-bikomeye-n-urugomo,entertainment,se wa Diamond yagaragaje ko yababajwe bikomeye n'urugomo rwakorewe umukazana we Mobetto,entertainment,0.9745,512,True
http://muhabura.rw/amakuru/imyidagaduro/article/hamisa-mobeto-yagize-icyo-avuga-ku-mihini-aherutse,entertainment,Hamisa Mobeto yagize icyo avuga ku mihini aherutse guhondagurwa na nyina wa Diamond,entertainment,0.9862,512,True
http://muhabura.rw/amakuru/imyidagaduro/article/igikomangoma-henry-harry-cyakoze-ubukwe-bw-akataraboneka,entertainment,Igikomangoma Henry Harry cyakoze ubukwe bw'akataraboneka bwahuruje imbaga [REBA AMAFOTO],religion,0.534,512,True
http://muhabura.rw/amakuru/imyidagaduro/article/amagambo-ababaza-abakobwa-iyo-bayabwiwe-n-abakunzi-babo,entertainment,Amagambo ababaza abakobwa iyo bayabwiwe n'abakunzi babo ibihe byose,relationship,0.9702,512,True
http://muhabura.rw/amakuru/imyidagaduro/article/nyuma-y-iminsi-myinshi-nta-kanunu-ke-babuji-yatawe-muri,entertainment,"Nyuma y'iminsi myinshi nta kanunu ke,BABUJI yatawe muri yombi",economy,0.4449,471,False
http://muhabura.rw/amakuru/imyidagaduro/article/ali-kiba-nyuma-y-igihe-gito-akoze-ubukwe-yashyizwe-mu-nkiko,entertainment,Ali Kiba nyuma y'igihe gito akoze ubukwe yashyizwe mu nkiko,entertainment,0.9703,512,True
http://muhabura.rw/amakuru/imyidagaduro/article/dj-khaled-yibasiwe-bikomeye-kubera-amagambo-yavuze-y-uko,entertainment,Dj Khaled yibasiwe bikomeye kubera amagambo yavuze y'uko imibonano mpuzabitsina yo mukanwa atahirahira ayikora,entertainment,0.9867,403,False
http://muhabura.rw/amakuru/imyidagaduro/article/jennifer-ropez-na-rihana-bari-mu-ibyamamarekazi-13,entertainment,"Rihana na Jennifer ropez mu byamamarekazi 13 bitazwiho kwambara ikariso n'isutiye, reba abandi basigaye [REBA ...",entertainment,0.9859,207,False
http://muhabura.rw/amakuru/imyidagaduro/article/reba-amafoto-atangaje-y-umukinnyi-wa-filimi-nyarwanda,entertainment,Reba amafoto atangaje y'umukinnyi wa Filimi nyarwanda bakunze kwita Rubyogo,entertainment,0.9833,301,False
http://muhabura.rw/amakuru/imyidagaduro/article/kubera-ibyago-bitunguranye-umuhanzi-youssou-n-dour-asubitse,entertainment,"Kubera ibyago bitunguranye, Umuhanzi Youssou N'Dour,asubitse urugendo rwokuza gutaramira Abanyarwanda",entertainment,0.9763,512,True
http://muhabura.rw/amakuru/imyidagaduro/article/hasezerwa-bwanyuma-umurambo-wa-masogange-umusore,entertainment,Hasezerwa bwanyuma umurambo wa masogange umusore bakundanaga yaguye igihumure [REBA AMAFOTO],entertainment,0.8833,483,False
http://muhabura.rw/amakuru/imyidagaduro/article/reba-ibyamamare-byavutse-ku-munsi-umwe-bikaba-byitabye,entertainment,Reba ibyamamare byavutse ku munsi umwe bikaba byitabye Imana ku munsi umwe [AMAFOTO],entertainment,0.8531,512,True
http://muhabura.rw/amakuru/imyidagaduro/article/umunyamideli-agnes-gerald-wari-uzwi-nka-agnes,entertainment,"Urujijo ku rupfu rw'Umunyamideli Masogange, umunyamategeko we hari icyo yaruvuzeho",entertainment,0.8991,512,True
http://muhabura.rw/amakuru/imyidagaduro/article/umunyamidelikazi-wari-ukunzwe-cyane-muri-tanzaniya-yitabye,entertainment,Umunyamidelikazi wari ukunzwe cyane muri Tanzaniya yitabye Imana[REBA AMAFOTO],health,0.5027,512,True
http://muhabura.rw/amakuru/imyidagaduro/article/reba-amafoto-yaranze-ubukwe-bwa-ali-kiba-bwabaye-kuri-uyu,entertainment,Reba amafoto yaranze ubukwe bwa Ali Kiba bwabaye kuri uyu wa Kane,entertainment,0.9827,493,False
http://muhabura.rw/amakuru/imyidagaduro/Diamond-wari-umaze-hafi-iminsi-ibiri-afunzwe-yarekuwe-by-agateganyo,entertainment,Diamond wari umaze hafi iminsi ibiri afunzwe yarekuwe by'agateganyo,entertainment,0.9866,512,True
http://muhabura.rw/amakuru/imyidagaduro/article/urutondo-rw-abanyarwandakazi-10-bambara-bakaberwa-bigatuma,entertainment,Abanyarwandakazi 10 bambara bakaberwa bigatuma bishimirwa n'imbaga[REBA AMAFOTO],entertainment,0.9653,512,True
http://muhabura.rw/amakuru/imyidagaduro/article/cnrg-yamaganye-umunyamideri-bashabe-catherine-uzwi-ku-izina,entertainment,CNLG Yamaganye umunyamideri Bashabe Catherine uzwi ku izina rya Kate,politics,0.9765,512,True
http://muhabura.rw/amakuru/imyidagaduro/article/kwibuka-24-bimwe-ukwiye-kumenya-k-ubuzima-bwa-rugamba,entertainment,Kwibuka 24 : Bimwe ukwiye kumenya ku buzima bwa Rugamba Sipiriyani wazize Jenoside,entertainment,0.899,512,True
http://muhabura.rw/amakuru/imyidagaduro/Wasafi-Tv-yatangiye-gukora-ariko-abantu-batunguwe-n-indirimbo-iri-kunyuzaho,entertainment,Wasafi Tv yatangiye gukora ariko abantu batunguwe n'indirimbo iri kunyuzaho,entertainment,0.9905,464,False
http://muhabura.rw/amakuru/imyidagaduro/Icyamamare-muri-film-z-igihinde-salman-Khan-yakatiwe-imyaka-5-y-uburoko,entertainment,Icyamamare muri film z'igihinde salman Khan yakatiwe imyaka 5 y'uburoko,entertainment,0.9797,304,False
http://muhabura.rw/amakuru/imyidagaduro/Igenda-ry-abahanzi-nka-Meddy-na-The-Ben-hari-icyo-byagabanyije-Kuri-muzika-y-u-Rwanda-Muyoboke-Alex,entertainment,Igenda ry'abahanzi nka Meddy na The Ben hari icyo byagabanyije Kuri muzika y'u Rwanda-Muyoboke Alex,entertainment,0.9893,512,True
http://muhabura.rw/amakuru/imyidagaduro/article/umuhanzi-ufite-inkomoko-mu-rwanda-stromae-ashobora-kongera,entertainment,Umuhanzi ufite inkomoko mu Rwanda Stromae ashobora kongera gushimisha abakunzi be [ AMAFOTO],entertainment,0.9876,459,False
http://muhabura.rw/amakuru/imyidagaduro/article/homornize-n-umukunzi-we-bagiye-kwiyungira-muri-pariki-ya,entertainment,Harmonize n'umukunzi we bagiye kwiyungira muri Pariki ya Serengeti [REBA AMAFOTO],entertainment,0.9385,433,False
http://muhabura.rw/amakuru/imyidagaduro/Urutonde-rw-abahanzi-bafite-amafaranga-kurusha-abandi-AMAFOTO,entertainment,Urutonde rw'abahanzi bafite amafaranga kurusha abandi [AMAFOTO],entertainment,0.9881,512,True
http://muhabura.rw/amakuru/imyidagaduro/article/urutonde-rw-abakobwa-10-bagiranye-ibihe-byiza-na-diamond,entertainment,Urutonde rw'abakobwa 10 bagiranye ibihe byiza na Diamond Platnumz[REBA AMAFOTO],entertainment,0.9727,512,True
http://muhabura.rw/amakuru/imyidagaduro/article/umuhanzi-the-ben-n-umukobwa-bivugwa-ko-bagiye-kurushinga,entertainment,Umuhanzi The Ben n'umukobwa bivugwa ko bagiye kurushinga yamenyekanye[REBA AMAFOTO],entertainment,0.9881,512,True
http://muhabura.rw/amakuru/imyidagaduro/article/umuhanzi-munjyana-ya-hip-hop-uzwi-ku-izina-rya-the-gwamo,entertainment,"Umuhanzi munjyana ya Hip hop uzwi ku izina rya ""THE GWAMO"" kuri we yumva iki aricyo gihe ngo yiyereke abanyarwanda n'ubwo ...",entertainment,0.9876,512,True
http://muhabura.rw/amakuru/imyidagaduro/article/uganda-jose-chameleone-yagize-icyo-atangaza-ku-muhanzi,entertainment,UGANDA: Jose Chameleone yagize icyo atangaza ku muhanzi wakoranye ubukwe n'umukobwa w'imyaka 68,entertainment,0.9881,354,False
http://muhabura.rw/amakuru/imyidagaduro/article/rihanna-amaherezo-agiye-kongera-asubire-murukundo-n,entertainment,Rihanna amaherezo agiye kongera asubire murukundo n'umukunzi we wambere Chris Brown,entertainment,0.9616,217,False
http://muhabura.rw/amakuru/imyidagaduro/article/impamvu-4-zituma-zari-umutambukanyi-wa-diamond-platnumz,entertainment,Impamvu 4 zituma Zari umutambukanyi wa Diamond platnumz aterekana isura y'umwana baherutse kubyarana,entertainment,0.9734,270,False
http://muhabura.rw/amakuru/imyidagaduro/article/imyambarire-idasanzwe-ya-britney-spears-mu-gutanga-ibihembo,entertainment,Imyambarire idasanzwe ya Britney Spears mu gutanga ibihembo bya Teen Choice Awards yatangaje benshi,entertainment,0.9864,286,False
http://muhabura.rw/amakuru/imyidagaduro/article/inkuru-ukwiye-gusoma-ikagusigira-isomo,entertainment,INKURU UKWIYE GUSOMA IKAGUSIGIRA ISOMO:,entertainment,0.9854,512,True
http://muhabura.rw/amakuru/imyidagaduro/article/mu-rwanda-havuzwe-amakuru-atandukanye,entertainment,Abanyarwanda 5 bakunzwe n' abakobwa ku buryo bibagora guhisha urukundo babakunda bakarira,entertainment,0.9692,512,True
http://muhabura.rw/amakuru/imyidagaduro/article/harmonize-umukobwa-yazanye-umara-imbeho-muri-hoteli-i,entertainment,Cyera kabaye Harmonize Umukobwa yazanye umumara imbeho muri hoteli i Kigali Yagaragaye [REBA AMAFOTO],entertainment,0.4849,326,False
http://muhabura.rw/amakuru/imyidagaduro/article/umukobwa-yarize-ayo-kwarika-ashaka-kuryama-ku-kibero-cya,entertainment,Umukobwa yarize ayo kwarika ashaka kuryama ku kibero cya Safi Madiba [REBA AMAFOTO],entertainment,0.9871,512,True
http://muhabura.rw/amakuru/imyidagaduro/article/urutonde-rw-abakobwa-4-bakundwa-cyane-n-abagabo-muri,entertainment,Urutonde rw'abakobwa 4 bakundwa cyane n'abagabo muri tanzaniya kubera ubwiza bwabo[REBA AMAFOTO],entertainment,0.9869,420,False
http://muhabura.rw/amakuru/imyidagaduro/article/umuhanzi-usigaye-mu-itsinda-rya-good-life,entertainment,Weasel yavuze ko urupfu rwa Mowzey Radio ari igihano cy'Imana,entertainment,0.7503,499,False
http://muhabura.rw/amakuru/imyidagaduro/article/wa-umuhanzi-wafashwe-asambanira-mu-modoka-yirukanwe-ku-kazi,entertainment,Wa muhanzi wafashwe asambanira mu modoka yirukanwe ku kazi[REBA AMAFOTO],entertainment,0.9866,371,False
http://muhabura.rw/amakuru/imyidagaduro/article/oprah-yahishuye-icyatumye-nyina-adataha-ubukwe-bwe-na-dogo,entertainment,Oprah yahishuye icyatumye nyina adataha ubukwe bwe na Dogo Janja,entertainment,0.9421,512,True
http://muhabura.rw/amakuru/imyidagaduro/article/kitoko-yakoresheje-imitoma-yifuriza-isabukuru-umukobwa,entertainment,Kitoko yakoresheje imitoma yifuriza isabukuru umukobwa umushimisha kurusha abandi,entertainment,0.9878,461,False
http://muhabura.rw/amakuru/imyidagaduro/article/hatowe-nyampinga-uhiga-abandi-mu-bafite-ubumuga-bw-uruhu,entertainment,Hatowe nyampinga uhiga abandi mu bafite ubumuga bw'uruhu[REBA AMAFOTO],entertainment,0.9736,347,False
http://muhabura.rw/amakuru/imyidagaduro/article/ibyemezo-by-inama-y-abaminisitiri-yateranye-kuri-uyu-wa,entertainment,Ibyemezo by' inama y'Abaminisitiri yateranye kuri uyu wa Gatanu,politics,0.9937,512,True
http://muhabura.rw/amakuru/imyidagaduro/article/reba-amwe-mu-mafoto-ya-nyina-wa-diamond-atari-yaba,entertainment,Reba amwe mu mafoto ya Nyina wa Diamond atari yaba icyamamare,entertainment,0.9875,358,False
http://muhabura.rw/amakuru/imyidagaduro/article/itangazo-ryabyukije-uburakari-kuri-rihanna-ryamamazaga,entertainment,"Itangazo ryabyukije uburakari kuri Rihanna ryamamazaga umukino wiswe ""Would You Rather?""",entertainment,0.9831,512,True
http://muhabura.rw/amakuru/imyidagaduro/article/uwabaye-miss-w-u-rwanda-2012-yanbitswe-impeto-y-urukundo,entertainment,Oprah yariye karungu nyuma y'amagambo atari meza umugabo we Dogo Janja yatangaje,entertainment,0.9696,507,False
http://muhabura.rw/amakuru/imyidagaduro/article/urutonde-rw-abahanzi-bazitabira-pggss-8-bamenyekanye-bamwe,entertainment,"Urutonde rw'abahanzi bazitabira PGGSS 8 bamenyekanye,bamwe baribura",entertainment,0.9888,512,True
http://muhabura.rw/amakuru/imyidagaduro/article/umuhanzikazi-yakoze-indirimbo-isubiza-amag-the-black-ku,entertainment,Umuhanzikazi yakoze indirimbo isubiza Amag The Black ku kwita abakobwa Ibiryabarezi,entertainment,0.9882,410,False
http://muhabura.rw/amakuru/imyidagaduro/article/abarengeje-imyaka-35-bakumiriwe-bidasubirwaho-kwitabira,entertainment,Abarengeje imyaka 35 bakumiriwe bidasubirwaho kwitabira PGGSS,entertainment,0.9884,367,False
http://muhabura.rw/amakuru/imyidagaduro/article/imyambarire-y-urukozasoni-muruhame-igiye-gutuma,entertainment,Imyambarire y'urukozasoni muruhame igiye gutuma umuhanzikazi sheebah Karungi afungwa[REBA AMAFOTO],entertainment,0.9876,512,True
http://muhabura.rw/amakuru/imyidagaduro/article/umuhanzi-javanix-ufite-umuvuduko-udasanzwe-muri-muzika,entertainment,"Umuhanzi javanix ufite umuvuduko udasanzwe muri Muzika nyarwanda, yashyize hanze indi ndirimbo nshya",entertainment,0.8581,397,False
http://muhabura.rw/amakuru/imyidagaduro/Minisitiri-Dr-Gashumba-yatangaje-ko-Diabete-ikunze-kwibasira-abarya-amavuta-menshi,entertainment,Minisitiri Dr Gashumba yatangaje ko Diabete ikunze kwibasira abarya amavuta menshi,health,0.9847,396,False
http://muhabura.rw/amakuru/imyidagaduro/article/rtd-brig-gen-yemerewe-kwiyamamariza-umwanya-wo-kuyobora,entertainment,Rtd Brig Gen yemerewe kwiyamamariza umwanya wo kuyobora FERWAFA,sport,0.9796,427,False
http://muhabura.rw/amakuru/imyidagaduro/article/muyoboke-alex-atangiye-kunyaga-imwe-mu-mitungo-yari,entertainment,Muyoboke Alex atangiye kunyaga imwe mu mitungo yari afitanye n'itsinda rya Charly na Nina,entertainment,0.9864,448,False
http://muhabura.rw/amakuru/imyidagaduro/article/umuririmbyi-social-mula-ari-mu-gahinda-gakomeye-ko-kubura,entertainment,Umuririmbyi Social Mula ari mu gahinda gakomeye ko kubura umubyeyi,health,0.6358,350,False
http://muhabura.rw/amakuru/imyidagaduro/article/diamond-platnumz-zimwe-mu-ndirimbo-ze-zahawe-akato-mu,entertainment,Diamond Platnumz zimwe mu ndirimbo ze zahawe akato mu gihugu,entertainment,0.9894,288,False
http://muhabura.rw/amakuru/imyidagaduro/article/uwabaye-miss-w-u-rwanda-2012-yanbitswe-impeta-y-urukundo,entertainment,Uwabaye miss w'u Rwanda 2012 yambitswe impeta y'urukundo asuka amarira(REBA AMAFOTO),entertainment,0.8428,443,False
http://muhabura.rw/amakuru/imyidagaduro/article/zari-hassan-yagize-ibyo-avuga-ku-mubano-we-na-diamond,entertainment,Zari Hassan yagize ibyo avuga ku mubano we na Diamond wahagaze burundu,entertainment,0.8971,382,False
http://muhabura.rw/amakuru/imyidagaduro/article/maman-eminente-yarekuwe-n-urukiko-kuri-uyu-wa-kane,entertainment,"Maman Eminente, yarekuwe n'Urukiko kuri uyu wa Kane",health,0.9575,436,False
http://muhabura.rw/amakuru/imyidagaduro/article/jeannette-kagame-yibitabiriye-igitaramo-cy-umuhanzi-ukomeye,entertainment,Jeannette Kagame yibitabiriye igitaramo cy'umuhanzi ukomeye ukorera umuziki muri Leta Zunze [Amafoto],entertainment,0.9856,339,False
http://muhabura.rw/amakuru/imyidagaduro/article/imishinga-4-mowzey-radio-yasize-adashyize-mu-bikorwa,entertainment,Imishinga 4 Mowzey Radio yasize adashyize mu bikorwa(AMAFOTO),entertainment,0.9738,212,False
http://muhabura.rw/amakuru/imyidagaduro/article/ubyo-utari-uzi-kuri-nyakwigendera-mowzey-radio,entertainment,Ibyo utari uzi kuri Nyakwigendera Mowzey Radio[REBA AMAFOTO],entertainment,0.9808,512,True
http://muhabura.rw/amakuru/imyidagaduro/article/ishingano-za-buri-munyanyarwanda-wese-akwiye-ku-menya,entertainment,Inshingano 5 buri Munyanyarwanda wese akwiye ku menya,religion,0.9294,512,True
http://muhabura.rw/amakuru/imyidagaduro/article/umuhanuzi-witwa-tito-yashatse-kurongora-wema-sepetu-none,entertainment,Umuhanuzi witwa Tito yashatse kurongora Wema Sepetu none arashaka kumurega[Amafoto],entertainment,0.9796,340,False
http://muhabura.rw/amakuru/imyidagaduro/article/harmonize-ukunzwe-muri-tanzania-agiye-gukorera-ibitaramo,entertainment,"Harmonize,ukunzwe muri Tanzania agiye gukorera ibitaramo bibiri mu Rwanda",entertainment,0.9883,400,False
http://muhabura.rw/amakuru/imyidagaduro/article/rose-muhando-yamaze-kwinjira-mu-ishyaka-riri-ku-butegetsi,entertainment,Rose Muhando yamaze kwinjira mu Ishyaka riri ku butegetsi [Reba Video ya Muhando na Perezida Magufuri ],politics,0.3885,429,False
http://muhabura.rw/amakuru/imyidagaduro/article/umuririmbyi-w-icyamamare-mu-bufaransa-johnny-hallyday,entertainment,"Umuririmbyi w'icyamamare mu Bufaransa, Johnny Hallyday wamamaye nka Jean-Philippe Smet yitabye Imana",entertainment,0.9581,512,True
http://muhabura.rw/amakuru/imyidagaduro/article/nyuma-y-iminsi-jay-z-yeruye-ko-yaciye-inyuma-umugore-we,entertainment,Nyuma y'iminsi Jay Z yeruye ko yaciye inyuma umugore we incuro nyinshi bongeye kugaragarana bahuje urugwiro,entertainment,0.9896,512,True
http://muhabura.rw/amakuru/imyidagaduro/article/miss-mutesi-yasangije-abitabiriye-inama-ubuhamya-bw-uko-u,entertainment,Miss Mutesi yasangije abitabiriye inama ubuhamya bw' u Rwanda,entertainment,0.7699,301,False
http://muhabura.rw/amakuru/imyidagaduro/article/umuhanzikazi-aline-gahongayire-yatandukanye-n-umugabo-we,entertainment,Umuhanzikazi Aline Gahongayire yatandukanye n'umugabo we,religion,0.6898,482,False
http://muhabura.rw/amakuru/imyidagaduro/article/miss-wema-sepetu-yaje-mu-rwanda-kwitabira-ibirori,entertainment,Miss Wema yaje mu Rwanda mu birori bi dasanzwe[ Reba Video ye na Diamond],entertainment,0.9775,377,False
http://muhabura.rw/amakuru/imyidagaduro/article/umugore-wa-katauti-yasengewe-iburundi-reva-video,entertainment,Umugore wa Katauti yasengewe Iburundi reba VIDEO,entertainment,0.6287,431,False
http://muhabura.rw/amakuru/imyidagaduro/article/umugore-w-umuhanzi-chameleone-yizihije-isabukuru-y-imyaka,entertainment,Umugore w'Umuhanzi Chameleone yizihije isabukuru y' imyaka 32,religion,0.6758,512,True
http://muhabura.rw/amakuru/imyidagaduro/article/ngomba-kwemera-kuzaryamana-nawe-kugira-ngo-atazabivuga,entertainment,Ngomba kwemera kuzaryamana nawe kugira ngo atazabivuga?- Mungire inama,relationship,0.9704,450,False
http://muhabura.rw/amakuru/imyidagaduro/article/umutoza-wa-rayon-sport-yatawe-muri-yombi-na-polisi-y-u,entertainment,Umutoza wa Rayon Sport yatawe muri yombi na Polisi y'U Rwanda,sport,0.8259,227,False
http://muhabura.rw/amakuru/imyidagaduro/article/miss-wema-sepetu-ari-mu-byamamare-bitegerejwe-mu-birori,entertainment,Miss Wema Sepetu ari mu byamamare bitegerejwe mu birori bizahuza abakoresha Instagram ikigali,entertainment,0.9884,468,False
http://muhabura.rw/amakuru/imyidagaduro/article/indirimbo-z-umunyarwanda-zikomeje-gusobanurira-abazungu,entertainment,Indirimbo z'umunyarwanda zikomeje gusobanurira abazungu icyo u Rwanda aricyo,entertainment,0.9847,499,False
http://muhabura.rw/amakuru/imyidagaduro/article/meddy-na-safi-basohoye-indirimbo-itangaje,entertainment,Meddy na Safi basohoye indirimbo itangaje,entertainment,0.988,399,False
http://muhabura.rw/amakuru/imyidagaduro/article/umunyarwenya-kansiimme-yamaze-amatsiko-abafana-be,entertainment,"Umunyarwenya Kansiimme yamaze amatsiko abafana be , Reba udushya yigeze gukora hamwe n'Umugabo",entertainment,0.9678,77,False
http://muhabura.rw/amakuru/imyidagaduro/article/miss-wu-rwanda-yagaragaje-ubwenge-mu-gusubiza,entertainment,Miss Gisabo yagaragaje ubwenge mu gusubiza k'uburyo butangaje,entertainment,0.3381,512,True
http://muhabura.rw/amakuru/imyidagaduro/article/reba-umuririmbyi-diamond-n-umugore-we-barikubyina-umuziki,entertainment,Reba Umuririmbyi Diamond n'Umugore we barikubyina Umuziki,entertainment,0.9377,116,False
http://muhabura.rw/amakuru/imyidagaduro/article/paccy-yamaze-amatsiko-abakunzi-be-nyuma-y-ibimaze-iminsi,entertainment,Paccy yamaze amatsiko abakunzi be nyuma y' ibimaze iminsi bivugwa,entertainment,0.9835,408,False
http://muhabura.rw/amakuru/imyidagaduro/article/nyuma-y-amezi-icumi-selena-gomez-na-the-weeknd-batandukanye,entertainment,Nyuma y'amezi icumi Selena Gomez na The Weeknd batandukanye,entertainment,0.9304,317,False
http://muhabura.rw/amakuru/imyidagaduro/article/tom-close-na-knowless-umutekamutwe-yahigiye-ku-biba,entertainment,Tom Close na Knowless umutekamutwe yahigiye ku biba,entertainment,0.9893,512,True
http://muhabura.rw/amakuru/imyidagaduro/article/safi-madiba-yamaze-gutangira-umuziki-ku-giti-cye,entertainment,Safi Madiba yamaze gutangira umuziki ku giti cye,entertainment,0.989,512,True
http://muhabura.rw/amakuru/imyidagaduro/article/byemejwe-ko-juliana-kanyomozi-ariwe-uzafasha-charly-na-nina,entertainment,Byemejwe ko Juliana Kanyomozi ariwe uzafasha Charly na Nina mu gitaramo,entertainment,0.987,265,False
http://muhabura.rw/amakuru/imyidagaduro/article/mbere-yo-gusubira-muri-amerikameddy-yatemberejwe-mu-ndege,entertainment,Mbere yo gusubira muri Amerika umuhanzi Meddy yatemberejwe mu ndege,entertainment,0.9894,83,False
http://muhabura.rw/amakuru/imyidagaduro/article/miss-uwase-aramutse-yegukanye-miss-earth-2017-yahembwa,entertainment,Miss Uwase aramutse yegukanye Miss Earth 2017 yahembwa angahe,culture,0.365,512,True
http://muhabura.rw/amakuru/imyidagaduro/article/umuhanzikazi-asinah-yibasiye-abamaze-iminsi-bamutuka-kubera,entertainment,Umuhanzikazi Asinah yibasiye abamaze iminsi bamutuka kubera amafoto agaragaza amabere ye,entertainment,0.9902,512,True
http://muhabura.rw/amakuru/imyidagaduro/article/indirimbo-queen-cha-yashyize-hanze-irigushimangira-uburyohe,entertainment,Indirimbo Queen Cha yashyize hanze Irigushimangira uburyohe bw'urukundo arimo,entertainment,0.9599,362,False
http://muhabura.rw/amakuru/imyidagaduro/article/miss-uwase-hirwa-waserukiye-u-rwanda-yiyerekanye-mu-ikanzu,entertainment,Miss Uwase Hirwa waserukiye u Rwanda yiyerekanye mu ikanzu yirabura,culture,0.4666,512,True
http://muhabura.rw/amakuru/imyidagaduro/article/icyamamare-cobra-nyiri-cadillac-ngo-imana-yahaye-umugisha,entertainment,Icyamamare Cobra nyiri Cadillac ngo Imana yahaye umugisha akabyiniro ke,religion,0.779,512,True
http://muhabura.rw/amakuru/imyidagaduro/article/the-ben-na-sheebah-bashyize-hanze-amashusho-y-indirimbo,entertainment,The Ben na Sheebah bashyize hanze amashusho y'indirimbo yabo,entertainment,0.9884,279,False
http://muhabura.rw/amakuru/imyidagaduro/article/anne-kansiime-ari-mubibazo-bikomeye-afitanye-n-umugabo,entertainment,Anne Kansiime ari mubibazo bikomeye afitanye n'umugabo,entertainment,0.7797,512,True
http://muhabura.rw/amakuru/imyidagaduro/article/tom-close-na-the-ben-bashyize-hanze-indirimo-yo-gushima,entertainment,Tom Close na The Ben bashyize hanze indirimo yo gushima Imana bise 'Thank you',entertainment,0.9779,379,False
http://muhabura.rw/amakuru/imyidagaduro/article/miss-iradukunda-uhagarariye-u-rwanda-ari-mu-bakoze-imyitozo,entertainment,Miss Iradukunda uhagarariye u Rwanda ari mu bakoze imyitozo ya mbere,fashion,0.4464,81,False
http://muhabura.rw/amakuru/imyidagaduro/article/miss-uwase-hirwa-honorine-biyerekanye-harebwa-ubwiza-bw,entertainment,Miss Uwase Hirwa Honorine yiyerekanye harebwa ubwiza bw'umubiri,entertainment,0.5468,431,False
http://muhabura.rw/amakuru/imyidagaduro/article/urban-boys-munzira-yogusenyuka-kubera-banyirabayazana,entertainment,Urban Boys munzira yogusenyuka kubera amakimbirane,entertainment,0.9847,512,True
http://muhabura.rw/amakuru/imyidagaduro/article/rick-hilton-umuzungu-wahoze-ari-umukunzi-wa-niyonizera,entertainment,"Rick Hilton,wahoze ari umukunzi wa Niyonizera Judithe yatangiye gushyira hanze amwe mu mafoto y'uyu mukobwa yambaye ...",entertainment,0.8975,512,True
http://muhabura.rw/amakuru/imyidagaduro/article/knowles-ngo-ntateze-kuzibagirwa-na-rimwe-umubyeyi-we,entertainment,Knowles ngo ntateze kuzibagirwa na rimwe umubyeyi we wajyaga kumushakira amagi y'inkware.,entertainment,0.9847,407,False
http://muhabura.rw/amakuru/imyidagaduro/article/nyuma-y-uko-edisha-atandukanye-na-marina-yahise-ashyira,entertainment,Nyuma y'uko Edisha atandukanye na Marina yahise ashyira hanze indirimbo yise 'Ifi yanjye',entertainment,0.9862,329,False
http://muhabura.rw/amakuru/imyidagaduro/article/umuhanzi-king-james-ari-kubarizwa-muri-leta-zunze-ubumwe-za,entertainment,Umuhanzi King James ari kubarizwa muri Leta Zunze Ubumwe za Amerika,entertainment,0.9893,248,False
http://muhabura.rw/amakuru/imyidagaduro/article/miss-uwase-hirwa-yagaragarije-uburyo-abanyarwandakazi-ari,entertainment,Miss Uwase Hirwa yagaragarije uburyo Abanyarwandakazi ari beza reba (Video),entertainment,0.4281,396,False
http://muhabura.rw/amakuru/imyidagaduro/article/birakaze-cyera-kabaye-psquare-irasenyutse-bidasubirwaho,entertainment,BIRAKAZE: Cyera kabaye PSquare irasenyutse bidasubirwaho Menya impamvu,entertainment,0.9865,490,False
http://muhabura.rw/amakuru/imyidagaduro/article/stromae-amerewe-nabi-kubera-imiti-yanyoye-agiye-kuza-mu,entertainment,Stromae amerewe nabi kubera imiti yanyoye agiye kuza mu Rwanda,entertainment,0.9527,512,True
http://muhabura.rw/amakuru/imyidagaduro/article/umuhanzikazi-yareze-umugabo-m-urukiko-ku-mukorarakora,entertainment,Umuhanzikazi yareze umugabo m'urukiko kubera ku mukoraho,entertainment,0.9877,512,True
http://muhabura.rw/amakuru/imyidagaduro/article/zari-arimo-gukubitirwa-agatoki-nabo-mu-muryango-wa,entertainment,Zari afitanye ibibazo bikomeye nabo mu muryango wa Ssemwanga,entertainment,0.9669,512,True
http://muhabura.rw/amakuru/imyidagaduro/article/yabaye-icyamamare-biturutse-ku-mafoto-y-ubwambure-bwe,entertainment,Yabaye icyamamare biturutse ku mafoto y'ubwambure bwe,entertainment,0.9849,479,False
http://muhabura.rw/amakuru/imyidagaduro/article/umugore-wa-diamond-ya-pfushije-nyina,entertainment,Umugore wa Diamond ya pfushije nyina,entertainment,0.8673,228,False
http://muhabura.rw/amakuru/imyidagaduro/article/meddy-agiye-kuza-mu-rwanda-bidasubirwaho,entertainment,Meddy agiye kuza mu Rwanda bidasubirwaho,entertainment,0.9675,284,False
http://muhabura.rw/amakuru/imyidagaduro/article/video-koffi-olomide-yongeye-kwibasira-igitsina-gore-biteza,entertainment,VIDEO-Koffi Olomide yongeye kwibasira igitsina gore biteza impagarara,entertainment,0.9853,512,True
http://muhabura.rw/amakuru/imyidagaduro/article/mu-mafoto-udushya-n-imyambarire-idasanzwe-nibyo-byari,entertainment,Mu mafoto: Udushya n'imyambarire idasanzwe nibyo byari byiganje mu gitaramo cya Radio na Weasel,entertainment,0.9835,126,False
http://muhabura.rw/amakuru/imyidagaduro/article/mr-gloire-nk-umuhanzi-ufite-bikorwa-by-indashyikirwa-ku,entertainment,Mr Gloire nk'Umuhanzi Ufite bikorwa by'Indashyikirwa ku myaka 17 yatangaje ibyo ahishiye Abanyarwanda,entertainment,0.9889,512,True
http://muhabura.rw/amakuru/imyidagaduro/article/umubano-wa-kylie-jenner-na-tyga-wageze-ku-iherezo-ryawo,entertainment,Umubano wa Kylie Jenner na Tyga wageze ku iherezo ryawo,entertainment,0.8631,349,False
http://muhabura.rw/amakuru/imyidagaduro/article/chris-brown-ari-mu-mazi-abira-nyuma-yo-gusuzugura-abapolisi,entertainment,Chris Brown ari mu mazi abira nyuma yo gusuzugura Abapolisi,entertainment,0.9861,397,False
http://muhabura.rw/amakuru/imyidagaduro/article/fire-man-yahisemo-gukorana-na-coca-cola-nyuma-kwibura-mu,entertainment,Fire Man yahisemo gukorana na Coca Cola nyuma kwibura mu bahatanira Guma Guma,entertainment,0.9773,512,True
http://muhabura.rw/amakuru/imyidagaduro/article/eddy-kenzo-yakiriwe-nk-umwami-mu-gihugu-cya-mali-reba,entertainment,"Eddy Kenzo yakiriwe nk'umwami mu gihugu cya Mali-""Reba Amafoto""",entertainment,0.9868,317,False
http://muhabura.rw/amakuru/imyidagaduro/article/umuhanzi-nshuti-legend-yatangaje-intwaro-imwe-agiye,entertainment,Umuhanzi Nshuti Legend yatangaje intwaro imwe agiye kwifashisha muri muzika ye,entertainment,0.989,512,True
http://muhabura.rw/amakuru/imyidagaduro/article/kuva-mu-mwaka-wa-2011-maze-kubona-byinshi-mu-muziki-gusa,entertainment,"Kuva mu mwaka wa 2011 hari ibyo maze kubona mu Muziki gusa ibyo nteganya nibyo byinshi- ""Niyorick""",entertainment,0.99,512,True
http://muhabura.rw/amakuru/imyidagaduro/article/mushiki-wa-michael-jackson-agiye-kwibaruka-ku-myaka-50-y,entertainment,"Mushiki wa Michael Jackson agiye kwibaruka, Ku myaka 50 y'amavuko",entertainment,0.9857,368,False
http://muhabura.rw/amakuru/imyidagaduro/article/abagize-itsinda-rya-dream-boyz-basobaniye-byinshi,entertainment,"Abagize itsinda rya Dream Boyz basobaniye byinshi kundirimbo yabo ""70""",entertainment,0.9891,359,False
http://muhabura.rw/amakuru/imyidagaduro/article/umuhanzi-insp-badox-yatangaje-impamvu-atari-akigaragara,entertainment,Umuhanzi Insp Badox yatangaje impamvu atari akigaragara muri muzika Nyarwanda,entertainment,0.9887,353,False
http://muhabura.rw/amakuru/imyidagaduro/article/beyonce-yatanze-ubusobanuro-bwa-alubumu-ye-nshya-lemonade,entertainment,"Beyonce yatanze ubusobanuro bwa alubumu ye nshya ""Lemonade"" ndetse n'Impamvu yamuteye kuyita atya",entertainment,0.9879,512,True
http://muhabura.rw/amakuru/imyidagaduro/article/oda-paccy-yahishuye-ibanga-ry-indirimbo-ye-igiye-gusohoka,entertainment,Oda Paccy yahishuye ibanga ry'Indirimbo ye igiye gusohoka vuba,entertainment,0.9867,343,False
http://muhabura.rw/amakuru/imyidagaduro/article/nta-mishyikirano-ngifitanye-na-nick-minaj-drake,entertainment,"Nta mishyikirano ngifitanye na Nick Minaj ""Drake""",entertainment,0.9883,256,False
http://muhabura.rw/amakuru/imyidagaduro/article/bombori-bombori-hagati-hagati-umuhanzikazi-tiwa-savage-n,entertainment,Bombori Bombori hagati hagati Umuhanzikazi Tiwa Savage n'Umugabo we,entertainment,0.9888,360,False
http://muhabura.rw/amakuru/imyidagaduro/article/danny-nanone-yavuye-mu-gihome-nyuma-y-iminsi-itanu,entertainment,Danny Nanone yavuye mu gihome nyuma y'iminsi itanu,entertainment,0.9872,288,False
http://muhabura.rw/amakuru/imyidagaduro/article/nahisemo-guhindura-gahunda-y-imikorere-kubera-ubuhemu-bwa,entertainment,"Nahisemo guhindura gahunda y'imikorere kubera ubuhemu bwa bamwe mu bahanzi- ""Boston""",entertainment,0.9875,512,True
http://muhabura.rw/amakuru/imyidagaduro/article/social-mula-yatangaje-ukuri-kwihishe-inyuma-y-indirimbo,entertainment,"Social Mula yatangaje ukuri kwihishe inyuma y'indirimbo ""Umuturanyi""",entertainment,0.9877,512,True
http://muhabura.rw/amakuru/imyidagaduro/article/bebe-cool-yakozwe-mu-jisho-n-umuherwe-none-nawe-yahise,entertainment,Bebe Cool yakozwe mu jisho n'umuherwe none nawe yahise afata icyemezo ntakuka,entertainment,0.9828,437,False
http://muhabura.rw/amakuru/imyidagaduro/article/hari-kwibaza-impamvu-yatumye-umuhanzi-mr-blue-yakoze-ubukwe,entertainment,"Hari kwibaza impamvu yatumye umuhanzi Mr. Blue yakoze ubukwe mu bwiru- ""Reba amafoto""",entertainment,0.988,305,False
http://muhabura.rw/amakuru/imyidagaduro/article/pasiteri-yikomye-abahanzi-bafashije-museveni-mu-matora,entertainment,Pasiteri yikomye Abahanzi bafashije Museveni mu matora,politics,0.7127,288,False
http://muhabura.rw/amakuru/imyidagaduro/article/umuhanzikazi-ciara-niwe-ugezweho-nyuma-y-uwahoze-ari,entertainment,Umuhanzikazi Ciara niwe ugezweho nyuma y'uwahoze ari umugabo,entertainment,0.9882,279,False
http://muhabura.rw/amakuru/imyidagaduro/article/mariya-yohana-afatanije-na-mibirizi-bateguye-umugoroba-wo,entertainment,Mariya Yohana afatanije na Mibirizi bateguye umugoroba wo kwibuka,entertainment,0.9625,419,False
http://muhabura.rw/amakuru/imyidagaduro/article/amafoto-abahanzikazi-bafite-ubwiza-n-imiterere-myiza,entertainment,Amafoto: Abahanzikazi bo mu Rwanda bafite ubwiza n'Imiterere myiza kurusha abandi,entertainment,0.9797,227,False
http://muhabura.rw/amakuru/imyidagaduro/article/umuhanzi-noliva-yatangaje-ibintu-bitatu-umugore-wese-ufite,entertainment,"Umuhanzi NOLIVA yatangaje Ibintu bitatu , Umugore wese ,ufite urukundo ahora yifuza ku mugabo we",entertainment,0.9617,49,False
http://muhabura.rw/amakuru/imyidagaduro/article/umuhanzi-stromae-yaharabitswe-bikomeye-n-ikinyamakuru,entertainment,Umuhanzi Stromae yaharabitswe bikomeye n'ikinyamakuru Charlie Hebdo,entertainment,0.9057,512,True
http://muhabura.rw/amakuru/imyidagaduro/article/umuhanzi-bright-bigger-yatangiye-rugendo-rudasanzwe-mu-bigo,entertainment,Umuhanzi Bright Bigger yatangiye urugendo rudasanzwe mu bigo by'amashuli.,entertainment,0.9846,415,False
http://muhabura.rw/amakuru/imyidagaduro/article/akabuze-karabonetse-irushanwa-rya-guma-guma-ku-nshuro-ya-6,entertainment,"Akabuze karabonetse.! ""irushanwa rya Guma Guma ku nshuro ya 6 ryari ritegerejwe na benshi rigiye kuba",entertainment,0.9831,461,False
http://muhabura.rw/amakuru/imyidagaduro/article/igisonga-cya-miss-uganda-nawe-yashyize-hanze-amafoto,entertainment,Igisonga cya Miss Uganda nawe yashyize hanze amafoto agaragaza bimwe mu bice by'ibanga,entertainment,0.8409,162,False
http://muhabura.rw/amakuru/imyidagaduro/article/jose-chameleone-arimo-kwishyuzwa-umuerngera-w-amafaranga-n,entertainment,Jose Chameleone arimo kwishyuzwa umurengera w'amafaranga n'akabari yahungabanije,entertainment,0.9843,326,False
http://muhabura.rw/amakuru/imyidagaduro/article/abahanzi-nyarwanda-bahinduje-uruhu-rwabo-bamaze-kwamamara,entertainment,"Abahanzi Nyarwanda bahinduje uruhu rwabo bamaze kwamamara – ""Reba amafoto""",entertainment,0.9859,305,False
http://muhabura.rw/amakuru/imyidagaduro/article/amafoto-agaragaza-umubano-udasanzwe-umuhanzi-diamond,entertainment,Amafoto agaragaza umubano udasanzwe umuhanzi Diamond Platnumz afitanye na Jakaya Kikwete,entertainment,0.9884,269,False
http://muhabura.rw/amakuru/imyidagaduro/article/muzika-ni-impano-kandi-iyo-mbona-abica-hip-hop-bintera,entertainment,"Muzika ni impano kandi iyo mbona abica Hip Hop bintera kutazacogora- ""Insp Badox""",entertainment,0.9888,437,False
http://muhabura.rw/amakuru/imyidagaduro/article/senderi-hit-yafashe-umwanzuro-udasanzwe-kuri-sosiyete,entertainment,Senderi Hit yafashe umwanzuro udasanzwe kuri sosiyete yamusenyeye ikanangiza umutungo we,economy,0.8731,492,False
http://muhabura.rw/amakuru/imyidagaduro/article/bebe-cool-akomeje-guterana-amagambo-n-abafana-be-umunsi-ku,entertainment,Bebe Cool akomeje guterana amagambo n'abafana be umunsi ku munsi,entertainment,0.7518,309,False
http://muhabura.rw/amakuru/imyidagaduro/article/ubundi-iyo-byanze-mu-rukundo-usaba-ko-baguhindurira,entertainment,"Ubundi iyo byanze mu rukundo usaba ko baguhindurira -""Indirimbo nshyashya ya NOLIVA""",entertainment,0.9871,375,False
http://muhabura.rw/amakuru/imyidagaduro/article/yaturiye-mu-ruhame-avuga-ko-yibye-telephone-y-umuhanzi,entertainment,Yaturiye mu ruhame avuga ko yibye telephone y'umuhanzi Ragga Dee,entertainment,0.9856,328,False
http://muhabura.rw/amakuru/imyidagaduro/article/umuhanzi-usa-na-diamond-platnumz-akomeje-guteza-impagaraga,entertainment,"Umuhanzi usa na Diamond Platnumz akomeje guteza impagaraga muri Tanzania- ""Reba amafoto""",entertainment,0.9846,292,False
http://muhabura.rw/amakuru/imyidagaduro/article/amafoto-10-atangaje-agaragara-mu-ndirimbo-isahani-y-umu,entertainment,"Amafoto 10 atangaje agaragara mu ndirimbo ""Isahani"" y'umu Raperi Bably",entertainment,0.685,354,False
http://muhabura.rw/amakuru/imyidagaduro/article/bebe-cool-yise-abagande-abanebwe_-menya-impamvu-mu-kiganiro,entertainment,"Bebe Cool yise Abagande abanebwe_ ""Menya impamvu mu kiganiro kirambuye""",entertainment,0.9858,512,True
http://muhabura.rw/amakuru/imyidagaduro/article/umuriro-waste-hagati-ya-madonna-n-uwahoze-ari-umugabo-we,entertainment,Umuriro waste hagati ya Madonna n'uwahoze ari umugabo we,entertainment,0.988,412,False
http://muhabura.rw/amakuru/imyidagaduro/article/umubano-udasanzwe-hagati-ya-p-flan-a-bull-dogg,entertainment,Umubano udasanzwe hagati ya P Fla na Bull Dogg,entertainment,0.9892,382,False
http://muhabura.rw/amakuru/imyidagaduro/article/nyampinga-w-u-rwanda-wa-2016-yamenyekanye,entertainment,Nyampinga w'u Rwanda wa 2016 yamenyekanye,entertainment,0.9738,294,False
http://muhabura.rw/amakuru/imyidagaduro/article/umunyamidelikazi-ukomeye-kuri-iyi-si-dutuyeho,entertainment,Kim Kardashian yakuriye inzira ku murima abifuza ko atandukana na Yeezy,entertainment,0.9741,319,False
http://muhabura.rw/amakuru/imyidagaduro/article/chris-brown-yatabawe-n-ijwi-ry-imana-ubwo-amashitani-yari,entertainment,"Chris Brown yatabawe n'ijwi ry'Imana ubwo amashitani yari yamuteye- ""benshi mu rujijo""",entertainment,0.9455,347,False
http://muhabura.rw/amakuru/imyidagaduro/article/ntago-ndirimba-nka-kamichi-kandi-ntan-undi-muhanzi-nigiraho,entertainment,"Ntago ndirimba nka Kamichi kandi ntan'undi muhanzi nigiraho kuririmba- ""Leon Dile""",entertainment,0.989,360,False
http://muhabura.rw/amakuru/imyidagaduro/article/big-bang-niwe-uyoboye-abandi-mu-mashusho-y-indirimbo,entertainment,"Big Bang niwe uyoboye abandi mu mashusho y'Indirimbo zavuzweho byinshi muri 2015- ""Urutonde""",entertainment,0.9884,512,True
http://muhabura.rw/amakuru/imyidagaduro/article/ese-koko-2pac-yaba-akiri-ku-isi-ese-urupfu-rwe-yari-asanzwe,entertainment,Ese koko 2Pac yaba akiri ku Isi? Ese urupfu rwe yari asanzwe yararuteguye? Byinshi kuri ibi bibazo wibaza,entertainment,0.9604,512,True
http://muhabura.rw/amakuru/imyidagaduro/article/nyuma-yo-guhwihwiswa-ko-pggss-itakiri-mu-maboko-ya-eap-kuri,entertainment,Nyuma yo guhwihwiswa ko PGGSS itakiri mu maboko ya EAP kuri ubu ukuri kwaba kugiye kujya ahabona,entertainment,0.9724,453,False
http://muhabura.rw/amakuru/imyidagaduro/article/mu-mafoto-uko-byari-byifashe-hatora-miss-rusizi-ibihe-by,entertainment,"Mu Mafoto: Uko byari byifashe hatora Miss Rusizi, ibihe by'ingenzi n'Udushya twaranze ibi birori",entertainment,0.83,512,True
http://muhabura.rw/amakuru/imyidagaduro/article/wema-sepetu-na-diamond-ninde-wari-ingumba-inda-wema-sepetu,entertainment,"Wema Sepetu na Diamond ninde wari ingumba –""Inda Wema Sepetu atwite yateje impaka ndende""",entertainment,0.9828,357,False
http://muhabura.rw/amakuru/imyidagaduro/article/danny-nanone-na-bruce-melody-bageneye-abakundana-impano,entertainment,"Danny Nanone na Bruce Melody bageneye abakundana Impano idasanzwe- ""Amafoto n'amashusho""",entertainment,0.9861,218,False
http://muhabura.rw/amakuru/imyidagaduro/article/ibyabaye-kuri-mr-nice-na-mugenzi-we-shetta-yaba-agiye,entertainment,Ibyabaye kuri Mr Nice na mugenzi we Shetta yaba agiye kubigirirwa,entertainment,0.9895,512,True
http://muhabura.rw/amakuru/imyidagaduro/article/ku-busabe-bwabo-abari-mu-irushanwa-rya-miss-rwanda-2016,entertainment,"Ku busabe bwabo, Abari mu irushanwa rya Miss Rwanda 2016 bari mu mwiherero I Bugesera- ""Amafoto""",entertainment,0.6735,244,False
http://muhabura.rw/amakuru/imyidagaduro/article/bobi-wine-yakorewe-ibya-mfura-mbi-ku-munsi-we-w-amavuko,entertainment,"Bobi Wine yakorewe ibya mfura mbi ku munsi we w'amavuko ! ""Reba amafoto""",entertainment,0.9839,279,False
http://muhabura.rw/amakuru/imyidagaduro/article/umwe-mu-bahataniraga-ikamba-rya-miss-rwanda-2016-yivanye-mu,entertainment,"Umwe mu bahataniraga ikamba rya Miss Rwanda 2016 yivanye mu irushanwa bitunguranye-""Impamvu""",entertainment,0.8929,482,False
http://muhabura.rw/amakuru/imyidagaduro/article/wiz-khalifa-yakuriye-inzira-ku-murima-abatifuza-umubano-we,entertainment,Wiz Khalifa yakuriye inzira ku murima abatifuza umubano we na Amber Rose,entertainment,0.987,403,False
http://muhabura.rw/amakuru/imyidagaduro/article/reba-amafoto-agaragaza-inzu-n-inkweto-zatumye-benshi-bibaza,entertainment,Reba amafoto agaragaza inzu n'inkweto zatumye benshi bibaza kuri Dr Jose Chameleone,entertainment,0.9884,396,False
http://muhabura.rw/amakuru/imyidagaduro/article/sheebah-kirungi-yatunguwe-cyane-kuva-yabaho,entertainment,Sheebah Kirungi yatunguwe cyane kuva yabaho,entertainment,0.9826,512,True
http://muhabura.rw/amakuru/imyidagaduro/article/umunyamakuru-eddie-mwerekande-yatangaje-aho-yari-yaraburiye,entertainment,Umunyamakuru Eddie Mwerekande yatangaje aho yari yaraburiye,economy,0.5678,512,True
http://muhabura.rw/amakuru/imyidagaduro/article/guverineri-bosenibamwe-aime-yikomye-miss-kundwa-doriane-ngo,entertainment,Guverineri Bosenibamwe Aime yikomye Miss Kundwa Doriane ngo ntakintu yakoreye Intara ye,entertainment,0.8465,512,True
http://muhabura.rw/amakuru/imyidagaduro/article/rusizi-mu-majonjoro-yo-gushaka-uzaba-miss-rusizi-temarigwe,entertainment,Rusizi: Mu majonjoro yo gushaka uzaba Miss Rusizi Temarigwe yabonye umusore umurusha kurya Inkuru n'Amafoto,entertainment,0.974,512,True
http://muhabura.rw/amakuru/imyidagaduro/article/udushya-n-imyambarire-idasanzwe-niyo-yari-yiganje-mu,entertainment,"Udushya n'Imyambarire idasanzwe niyo yari yiganje Mu gutanga ibihembo bya Hipipo, ""Amafoto""",entertainment,0.9845,201,False
http://muhabura.rw/amakuru/imyidagaduro/article/oda-paccy-yagize-ubutumwa-agenera-abanyarwanda-nyuma-yo,entertainment,Oda Paccy yagize ubutumwa agenera Abanyarwanda Nyuma yo gutsindwa na Congo,sport,0.981,512,True
http://muhabura.rw/amakuru/imyidagaduro/article/umuhanzikazi-rita-ora-yashyize-hanze-ifoto-igaragaza,entertainment,Umuhanzikazi Rita Ora yashyize hanze ifoto igaragaza ubwambure bwe,entertainment,0.9879,225,False
http://muhabura.rw/amakuru/imyidagaduro/article/jay-polly-yagereranije-bagenzi-be-bahoranye-mu-itsinda-rya,entertainment,Jay Polly Yagereranije bagenzi be bahoranye mu itsinda rya Tuff Gang n'abakobwa b'abapfapfa,entertainment,0.9887,430,False
http://muhabura.rw/amakuru/imyidagaduro/article/amafoto-uburanga-bw-abakobwa-25-bahatanira-ikamba-rya,entertainment,Amafoto: Uburanga bw'abakobwa 25 bahatanira ikamba rya Nyampinga w'u Rwanda 2016,health,0.4196,414,False
http://muhabura.rw/amakuru/imyidagaduro/article/bull-dogg-yerekeje-mu-karere-ka-rusizi-impamvu,entertainment,"Bull Dogg yerekeje mu karere ka Rusizi: ""Impamvu""",entertainment,0.9565,512,True
http://muhabura.rw/amakuru/imyidagaduro/article/oda-paccy-mu-rugendo-rwo-kuba-umuhanzikazi-mpuzamahanga-mu,entertainment,Oda Paccy mu rugendo rwo kuba umuhanzikazi mpuzamahanga mu mwaka wa 2016?,entertainment,0.9861,405,False
http://muhabura.rw/amakuru/imyidagaduro/article/zari-umufasha-wa-diamond-platnumz-yahawe-umwitangirizwa-na,entertainment,Zari umufasha wa Diamond Platnumz yahawe umwitangirizwa na Leta ya Tanzania,entertainment,0.9815,306,False
http://muhabura.rw/amakuru/imyidagaduro/article/kurura-imbere-y-abafana-ntibisanzwe-kuri-diamond-platnumz,entertainment,"Kurira imbere y'abafana ntibisanzwe kuri Diamond Platnumz. ""Amafoto Diamond arira ku rubyiniro""",entertainment,0.9887,474,False
http://muhabura.rw/amakuru/imyidagaduro/article/perezida-obama-yahishuye-umuhanzi-abona-urusha-abandi-muri,entertainment,Perezida Obama yahishuye umuhanzi abona urusha abandi muri America,entertainment,0.9865,375,False
http://muhabura.rw/amakuru/imyidagaduro/article/nyuma-yo-kuva-i-dubai-hari-impinduka-zidasanzwe-kandi,entertainment,"Nyuma yo kuva i Dubai hari impinduka zidasanzwe kandi zizatungurana ""Oda Paccy""",entertainment,0.9864,467,False
http://muhabura.rw/amakuru/imyidagaduro/article/natie-k-yongeye-gushotora-abagabo-ashyira-ahagaragara,entertainment,Natie k Yongeye gushotora abagabo ashyira ahagaragara amafoto atangaje,entertainment,0.9728,206,False
http://muhabura.rw/amakuru/imyidagaduro/article/umuhanzi-tyga-yari-ahuye-n-insanganya-imana-ikinga-akaboko,entertainment,Umuhanzi Tyga yari ahuye n'insanganya Imana ikinga akaboko,entertainment,0.9874,512,True
http://muhabura.rw/amakuru/imyidagaduro/article/eddy-kenzo-yakoreye-indirimbo-umukobwa-bahuriye-i-kigali,entertainment,Eddy Kenzo yakoreye indirimbo umukobwa bahuriye i Kigali,entertainment,0.9899,174,False
http://muhabura.rw/amakuru/imyidagaduro/article/uko-umuhanzi-koshens-yatunguwe-n-uburyo-yasanze-igihugu-cy,entertainment,Uko umuhanzi Koshens yatunguwe n'uburyo yasanze igihugu cy'u Rwanda,entertainment,0.9856,512,True
http://muhabura.rw/amakuru/imyidagaduro/article/ab-i-kigali-batunguwe-n-imyambarire-ya-vanessa-mdee-wo-mri,entertainment,"Ab'I Kigali batunguwe n'imyambarire ya Vanessa Mdee wo mri Tanzania muri Red Avenue ""Amafoto""",entertainment,0.9822,210,False
http://muhabura.rw/amakuru/imyidagaduro/article/urujijo-rukomeye-ku-isabukuru-ya-eddy-kenzo-yabaye-ejo-kuri,entertainment,Urujijo rukomeye ku Isabukuru ya Eddy Kenzo yabaye ejo kuri Noheli,entertainment,0.9875,291,False
http://muhabura.rw/amakuru/imyidagaduro/article/bruce-melody-yashyize-hanze-ukuri-kw-aho-abogamiye-mu,entertainment,"Bruce Melody yahiguye Umuhigo wa Noheli ashimisha abakunzi be mu ndirimbo ""Yumve hano""",entertainment,0.979,175,False
http://muhabura.rw/amakuru/imyidagaduro/article/indirimbo-5-zifite-amashusho-meza-mu-mwaka-2015,entertainment,Indirimbo 5 zifite amashusho meza mu mwaka 2015,entertainment,0.9884,491,False
http://muhabura.rw/amakuru/imyidagaduro/article/50cent-yibasiwe-n-uwahoze-ari-umukunzi-we-ndetse-ashyira,entertainment,50Cent yibasiwe n'uwahoze ari umukunzi we ndetse ashyira amabanga ye yose ahagaragara,entertainment,0.8972,270,False
http://muhabura.rw/amakuru/imyidagaduro/article/abantu-benshi-baratunguwe-muri-all-white-party-igitaramo,entertainment,"Abantu benshi baratunguwe muri ""All White Party"" igitaramo gitegurwa Zari ""Amafato""",entertainment,0.9647,242,False
http://muhabura.rw/amakuru/imyidagaduro/article/the-ben-na-pricillah-bakoze-indirimbo-ifite-byinshi,entertainment,"The Ben na Pricillah bakoze indirimbo ifite byinshi isobanuye ""Yumve hano""",entertainment,0.9889,200,False
http://muhabura.rw/amakuru/imyidagaduro/article/zari-yemeye-gutangaza-intandaro-yo-gutandukana-n-uwahoze,entertainment,Zari yemeye gutangaza intandaro yo gutandukana n'uwahoze ari umugabo we mbere ya Diamond,entertainment,0.9479,391,False
http://muhabura.rw/amakuru/imyidagaduro/article/mbonyi-islael-yerekeje-muri-kenya-nyuma-yo-kwigwizaho,entertainment,Mbonyi Islael yerekeje muri Kenya nyuma ya Groove Awards,religion,0.9811,479,False
http://muhabura.rw/amakuru/imyidagaduro/article/amafoto-atangaje-yagaragaye-mu-gutanga-ibihembo-bya-abryanz,entertainment,Amafoto atangaje yagaragaye mu gutanga ibihembo bya Abryanz Style &Fashion (ASFA),entertainment,0.423,272,False
http://muhabura.rw/amakuru/imyidagaduro/article/amafoto-ziza-bafana-akomeje-umushinga-wo-kwinjiza-abahanzi,entertainment,Amafoto: Ziza Bafana akomeje umushinga wo kwinjiza abahanzi bakizamuka muri Illuminate,entertainment,0.9779,282,False
http://muhabura.rw/amakuru/imyidagaduro/article/jay-polly-yatangaje-ko-yishimiye-cyane-umwana-w-umukobwa-ya,entertainment,Jay Polly yatangaje ko yishimiye cyane umwana w'umukobwa ya byaye nyuma yogutandukana n'umugore wa mbere,entertainment,0.9834,278,False
http://muhabura.rw/amakuru/imyidagaduro/article/mowzey-radio-lilian-mbabazi-ni-umugore-wange,entertainment,"Mowzey Radio: ""Lilian Mbabazi ni umugore wange""",entertainment,0.9839,228,False
http://muhabura.rw/amakuru/imyidagaduro/article/ntunguwe-no-gutuburirwa-n-umuntu-nzi-twanicaranye-ku-ntebe,entertainment,"Ntunguwe no gutuburirwa n'umuntu nzi twanicaranye ku ntebe y'ishuri .! ""Umuhanzi Concossy""",entertainment,0.9639,512,True
http://muhabura.rw/amakuru/imyidagaduro/article/urutonde-rw-abahanzi-bahatanira-grammy-awards,entertainment,Urutonde rw'abahanzi bahatanira Grammy Awards,entertainment,0.9717,512,True
http://muhabura.rw/amakuru/imyidagaduro/article/hagaragaye-umupadiri-ukora-injyana-ya-hip-hop,entertainment,Hagaragaye umupadiri ukora injyana ya Hip Hop,religion,0.9595,448,False
http://muhabura.rw/amakuru/imyidagaduro/article/patricia-sitya-loss-nan-ubu-abaganga-ntibari-bamwerurira,entertainment,Patricia Sitya Loss nan'ubu abaganga ntibari bamwerurira ibyabaye kuri mugenzi we babyinanaga,entertainment,0.7663,248,False
http://muhabura.rw/amakuru/imyidagaduro/article/desire-luzinda-asigaye-akoresha-ubwambure-bwe-nk-intwaro-mu,entertainment,Desire Luzinda asigaye akoresha ubwambure bwe nk'intwaro mu gukurura Abagabo (reba amafoto),entertainment,0.9688,245,False
http://muhabura.rw/amakuru/imyidagaduro/article/knowless-butera-mu-ruhando-rw-ibyamamare-bihatanira-kora,entertainment,Knowless Butera mu ruhando rw'ibyamamare bihatanira Kora Awards,entertainment,0.9823,371,False
http://muhabura.rw/amakuru/imyidagaduro/article/mafoto-abahanzi-baba-mu-mazu-meza-kandi-ahenze-ku-isi,entertainment,Amafoto: Abahanzi baba mu mazu meza kandi ahenze ku isi,entertainment,0.9843,217,False
http://muhabura.rw/amakuru/imyidagaduro/article/eddy-kenzo-yatangiye-gushinjwa-ko-yaba-yaratanze-alex-sitya,entertainment,Eddy Kenzo yatangiye gushinjwa ko yaba yaratanze Alex Sitya Loss ho igitambo muri Illuminate ( Amajwi),entertainment,0.9858,280,False
http://muhabura.rw/amakuru/imyidagaduro/article/urban-boyz-na-priscillah-bahanganye-n-abahanzi-b,entertainment,Urban Boyz na Priscillah bahanganye n'abahanzi b'ibikomerezwa muri HM Awards,entertainment,0.9893,436,False
http://muhabura.rw/amakuru/imyidagaduro/article/miss-mutesi-aurore-yagaragaje-agahinda-afite-kuva-yabura,entertainment,Miss Mutesi Aurore yagaragaje agahinda afite kuva yabura musaza we,entertainment,0.9677,512,True
http://muhabura.rw/amakuru/imyidagaduro/article/indirimbo-ya-big-fizzo-yakoze-yitwa-abisi-ifitanye-isano-no,entertainment,Indirimbo ya Big Fizzo yakoze yitwa Abisi ifitanye isano no gufungwa kwe,entertainment,0.9882,201,False
http://muhabura.rw/amakuru/imyidagaduro/article/uyu-mwaka-ninge-ukoze-indirimbo-ifite-amashusho-ahenze,entertainment,"Uyu mwaka Ninge ukoze indirimbo ifite amashusho ahenze ""Noliva"": Reba amashusho n'amafoto y'indirimbo ""Kabiri Gatatu"" ya ...",entertainment,0.9884,295,False
http://muhabura.rw/amakuru/imyidagaduro/article/igisubizo-kubana-bakiri-bato-kandi-bafite-impano,entertainment,Igisubizo kubana bakiri bato kandi bafite impano zitandukanye,entertainment,0.9549,512,True
http://muhabura.rw/amakuru/imyidagaduro/article/amafoto-juliana-yashyize-ku-mbuga-nkoranya-mbaga-yashyize,entertainment,Amafoto Juliana yashyize ku mbuga nkoranya mbaga yashyize abagabo mu rujijo,entertainment,0.9866,302,False
http://muhabura.rw/amakuru/imyidagaduro/article/miley-cyrus-yujuje-imyaka-23-y-amavuko-dore-udushya,entertainment,Miley Cyrus yujuje imyaka 23 y'Amavuko dore udushya twaranze uyu muhanzikazi mu mafoto ndetse na Video,entertainment,0.9864,169,False
http://muhabura.rw/amakuru/imyidagaduro/article/young-grace-yagaragaje-abagize-uruhare-ngo-abe-asoje,entertainment,Young Grace yagaragaje abagize uruhare ngo abe asoje kaminuza,entertainment,0.987,415,False
http://muhabura.rw/amakuru/imyidagaduro/article/ntucikwe-n-indirimbo-nyarwanda-5-zikunzwe-kurusha-izindi,entertainment,Ntucikwe n'indirimbo Nyarwanda 5 zikunzwe kurusha Izindi: Zumve hano,entertainment,0.9872,205,False
http://muhabura.rw/amakuru/imyidagaduro/article/umuhanzikazi-rihanna-yashyize-hanze-amafoto-arimo-kunywa,entertainment,Umuhanzikazi Rihanna yashyize hanze amafoto arimo kunywa urumogi,entertainment,0.9875,215,False
http://muhabura.rw/amakuru/imyidagaduro/article/urutonde-rw-abahanzi-bahatanira-ibihembo-bya-groove-awards,entertainment,Urutonde rw'abahanzi bahatanira ibihembo bya Groove Awards Rwanda 2015,entertainment,0.5801,102,False
http://muhabura.rw/amakuru/imyidagaduro/article/indimbo-muhabura-rw-yageneye-abakunzi-n-abasomyi,entertainment,Indimbo muhabura.rw yageneye abakunzi n'Abasomyi.,entertainment,0.9745,108,False
http://muhabura.rw/amakuru/imyidagaduro/article/amafoto-n-ibihe-by-ingenzi-byaranze-igitaramo-cya-d-banj-mu,entertainment,Amafoto n'ibihe by'ingenzi byaranze igitaramo cya D'Banj mu gihugu cya Uganda,entertainment,0.9882,282,False
http://muhabura.rw/amakuru/imyidagaduro/article/eddy-kenzo-ndamuzi-ariko-ntago-nari-nzi-igihugu-akomokamo-d,entertainment,"Eddy Kenzo ndamuzi ariko ntago nari nzi igihugu akomokamo: ""D'Banj""",entertainment,0.9853,399,False
http://muhabura.rw/amakuru/imyidagaduro/article/mu-mashusho-y-indirimbo-vuba-vuba-knowless-yagaragaje-ko,entertainment,Mu mashusho y'indirimbo Vuba Vuba Knowless yagaragaje ko ntakibazo afitanye na Safi,entertainment,0.9875,190,False
http://muhabura.rw/amakuru/imyidagaduro/article/amafoto-y-umuhanzi-p-fla-ari-kugaragara-mu-mashusho-y,entertainment,Amafoto y'umuhanzi P Fla ari kugaragara mu mashusho y'indirimbo nshyashya yavugishije abantu,entertainment,0.9875,404,False
http://muhabura.rw/amakuru/imyidagaduro/article/serena-gomez-yirengagije-amabi-yakorewe-na-justin-bieber,entertainment,Serena Gomez yirengagije amabi yakorewe na Justin Bieber ubu urukundo ruri guca amarenga,entertainment,0.9741,303,False
http://muhabura.rw/amakuru/imyidagaduro/article/umuhanzi-bebe-cool-n-umufasha-we-zuena-babyaye-umwana-wa,entertainment,Umuhanzi Bebe Cool n'umufasha we Zuena babyaye umwana wa kane:Amafoto,entertainment,0.9814,285,False
http://muhabura.rw/amakuru/imyidagaduro/article/nyuma-yo-kuvugwaho-kunanirwa-kwishyura-ideni-ry-imodoka-ubu,entertainment,Nyuma yo kuvugwaho kunanirwa kwishyura ideni ry'imodoka ubu yateye abakobwa babiri inda,entertainment,0.984,358,False
http://muhabura.rw/amakuru/imyidagaduro/article/haribazwa-umubano-uri-hagati-ya-the-ben-na-priscilla-icyo,entertainment,Haribazwa umubano uri hagati ya The Ben na Priscilla icyo ugamije: reba amafoto,entertainment,0.9896,256,False
http://muhabura.rw/amakuru/imyidagaduro/article/uwo-waba-uri-wese-ibibazo-bikugeraho-upfa-kuba-uri-umuntu,entertainment,"Uwo waba uri wese ibibazo bikugeraho upfa kuba uri umuntu ""Umuhanzi Sympatique""",entertainment,0.9877,512,True
http://muhabura.rw/amakuru/imyidagaduro/article/ntucikwe-n-indirimbo-5-nyarwanda-zikunzwe-kurusha-izindi,entertainment,Ntucikwe n'indirimbo 5 Nyarwanda zikunzwe kurusha Izindi,entertainment,0.9882,229,False
http://muhabura.rw/amakuru/imyidagaduro/article/davido-yasezeranije-umukobwa-we-kuzamuba-hafi-kugeza-ku,entertainment,Davido yasezeranije umukobwa we kuzamuba hafi kugeza ku mwuka wa nyuma: Amafoto,entertainment,0.9853,191,False
http://muhabura.rw/amakuru/imyidagaduro/article/whatsapp-ni-nziza-ariko-yica-byinshi-mu-buzima-bwacu-bwa,entertainment,"WhatsApp ni nziza ariko yica byinshi mu buzima bwacu bwa buri munsi ""Umuhanzi Icent The Trigger""",entertainment,0.9897,385,False
http://muhabura.rw/amakuru/imyidagaduro/article/wema-sepetu-yashyize-hanze-ibanga-diamond-platnumz-arusha,entertainment,Wema Sepetu yashyize hanze ibanga Diamond Platnumz arusha abandi bagabo,entertainment,0.9126,353,False
http://muhabura.rw/amakuru/imyidagaduro/article/mu-mafoto-atangira-umuhango-wo-kwiyamamaza-perezida,entertainment,Mu mafoto : Atangira umuhango wo kwiyamamaza Perezida Museveni nawe yafashe Microfone araririmba,politics,0.9058,288,False
http://muhabura.rw/amakuru/imyidagaduro/article/umuhanzi-tyga-yongeye-gusubizwa-imbere-y-urukiko,entertainment,Umuhanzi Tyga yongeye gusubizwa imbere y'Urukiko,entertainment,0.9711,297,False
http://muhabura.rw/amakuru/imyidagaduro/article/ibintu-5-utari-uzi-kuri-jasmine-v-wahoze-ari-umukunzi-wa,entertainment,Ibintu 5 utari uzi kuri Jasmine V wahoze ari umukunzi wa Justin Bieber,entertainment,0.983,387,False
http://muhabura.rw/amakuru/imyidagaduro/article/indirimbo-zibihe-byose-z-abahanzi-tazibagirana-mu-mitima,entertainment,Indirimbo zibihe byose zabahanzi zitazibagirana mu mitima yabatuye Isi,entertainment,0.9785,180,False
http://muhabura.rw/amakuru/imyidagaduro/article/amafoto-n-ibihe-by-ingenzi-byaranze-igitaramo-cya-urban,entertainment,Amafoto n'ibihe by'ingenzi byaranze igitaramo cya Urban Boyz na Danny Vumbi I Huye,entertainment,0.9666,308,False
http://muhabura.rw/amakuru/imyidagaduro/article/wari-uzi-ibihugu-7-bya-mbere-dusangamo-abakobwa-n-abagore,entertainment,Wari uzi ibihugu 7 bya mbere dusangamo abakobwa n'abagore beza kurusha abandi ku isi?,relationship,0.8733,114,False
http://muhabura.rw/amakuru/imyidagaduro/article/radio-na-weasel-basubije-ibibazo-bimaze-iminsi-byibazwa-n,entertainment,Radio na Weasel basubije ibibazo bimaze iminsi byibazwa n'abafana babo ndetse banabizeza ibitangaza.,entertainment,0.9837,444,False
http://muhabura.rw/amakuru/imyidagaduro/article/udukoryo-twabaye-ku-muhanzi-bruce-melodie-atazibagirwa-mu,entertainment,Udukoryo twabaye ku muhanzi Bruce Melodie atazibagirwa mu buzima bwe nk'umunyamuziki,entertainment,0.9894,512,True
http://muhabura.rw/amakuru/imyidagaduro/article/umuhanzi-ukomoka-mu-gihugu-cy-u-burundi-big-farious,entertainment,"Umuhanzi ukomoka mu Gihugu cy'U Burundi, Big Farious afungiwe I Kigali",entertainment,0.9771,297,False
http://muhabura.rw/amakuru/imyidagaduro/article/indirimbo-yuzuye-amagambo-akakaye-umuhanzi-p-fla-yakoze,entertainment,Indirimbo Yuzuye amagambo akakaye Umuhanzi P Fla yakoze asubiza Bull Dogg nyuma yo kumwibasira,entertainment,0.9895,263,False
http://muhabura.rw/amakuru/imyidagaduro/article/justin-bibier-niwe-wibitseho-ibihembo-byinshi-muri-europe,entertainment,"Justin Bieber niwe wibitseho ibihembo byinshi muri Europe Mtv Awards,dore urutonde rw'batsinze",entertainment,0.9852,502,False
http://muhabura.rw/amakuru/imyidagaduro/article/mu-mafoto-hanga-higa-impano-z-abanyarwanda-zari,entertainment,"Mu mafoto: ""Hanga Higa"" impano z'Abanyarwanda zari zarirengagijwe zikomeje kubonerwa umucunguzi",entertainment,0.9819,512,True
http://muhabura.rw/amakuru/imyidagaduro/article/abakunzi-b-umuziki-by-umwihariko-injyana-ya-hip-hop-ku,entertainment,Abakunzi b'umuziki by'umwihariko injyana ya Hip hop ku mugabane w' I Burayi bashyizwe Igorora,entertainment,0.9879,351,False
http://muhabura.rw/amakuru/imyidagaduro/article/umva-indirimbo-5-zikunzwe-kurusha-izindi-mu-rwanda,entertainment,Umva indirimbo 5 Zikunzwe kurusha izindi mu Rwanda,entertainment,0.9895,181,False
http://muhabura.rw/amakuru/imyidagaduro/article/amafoto-10-y-ibyamamare-yakanyujijeho-muri-uyu-mwaka-turimo,entertainment,Amafoto 10 y'Ibyamamare yakanyujijeho kurubuga rwa Instagram muri uyu mwaka turimo wa 2015.,entertainment,0.9676,285,False
http://muhabura.rw/amakuru/imyidagaduro/article/madame-jeannette-kagame-umufasha-wa-perezida-w-u-rwanda-ari,entertainment,"Madame Jeannette Kagame, umufasha wa Perezida w'u Rwanda, ari mu bihumbi by'abantu bitabiriye igitaramo cy'umuhanzi Stromae ...",entertainment,0.977,512,True
http://muhabura.rw/amakuru/imyidagaduro/article/umuhanzi-stromae-ubwo-umunyamakuru-yamubazaga-kuri-jenoside,entertainment,Stromae :Ubwo umunyamakuru yamubazaga kuri jenoside yakorewe abatutsi mu Rwanda yaraturitse ararira.,history,0.5227,224,False
http://muhabura.rw/amakuru/imyidagaduro/article/rdc-nyuma-yo-kwiyita-intumwa-ya-yesu-ya-13-koffi-olomide,entertainment,RDC: Nyuma yo kwiyita intumwa ya Yesu ya 13 Koffi Olomide agiye gushyira ahagaragara Album ye yanyuma mu muziki,religion,0.9766,381,False
http://muhabura.rw/amakuru/imyidagaduro/article/stromae-nyuma-yo-gutaramira-ab-i-kinshasa-ubu-ikipe,entertainment,Stromae Nyuma yo gutaramira ab'I Kinshasa ubu ikipe imutegurira ibitaramo yageze mu Rwanda,entertainment,0.9868,334,False
http://muhabura.rw/amakuru/imyidagaduro/article/ntucikwe-n-indirimbo-nyarwanda-zikunzwe-kurusha-izindi,entertainment,Ntucikwe n'indirimbo Nyarwanda zikunzwe kurusha Izindi: Zumve hano,entertainment,0.9776,118,False
http://muhabura.rw/amakuru/imyidagaduro/article/serena-gomez-yagize-icyo-atangaza-ku-mafoto-yasohotse,entertainment,Serena Gomez yagize icyo atangaza ku mafoto yasohotse agaragaza ubwambure bwa Justin Bieber,entertainment,0.9832,317,False
http://muhabura.rw/amakuru/imyidagaduro/article/kuri-ubu-taylor-swift-nyuma-yo-guhigika-beyonce-na,entertainment,Kuri ubu Taylor Swift nyuma yo guhigika Beyonce na Kardashian niwe mwamikazi wa Instagram,entertainment,0.9888,326,False
http://muhabura.rw/amakuru/imyidagaduro/article/bull-dogg-ngewe-nta-kibazo-afitanye-na-p-fla-cyangwa-undi,entertainment,"Bull Dogg: ""ngewe nta kibazo afitanye na P Fla cyangwa undi muhanzi wese",entertainment,0.9891,92,False
http://muhabura.rw/amakuru/imyidagaduro/article/bidasubirwaho-itariki-umuhanzi-stromae-azazira-mu-rwanda,entertainment,Bidasubirwaho Itariki umuhanzi Stromae azazira mu Rwanda yatangajwe,entertainment,0.971,512,True
http://muhabura.rw/amakuru/imyidagaduro/article/senderi-international-hit-ninjye-muhanzi-ukunzwe-mu-rwanda,entertainment,Senderi:Ninjye muhanzi ukunzwe abandi barwaye indwara zo mu magufwa kuko ntawundi urakorera million 3 nyuma ya Guma ...,entertainment,0.9869,480,False
http://muhabura.rw/amakuru/imyidagaduro/article/abahanzi-b-ibyamamare-mu-gihugu-cya-uganda-batangiye,entertainment,Abahanzi b'ibyamamare mu Gihugu cya Uganda batangiye gahunda yo gushyigikira Museveni ngo ayobore indi manda,entertainment,0.9826,313,False
http://muhabura.rw/amakuru/imyidagaduro/article/esekoko-facebook-ni-zindi-zikora-nkayo-wa-biboneraho,entertainment,Esekoko facebook ni zindi zikora nkayo wa biboneraho urukundo?,entertainment,0.3634,512,True
http://muhabura.rw/amakuru/imyidagaduro/article/igitaramo-cya-big-farious-yari-kuzataramira-mu-rwanda,entertainment,Igitaramo cya Big Farious yari kuzataramira mu Rwanda cyahagaze.,entertainment,0.9874,364,False
http://muhabura.rw/amakuru/imyidagaduro/article/abahanzi-10-bakunzwe-kurusha-abandi-mu-rwanda,entertainment,Abahanzi 10 bakunzwe kurusha abandi mu Rwanda,entertainment,0.9819,512,True
http://muhabura.rw/amakuru/imyidagaduro/article/ese-abahanzi-bitabiriye-itorero-ry-igihugu-aho-baba,entertainment,Ese abahanzi bitabiriye itorero ry'igihugu aho baba biteguye kuzingatira indangagaciro z'umuco nyarwanda?,entertainment,0.9597,512,True
http://muhabura.rw/amakuru/imyidagaduro/article/abahanzi-bu-rwanda-ubu-barabarizwa-inkumba-mw-itorero-ry,entertainment,Abahanzi Nyarwanda ubu barabarizwa inkumba mw'Itorero ry' Igihugu.,entertainment,0.8437,491,False
http://muhabura.rw/amakuru/imyidagaduro/article/drake-ari-mu-mazi-abira-nyuma-yo-gushotora-chris-brown-n,entertainment,Drake ari mu mazi abira nyuma yo gushotora Chris Brown n'umukunzi we,entertainment,0.9836,367,False
http://muhabura.rw/amakuru/imyidagaduro/article/ba-uwambere-kumva-indirimbo-nshya-ya-christopher,entertainment,Ba uwambere kumva indirimbo nshya ya Christopher,entertainment,0.9855,30,False
http://muhabura.rw/amakuru/imyidagaduro/article/amafoto-agaragaza-ko-urukundo-rwa-selena-gomez-na-justin,entertainment,Amafoto agaragaza ko urukundo rwa Selena Gomez na Justin Bieber ruri guca amarenga,entertainment,0.9583,321,False
http://muhabura.rw/amakuru/imyidagaduro/article/imyitwarire-ya-tyga-n-umukunzi-we-kylie-jenner-ikomeje,entertainment,Imyitwarire ya Tyga n'umukunzi we Kylie Jenner ikomeje kuvugisha benshi.,entertainment,0.8809,333,False
http://muhabura.rw/amakuru/imyidagaduro/article/amakuru-y-impamo-kandi-ukwiye-ku-menya-jay-polly-niumwe-mu,entertainment,Amakuru y'impamo kandi ukwiye ku menya: Jay polly ni umwe mu bagize Tuff Gang nk'uko bisanzwe,entertainment,0.9846,315,False
http://muhabura.rw/amakuru/imyidagaduro/article/guhindura-izina-byavuyemo-kugenda-agiye-umuhanzi-nyarwanda,entertainment,Guhindura izina byavuyemo kugenda agiye :Umuhanzi Nyarwanda ukorera muzika muri France,entertainment,0.9797,297,False
http://muhabura.rw/amakuru/imyidagaduro/article/ku-myaka-2-y-amavuko-umukobwa-wa-kanye-west-yatangiye,entertainment,Ku myaka 2 y'amavuko umukobwa wa kanye west yatangiye gutungura benshi mu myambarire,entertainment,0.9687,292,False
http://muhabura.rw/amakuru/imyidagaduro/article/dore-impamvu-jay-z-abona-nick-jonas-nka-justin-tumbalake-w,entertainment,Dore impamvu Jay-Z abona Nick Jonas nka Justin Tumbalake w'ahazaza,entertainment,0.9893,293,False
http://muhabura.rw/amakuru/imyidagaduro/article/tanga-abandi-kumva-indirimbo-nshya-y-itsinda-sauti-sol,entertainment,Tanga abandi kumva indirimbo nshya y'itsinda Sauti Sol,entertainment,0.9783,60,False
http://muhabura.rw/amakuru/imyidagaduro/article/umuhanzikazi-juliana-na-dr-jose-chameleone-batangiye,entertainment,Umuhanzikazi Juliana na Dr Jose Chameleone batangiye gukemangwa,entertainment,0.9859,367,False
http://muhabura.rw/amakuru/imyidagaduro/article/usa-icyemezo-kanye-west-yafashe-cyo-kuziyamamariza-kuyobora,entertainment,USA: Icyemezo Kanye west yafashe cyo kuziyamamariza kuyobora America cyatunguye benshi,entertainment,0.9818,286,False
http://muhabura.rw/amakuru/imyidagaduro/article/mu-mafoto-ibihe-by-ingenziu-ubusesenguzi-n-udushya-byaranze,entertainment,"Mu mafoto: Ibihe by'ingenzi, ubusesenguzi n'udushya byaranze igitaramo cya Islael Mbonyi",entertainment,0.961,289,False
http://muhabura.rw/amakuru/imyidagaduro/article/ibidasanzwe-byaranze-itangwa-ry-ibihembo-bya-bet-awards,entertainment,Ibidasanzwe byaranze itangwa ry'Ibihembo bya BET Awards,entertainment,0.9859,512,True
http://muhabura.rw/amakuru/imyidagaduro/article/umuhanzui-bobi-wine-yatawe-muri-yombi,entertainment,Amafoto: Umuhanzi Bobi Wine wari watawe muri yombi yarekuwe ikitaraganya,entertainment,0.9062,443,False
http://muhabura.rw/amakuru/imyidagaduro/article/bruce-melody-yakuwe-mu-bagomba-kuririmbana-na-jason-derulo,entertainment,Bruce Melody yakuwe mu bagomba kuririmbana na Jason Derulo,entertainment,0.986,512,True
http://muhabura.rw/amakuru/imyidagaduro/article/dore-impamvu-zatumye-rihanna-akubitwa-n-uwahoze-ari,entertainment,Dore Impamvu zatumye Rihanna akubitwa n'uwahoze ari umukunzi we,entertainment,0.9849,445,False
http://muhabura.rw/amakuru/imyidagaduro/article/umugore-wa-diamond-yagizwe-umuyobozi-ushinzwe-kugenzura,entertainment,Umugore wa Diamond yagizwe umuyobozi ushinzwe imitungo ya nyakwigendera Ivan,entertainment,0.9469,310,False
http://muhabura.rw/amakuru/imyidagaduro/article/amafoto-adasanzwe-yaranze-igitaramo-justin-bieber-n-abandi,entertainment,Amafoto adasanzwe yaranze Igitaramo Justin Bieber n'abandi bahanzi bakoreye mu bwongereza,entertainment,0.9878,179,False
http://muhabura.rw/amakuru/imyidagaduro/article/diamond-agarutse-gutaramira-abanyarwanda,entertainment,Diamond agarutse gutaramira Abanyarwanda,entertainment,0.9895,436,False
http://muhabura.rw/amakuru/imyidagaduro/article/amafoto-umukobwa-w-umunyeshuli-muri-kaminuza-ari-mu-mazi,entertainment,Amafoto: Umunyeshuli muri kaminuza wagaragaje amafoto y'ubwambure bwe ari mu mazi abira,health,0.7774,271,False
http://muhabura.rw/amakuru/imyidagaduro/article/umuririmbyikazi-ariana-uherutse-kurusimbuka-arategakanya,entertainment,Umuririmbyikazi Ariana uherutse kurusimbuka arategakanya gusubira mu mugi wa Mancherster,entertainment,0.9798,358,False
http://muhabura.rw/amakuru/imyidagaduro/article/urutonde-rw-abegukanye-ibihembo-bya-billboard-music-awards,entertainment,Urutonde rw'abegukanye ibihembo bya Billboard Music Awards,entertainment,0.9819,512,True
http://muhabura.rw/amakuru/imyidagaduro/article/bruce-melody-yamaze-kwerekeza-muri-kenya,entertainment,Bruce Melody yamaze kwerekeza muri Kenya,entertainment,0.989,233,False
http://muhabura.rw/amakuru/imyidagaduro/article/madame-jeannete-kagame-na-mugenzi-we-margarette-kenyatta,entertainment,Madame Jeannete Kagame na mugenzi we Margarette Kenyatta bakoze urugendo rwa 7 km,economy,0.5931,267,False
http://muhabura.rw/amakuru/imyidagaduro/article/icyo-oda-paccy-avuga-ku-ipantaro-yamucikiyeho-ari-ku,entertainment,Icyo Oda Paccy avuga ku ipantaro yamucikiyeho ari ku rubyiniro,entertainment,0.989,293,False
http://muhabura.rw/amakuru/imyidagaduro/article/madamu-jeannette-kagame-na-margaret-kenyatta-bazitabira,entertainment,Madamu Jeannette Kagame na Margaret Kenyatta bazitabira isiganwa ku maguru 'Kigali Peace Marathon',health,0.3477,447,False
http://muhabura.rw/amakuru/imyidagaduro/article/kera-kabaye-radio-agiye-gukora-ubukwe-ku-mugaragaro,entertainment,Kera kabaye Radio wo mu itsinda rya GoodLife agiye gukora ubukwe ku mugaragaro,entertainment,0.9793,327,False
http://muhabura.rw/amakuru/imyidagaduro/article/davido-yihakanye-umwana-we-w-imfura-bitungura-abantu,entertainment,Davido yihakanye umwana we w'imfura bibabaza umugore we wa mbere,entertainment,0.9872,84,False
http://muhabura.rw/amakuru/imyidagaduro/article/urban-boys-yashyize-hanze-amashusho-y-indirimbo-yitwa-nipe-3877,entertainment,"Urban Boys yashyize hanze amashusho y'indirimbo yitwa ""Nipe""",entertainment,0.9878,353,False
http://muhabura.rw/amakuru/imyidagaduro/article/vin-diesel-yaririmbye-mu-birori-bya-billboard-music-award,entertainment,Vin Diesel yaririmbye mu birori bya Billboard Music Award,entertainment,0.9837,512,True
http://muhabura.rw/amakuru/imyidagaduro/article/mu-mafoto-irebere-ubwiza-bw-inyubako-drake-atuyemo,entertainment,Mu mafoto: Irebere ubwiza bw'inyubako Drake atuyemo,entertainment,0.985,258,False
http://muhabura.rw/amakuru/imyidagaduro/article/elton-john-yahagaritse-ibitaramo-mu-buryo-butunguranye,entertainment,Elton John yahagaritse ibitaramo mu buryo butunguranye,entertainment,0.981,315,False
http://muhabura.rw/amakuru/imyidagaduro/article/emmy-na-priscillah-basohoye-amashusho-y-indirimbo-bakoranye,entertainment,Emmy na Priscillah basohoye amashusho y'indirimbo bakoranye (Video),entertainment,0.9694,161,False
http://muhabura.rw/amakuru/imyidagaduro/article/umubyeyi-wa-ak47-yeguye-ikirego-cy-umuntu-ushinjw-kwica,entertainment,Umubyeyi wa AK47 Yeguye ikirego cy'umuntu ushinjwa kwica umwana we,health,0.6678,512,True
http://muhabura.rw/amakuru/imyidagaduro/article/charly-na-nina-bagiye-gukora-ibitaramo-bitatu-ku-mugabane-w,entertainment,Charly na Nina bagiye gukora ibitaramo bitatu ku mugabane w'i Burayi,entertainment,0.9897,344,False
http://muhabura.rw/amakuru/imyidagaduro/article/miss-chanel-yashyize-hanze-amafoto-agaragaza-ko-akuriwe,entertainment,Miss Chanel yashyize hanze amafoto agaragaza ko akuriwe,entertainment,0.9665,296,False
http://muhabura.rw/amakuru/imyidagaduro/article/diplomate-yungutse-umujyanama-mushya-bazafatanya-mu,entertainment,Diplomate yungutse umujyanama mushya bazafatanya mu kuzamura ibikorwa bye,entertainment,0.9908,512,True
http://muhabura.rw/amakuru/imyidagaduro/article/u-rwanda-rusanga-uganda-idakwiye-kubabazwa-n-inkoko-zayo,entertainment,U Rwanda rusanga Uganda idakwiye kubabazwa n'inkoko zayo zakumiriwe ku isoko,politics,0.4774,512,True
http://muhabura.rw/amakuru/imyidagaduro/article/umukinnyi-wa-filime-ukomeye-ku-isi-yaje-gufatira-amafoto-mu,entertainment,Umukinnyi wa filime ukomeye ku isi yaje gufatira amafoto mu Rwanda,entertainment,0.9859,324,False
http://muhabura.rw/amakuru/imyidagaduro/article/king-james-yavuze-ko-kuba-adakururana-n-abakobwa-bitavuze,entertainment,King James yavuze ko kuba adakururana n'abakobwa bitavuze ko akundana n'abahungu bagenzi be,entertainment,0.9866,508,False
http://muhabura.rw/amakuru/imyidagaduro/article/abakobwa-bane-ni-bo-bitabiriye-miss-rwanda-i-huye,entertainment,Abakobwa bane ni bo bitabiriye Miss Rwanda i Huye,entertainment,0.8923,512,True
http://muhabura.rw/amakuru/imyidagaduro/article/p-fla-yamaze-gukatirwa-menya-igifungu-yakatiwe,entertainment,"P Fla yamaze gukatirwa- ""Menya igifungu yakatiwe""",health,0.5934,235,False
http://muhabura.rw/amakuru/imyidagaduro/article/jacqueline-wolper-yatangaje-ko-yatandukanye-na-harmonize,entertainment,Jacqueline Wolper yatangaje ko yatandukanye na Harmonize ubarizwa muri WASAFI iyoborwa na Diamond,entertainment,0.9818,389,False
http://muhabura.rw/amakuru/imyidagaduro/article/nick-minaj-yatangaje-ko-ubu-umuryango-ufunguriye-buri-wese,entertainment,Nick Minaj yatangaje ko ubu umuryango ufunguriye buri wese m'urukundo,entertainment,0.9673,230,False
http://muhabura.rw/amakuru/imyidagaduro/article/kim-kardashian-yarakumbuwe-n-abakunzi-be-ku-rubuga-rwa,entertainment,Kim Kardashian yarakumbuwe n'abakunzi be ku rubuga rwa Instagram,entertainment,0.9676,308,False
http://muhabura.rw/amakuru/imyidagaduro/article/burundi-amagambo-charly-na-nina-babwiye-abasore-yatumye,entertainment,Burundi: Amagambo Charly na Nina babwiye abasore yatumye kwihangana byanga,entertainment,0.9848,392,False
http://muhabura.rw/amakuru/imyidagaduro/article/the-ben-yabaye-umuhanzi-uciye-agahigo-kataragerwaho-n-undi,entertainment,The Ben yabaye umuhanzi uciye agahigo kataragerwaho n'Undi muhanzi Nyarwanda,entertainment,0.9894,512,True
http://muhabura.rw/amakuru/imyidagaduro/article/koffi-olomide-yaje-gutaramira-abanyarwanda-mu-mpera-z,entertainment,Koffi Olomide yaje gutaramira Abanyarwanda mu mpera z'umwaka wa 2016,entertainment,0.9747,344,False
http://muhabura.rw/amakuru/imyidagaduro/article/social-mula-na-danny-vumbi-bagiye-guha-ab-i-rusizi-iminsi,entertainment,Social Mula na Danny Vumbi bagiye guha ab'i Rusizi iminsi mikuru,entertainment,0.9875,463,False
http://muhabura.rw/amakuru/imyidagaduro/article/mu-ruhiri-rw-ibibazo-the-ben-yakirijwe-n-abanyamakuru,entertainment,"Mu ruhuri rw'Ibibazo The Ben yakirijwe n'Abanyamakuru harimo n'Impamvu yatorotse u Rwanda- ""Icyo yabivuzeho""",entertainment,0.9784,512,True
http://muhabura.rw/amakuru/imyidagaduro/article/the-ben-yasazwe-n-amarira-ku-kibuga-cy-indege-i-kanombe,entertainment,The Ben yasazwe n'amarira ku kibuga cy'indege i Kanombe,entertainment,0.975,373,False
http://muhabura.rw/amakuru/imyidagaduro/article/bimaze-kwigaragaza-ko-n-abanyarwandakazi-bashoboye-umuziki,entertainment,"Bimaze kwigaragaza ko n'abanyarwandakazi bashoboye umuziki, kuri Jenny ngo igihe ni iki cyo gutinyuka",entertainment,0.9884,501,False
http://muhabura.rw/amakuru/imyidagaduro/article/amafoto-justin-beiber-yarusimbutse-ngo-bijya-kuba-yari,entertainment,"Amafoto! Justin Beiber yarusimbutse, ngo bijya kuba yari yataye umutwe",entertainment,0.973,282,False
http://muhabura.rw/amakuru/imyidagaduro/article/amashusho-n-amafoto-gahunga-ya-made-in-rwanda-yageze-no,entertainment,Amashusho n'amafoto: Gahunda ya Made in Rwanda yageze no muri Cartoon/dessin anime (ibitente),entertainment,0.824,438,False
http://muhabura.rw/amakuru/imyidagaduro/article/nyuma-yo-kwegurakana-igihembo-cy-umuntu-ukoresha-imbuga,entertainment,Nyuma yo kwegukana Igihembo cy'ukoresha imbuga nkoranya mbaga Patycope yatangaje ibanga akoresha,entertainment,0.9229,512,True
http://muhabura.rw/amakuru/imyidagaduro/article/tora-kandi-uheshe-amahirwe-umuhanzi-ukunda-muri-salax,entertainment,Tora kandi uheshe amahirwe umuhanzi ukunda muri Salax Awards 2016,entertainment,0.9808,288,False
http://muhabura.rw/amakuru/imyidagaduro/article/amafoto-umugore-wa-john-legend-yakoresheje-sport-mu-kwereka,entertainment,Amafoto: Umugore wa John Legend yakoresheje Sport mu kwereka isi yose ko afite rukuruzi,entertainment,0.9776,204,False
http://muhabura.rw/amakuru/imyidagaduro/article/the-ben-ayoboye-tom-close-na-just-family-ku-ndirimbo-zabo,entertainment,"The Ben imbere ya Tom Close na Just Family ku ndirimbo zifite amazina y'imodoka, Ferrari na Hummer, Isi Ya Muzika ...",entertainment,0.9781,206,False
http://muhabura.rw/amakuru/imyidagaduro/article/kim-kardashian-ngo-ntakifuza-kanye-weste-kubera-ibyo-yise,entertainment,"Kim Kardashian ngo ntakifuza Kanye Weste kubera ibyo yise Palapala ze, Dore ibyo Weste yaganiriye na Trump",entertainment,0.9758,428,False
http://muhabura.rw/amakuru/imyidagaduro/article/mutesi-jolly-yaje-mu-bakobwa-24-bazatoranyamo-nyampinga,entertainment,Mutesi Jolly yaje mu bakobwa 24 bazatoranywamo nyampinga uhiga abandi ku isi,entertainment,0.9889,429,False
http://muhabura.rw/amakuru/imyidagaduro/article/mu-mafoto-miss-jolly-na-bagenzi-be-batembereye-mu-mujyi-wa,entertainment,Mu mafoto :Miss Jolly na bagenzi be batembereye mu Mujyi wa New York,entertainment,0.8635,406,False
http://muhabura.rw/amakuru/imyidagaduro/article/ebyiri-zitwa-ubuzima-impinduka-n-uburyohe-mu-isi-ya-muzika,entertainment,"Oda Paccy yigaranzura Danny Vumbi, ebyiri Zitwa Ubuzima !! Impinduka n'uburyohe mu Isi Ya Muzika Top10",entertainment,0.9845,226,False
http://muhabura.rw/amakuru/imyidagaduro/article/miss-supranational-2016-nyampinga-akiwacu-yatangaje-ko,entertainment,Miss Supranational 2016:Nyampinga Akiwacu yatangaje ko yishimiye kuba yarahesheje ishema igihugu cye,entertainment,0.3339,512,True
http://muhabura.rw/amakuru/imyidagaduro/article/umuhanzikazi-cindy-azwiho-cyane-gukora-indirimbo-zibyinitse,entertainment,Umuhanzikazi Cindy azwiho cyane gukora indirimbo zibyinitse akunzwe na benshi i Kigali,entertainment,0.9869,512,True
http://muhabura.rw/amakuru/imyidagaduro/article/bidasubirwaho-umuhanzi-mugisha-benjamin-the-ben-agarutse-i,entertainment,Bidasubirwaho umuhanzi Mugisha Benjamin (The Ben) agarutse i Kigali nyuma y'imyaka 6,entertainment,0.9881,284,False
http://muhabura.rw/amakuru/imyidagaduro/article/amafoto-ese-koko-liam-payne-umwe-mu-bari-bagize-one,entertainment,"Amafoto: Ese koko Liam Payne, umwe mu bari bagize One Direction yaba agiye kwibaruka?",entertainment,0.914,213,False
http://muhabura.rw/amakuru/imyidagaduro/article/nk-uko-bidakwiye-kwitiranya-islam-n-iterabwoba-ni-na-ko,entertainment,"""Nk'uko bidakwiye kwitiranya Islam n'iterabwoba, ni na ko Hiphop idasobanura ibiyobyabwenge"" Wing Man",entertainment,0.9771,512,True
http://muhabura.rw/amakuru/imyidagaduro/article/the-ben-arashinjwa-ubwambuzi-mu-ifatwa-ry-amashusho-y,entertainment,The Ben arashinjwa ubwambuzi mu ifatwa ry'amashusho y'Indirimbo ye Habibi,entertainment,0.9896,512,True
http://muhabura.rw/amakuru/imyidagaduro/article/ntawe-ushimishwa-no-kuvugwa-nabi-ariko-wigiramo-byinshi,entertainment,"Ntawe ushimishwa no kuvugwa nabi ariko wigiramo byinshi- ""Annet Mugabo""",entertainment,0.9787,512,True
http://muhabura.rw/amakuru/imyidagaduro/article/birabaye-ya-danny-vumbi-yabikoze-imbere-y-igikuba-ya-pacy,entertainment,"Birabaye ya Danny Vumbi yabikoze imbere y'Igikuba ya Pacy, Isi Ya Muzika Top10",entertainment,0.975,207,False
http://muhabura.rw/amakuru/imyidagaduro/article/nyir-ibyago-we-umukinnyi-wa-film-yahuye-n-uruva-gusenya,entertainment,Nyir'ibyago we…. Umukinnyi wa Film yahuye n'uruva gusenya nyuma yo gufatwa ari kwiba iPhones 9,entertainment,0.9588,317,False
http://muhabura.rw/amakuru/imyidagaduro/article/ese-ko-rubavu-ari-iwabo-w-impano-za-ruhago-mu-muziki-ho,entertainment,"Ese ko Rubavu ari iwabo w'impano za ruhago, mu muziki ho byifashe gute? Duhere hasi kuri The Future men",entertainment,0.9868,512,True
http://muhabura.rw/amakuru/imyidagaduro/article/amafoto-yinjiye-iyi-nganzo-bamwita-umusazi-none-biramutunze,entertainment,Amafoto: Yinjiye iyi nganzo bamwita umusazi none biramutunze n'abana be batanu,health,0.9833,462,False
http://muhabura.rw/amakuru/imyidagaduro/article/clement-na-knowless-mu-byishimo-bidasanzwe-nyuma-kwibaruka,entertainment,Clement na Knowless mu byishimo bidasanzwe nyuma kwibaruka imfura yabo,entertainment,0.9857,232,False
http://muhabura.rw/amakuru/imyidagaduro/article/n-ubwo-umuhungu-wa-diamond-na-zari-atari-yavuka-izina-rye,entertainment,"N'ubwo umuhungu wa Diamond na Zari atari yavuka, izina rye ryamenyekanye",entertainment,0.9505,168,False
http://muhabura.rw/amakuru/imyidagaduro/article/amwe-mu-mateka-y-umuhanzi-jose-chameleone-n-ibintu-10,entertainment,Amwe mu mateka y'Umuhanzi Jose Chameleone n'ibintu 10 utigize umumenyaho,entertainment,0.9818,512,True
http://muhabura.rw/amakuru/imyidagaduro/article/uncle-austi-yashyize-hanze-indirimbo-avuga-ko,entertainment,Uncle Austin yashyize hanze indirimbo avuga ko izamuhindurira amateka,entertainment,0.9896,269,False
http://muhabura.rw/amakuru/imyidagaduro/article/ese-birashoboka-ko-na-twe-twaha-agaciro-impano-y-umwana,entertainment,Ese birashoboka ko na twe twaha agaciro impano y'umwana mbere yo kumuhitiramo ibyo yiga mu ishuri?,fashion,0.4522,512,True
http://muhabura.rw/amakuru/imyidagaduro/article/serena-williams-mu-bwihisho-nyuma-yo-guterwa-inda-na-drake,entertainment,Serena Williams mu bwihisho nyuma yo guterwa inda na Drake,entertainment,0.9572,283,False
http://muhabura.rw/amakuru/imyidagaduro/article/ikiganiro-na-temarigwe-ii-ese-mu-rugo-arya-ibiryo-bingana,entertainment,Ikiganiro na Temarigwe II: Ese mu rugo arya ibiryo bingana iki?,health,0.4721,279,False
http://muhabura.rw/amakuru/imyidagaduro/article/amwe-mu-mateka-ya-diamond-platumz-n-uburyo-se-akomeje,entertainment,Amwe mu mateka ya Diamond Platumz n'uburyo se akomeje kumutakambira,entertainment,0.9883,512,True
http://muhabura.rw/amakuru/imyidagaduro/article/biteye-ubwoba-n-agahinda-illuminati-yamaze-kohereza-umugore,entertainment,Biteye Ubwoba n'agahinda! Illuminati yamaze kohereza umugore mu mugambi wo kuzimiza Chris Brown,entertainment,0.9452,415,False
http://muhabura.rw/amakuru/imyidagaduro/article/amafoto-yatengushye-abamutumiye-aza-gucana-urumuri-rwa,entertainment,Amafoto: Yatengushye abamutumiye aza gucana urumuri rwa Christmas yambaye hafi ubusa,entertainment,0.9621,469,False
http://muhabura.rw/amakuru/imyidagaduro/article/undi-mwirabura-ariko-w-umuraperi-azayobora-amerika-dna,entertainment,"Undi mwirabura ariko w'umuraperi azayobora Amerika, DNA zagaragaje ko akomoka kuri Martin Luther King.",entertainment,0.9371,221,False
http://muhabura.rw/amakuru/imyidagaduro/article/amafoto-nyuma-y-imyaka-10-yagarutse-mu-gakino-muri-bikini,entertainment,"Amafoto: Nyuma y'imyaka 10, yagarutse mu gakino na bikini itukura",entertainment,0.9624,218,False
http://muhabura.rw/amakuru/imyidagaduro/article/abajya-kwidagadurira-muri-zag-nut-kimisagara-uyu-mugoroba,entertainment,Abajya kwidagadurira muri Zag Nut Kimisagara uyu mugoroba barataramirwa n'Umuhanzi Social Mula,entertainment,0.9795,344,False
http://muhabura.rw/amakuru/imyidagaduro/article/mumumpere-amashyi-yakubise-incuro-melody-amag-buraban-n,entertainment,"Mumumpere amashyi yakubise incuro Melody, Amag, Buraban n'abandi, byumve mu Isi ya Muzika Top10",entertainment,0.9716,222,False
http://muhabura.rw/amakuru/imyidagaduro/article/n-ubwo-ashaje-jennifer-lopez-yashyize-hanze-ifoto,entertainment,"N'ubwo ashaje, Jennifer Lopez yashyize hanze ifoto tumenyereye ku bakiri inkumi",entertainment,0.9832,287,False
http://muhabura.rw/amakuru/imyidagaduro/article/mugisha-the-ben-agiye-gukorera-igitaramo-gikomeye-mu-mujyi,entertainment,Mugisha The Ben agiye gukorera igitaramo gikomeye mu Mujyi wa New York,entertainment,0.9891,334,False
http://muhabura.rw/amakuru/imyidagaduro/article/nyampinga-mutesi-jolly-ari-gukurikirana-umusore,entertainment,Nyampinga Mutesi Jolly ari gukurikirana umusore wamwiyitiriye akiba abantu amafaranga,entertainment,0.9769,512,True
http://muhabura.rw/amakuru/imyidagaduro/article/umukobwa-wa-perezida-obama-yashyizwe-mu-ihaniro,entertainment,Umukobwa wa Perezida Obama yashyizwe mu ihaniro,health,0.5024,325,False
http://muhabura.rw/amakuru/imyidagaduro/article/diamond-p-yemeye-ko-umugore-we-ajya-agirira-ishyari-abagore,entertainment,Diamond yemeye ko umugore we ajya agirira ishyari abagore n'abakobwa bamufana,entertainment,0.9535,246,False
http://muhabura.rw/amakuru/imyidagaduro/article/miss-shakira-wahoze-ari-miss-w-isi-yamaze-kuva-mu-mubiri-ku,entertainment,Miss Shakira wahoze ari Miss w'Isi yamaze kuva mu mubiri ku myaka 30 y'amavuko,entertainment,0.8007,320,False
http://muhabura.rw/amakuru/imyidagaduro/article/umuvugizi-wa-koffi-olomide-jules-nsana-yahamije-ko-yavuye,entertainment,Umuvugizi wa Koffi Olomide Jules Nsana yahamije ko yavuye mu buroko,entertainment,0.9675,442,False
http://muhabura.rw/amakuru/imyidagaduro/article/katauti-arambiwe-abavuga-ibyo-bishakiye-ku-mubano-we-n,entertainment,Katauti arambiwe abavuga ibyo bishakiye ku mubano we n'umugore we Irene,entertainment,0.9381,367,False
http://muhabura.rw/amakuru/imyidagaduro/article/ku-nshuro-yayo-ya-6-igiye-kubera-mu-rwanda-kigali-up,entertainment,Ku nshuro yayo ya 6 igiye kubera mu Rwanda Kigali Up Festival yahinduye byinshi,entertainment,0.9801,512,True
http://muhabura.rw/amakuru/imyidagaduro/article/katauti-yagize-icyo-avuga-ku-mubano-we-na-oprah,entertainment,Katauti yagize icyo avuga ku mubano we na Oprah,entertainment,0.9621,477,False
http://muhabura.rw/amakuru/imyidagaduro/article/arthur-and-kansiime-live-isomo-bategura-ibitaramo-hano-mu,entertainment,"""Arthur and Kansiime Live""-Isomo bategura ibitaramo hano mu Rwanda –Reba Amafoto yaranze igitaramo",entertainment,0.9849,512,True
http://muhabura.rw/amakuru/imyidagaduro/article/ingabire-jeanne-d-arc-uzwi-nka-knowless-yishimiwe,entertainment,Ingabire Jeanne d'Arc uzwi nka Knowless yishimiwe bidasanzwe n'abakunzi be mu Ruhango,entertainment,0.9794,512,True
http://muhabura.rw/amakuru/imyidagaduro/article/anne-kansiime-yatangaje-impamvu-yishimira-kuba-umugande,entertainment,Anne Kansiime yatangaje impamvu yishimira kuba Umugande,health,0.6061,340,False
http://muhabura.rw/amakuru/imyidagaduro/article/indirimbo-eshanu-zikunzwe-kurusha-izindi-muri-iki-cyumweru,entertainment,Indirimbo Eshanu zikunzwe kurusha izindi muri iki cyumweru turi gusoza,entertainment,0.9894,253,False
http://muhabura.rw/amakuru/imyidagaduro/article/jay-polly-yagize-icyo-avuga-ku-ndirimbo-yitwa-sagihobe-ya,entertainment,"Jay Polly yagize icyo avuga ku ndirimbo yitwa ""Sagihobe"" ya Fireman",entertainment,0.6826,512,True
http://muhabura.rw/amakuru/imyidagaduro/article/meddy-yashyize-hanze-indrimbo-yuje-amarangamutima-yumve,entertainment,"Meddy yashyize hanze indrimbo yuje amarangamutima- ""Yumve hano""",entertainment,0.9884,283,False
http://muhabura.rw/amakuru/imyidagaduro/article/rihanna-yasubukuye-igitaramo-cye-mu-bufaransa-reba,entertainment,"Rihanna yasubukuye igitaramo cye mu bufaransa -""Reba amashusho""",entertainment,0.987,512,True
http://muhabura.rw/amakuru/imyidagaduro/article/abagize-mafikizolo-bagaragaje-amarangamutima-ku-kuririmbira,entertainment,Abagize Mafikizolo bagaragaje amarangamutima ku kuririmbira mu Rwanda,entertainment,0.9696,512,True
http://muhabura.rw/amakuru/imyidagaduro/article/olivis-yaba-agiye-kwiyomora-ikiguma-yatewe-na-vanessa,entertainment,Olivis yaba agiye kwiyomora ikiguma yatewe na Vanessa,entertainment,0.9618,260,False
http://muhabura.rw/amakuru/imyidagaduro/article/amafoto-10-atangaje-ya-senderi-international-hit,entertainment,Amafoto 10 atangaje ya Senderi International Hit,entertainment,0.9869,189,False
http://muhabura.rw/amakuru/imyidagaduro/article/chameleon-yitakanye-iby-amakimbirane-ye-na-diamond,entertainment,Chameleon yitakanye iby'amakimbirane ye na Diamond,entertainment,0.9869,416,False
http://muhabura.rw/amakuru/imyidagaduro/article/nkusi-arthur-agiye-guhagararira-u-rwanda-mu-iserukiramuco,entertainment,Nkusi Arthur agiye guhagararira u Rwanda mu Iserukiramuco ryo gusetsa,religion,0.5112,362,False
http://muhabura.rw/amakuru/imyidagaduro/article/bobi-wine-yatangaje-igihe-azahagarikira-muzika-akerekeza,entertainment,Bobi wine yatangaje igihe azahagarikira muzika akerekeza muri Politiki,politics,0.8045,209,False
http://muhabura.rw/amakuru/imyidagaduro/article/radio-na-weasel-batunguye-abanya-kenya-reba-amafoto,entertainment,"Radio na Weasel batunguye abanya Kenya – ""Reba Amafoto""",entertainment,0.9805,250,False
http://muhabura.rw/amakuru/imyidagaduro/article/ifoto-ya-sheebah-kirungi-yateje-ikibazo-i-kampala,entertainment,Ifoto ya Sheebah Kirungi yateje ikibazo I Kampala,entertainment,0.9835,200,False
http://muhabura.rw/amakuru/imyidagaduro/article/mu-mafoto-ba-nyampinga-b-u-rwanda-hamwe-n-abakunzi-cyangwa,entertainment,Mu Mafoto: Ba Nyampinga b'u Rwanda hamwe n'abakunzi cyangwa Abagabo babo,entertainment,0.9784,512,True
http://muhabura.rw/amakuru/imyidagaduro/article/all-white-party-igitaramo-kizasiga-amateka-mu-ruhando-rw,entertainment,"""All White Party""- Igitaramo kizasiga Amateka mu ruhando rw'imyidagaduro hano mu Rwanda",entertainment,0.9871,512,True
http://muhabura.rw/amakuru/imyidagaduro/article/pallaso-akomeje-guhamya-ko-jeff-kiwa-ariwe-wishe-ak47,entertainment,Pallaso akomeje guhamya ko Jeff Kiwa ariwe wishe AK47,entertainment,0.9564,378,False
http://muhabura.rw/amakuru/imyidagaduro/article/kuba-umusitari-byanyibagije-kugira-urukundo-rw-ukuri-mr,entertainment,"Kuba umusitari byanyibagije kugira urukundo rw'ukuri. ""Mr Blue""",entertainment,0.9866,499,False
http://muhabura.rw/amakuru/imyidagaduro/article/itariki-ya-04-nyakanga-kuri-nge-ni-umunsi-abanyarwanda,entertainment,"Itariki ya 04 Nyakanga kuri nge ni Umunsi Abanyarwanda babonye Ubuzima –""Asinah Erra""",entertainment,0.9782,512,True
http://muhabura.rw/amakuru/imyidagaduro/article/kwibohora-22-social-mula-yashimiye-perezida-kagame,entertainment,Kwibohora 22: Social Mula yashimiye Perezida Kagame,entertainment,0.4819,511,False
http://muhabura.rw/amakuru/imyidagaduro/article/sinitaye-kubangiza-izina-ryange-kuko-abankeneye-aribo,entertainment,"Sinitaye kubangiza izina ryange kuko abankeneye aribo benshi- ""Wema Sepetu""",entertainment,0.9826,265,False
http://muhabura.rw/amakuru/imyidagaduro/article/ntakiryoha-kurusha-urukundo-ariko-ruryohera-abakundana,entertainment,"Ntakiryoha kurusha urukundo,ariko ruryohera abakundana. ""Syiyaro""",entertainment,0.9868,453,False
http://muhabura.rw/amakuru/imyidagaduro/article/wizkid-yasangiye-na-reverend-jesse-jackson-i-chicago-reba,entertainment,"Wizkid yasangiye na Reverend Jesse Jackson I Chicago- ""Reba ifoto""",entertainment,0.9877,163,False
http://muhabura.rw/amakuru/imyidagaduro/article/umuziki-wange-ugamije-iterambere-elly-k-the-gift,entertainment,"Umuziki wange ugamije iterambere ""Elly K the Gift""",entertainment,0.988,497,False
http://muhabura.rw/amakuru/imyidagaduro/article/radio-k-fm-yari-imenyereweho-abanyamakuru-nka-mc-tino-na,entertainment,Radio K FM yari imenyereweho Abanyamakuru nka MC Tino na Ginty yamaze gufunga imiryango,entertainment,0.5021,419,False
http://muhabura.rw/amakuru/imyidagaduro/article/weasel-na-radio-ntibazongera-kwangiza-isura-ya-muzika,entertainment,"Weasel na Radio Ntibazongera kwangiza isura ya muzika ""Khalifa Aganaga""",entertainment,0.9827,352,False
http://muhabura.rw/amakuru/imyidagaduro/article/nduwimana-jean-paul-waririmbye-murabeho-yatangaje-impamvu,entertainment,"Nduwimana Jean Paul waririmbye ""Murabeho"" yatangaje ko atigeze ahunga uruhando rwa muzika",entertainment,0.9883,512,True
http://muhabura.rw/amakuru/imyidagaduro/article/indirimbo-ya-papa-wemba-na-diamond-bise-chacun-pour-soi,entertainment,"Indirimbo ya Papa Wemba na Diamond bise ""Chacun pour soi"" yagiye hanze",entertainment,0.98,512,True
http://muhabura.rw/amakuru/imyidagaduro/article/muzika-n-ibisa-nabyo-nibwo-buzima-bwange-dj-tyga,entertainment,"Muzika n'ibisa nabyo nibwo buzima bwange -""Dj Tyga""",entertainment,0.9864,512,True
http://muhabura.rw/amakuru/imyidagaduro/article/miss-teta-sandra-yavanyeho-urujijo-ahamya-ko-ugutandukana,entertainment,"Miss Teta Sandra yavanyeho urujijo, ahamya ko ugutandukana kwe na Derek ntaho guhuriye na Vanessa wanze Olivis",entertainment,0.9534,512,True
http://muhabura.rw/amakuru/imyidagaduro/article/umunyamideli-zari-yatangiye-kuvugwa-mu-bibazo-n-umwiryane-n,entertainment,Umunyamideli Zari yatangiye kuvugwa mu bibazo n'umwiryane n'umugabo we Diamond Platnumz bafitanye,entertainment,0.9582,512,True
http://muhabura.rw/amakuru/imyidagaduro/article/olivis-yivuye-inyuma-maze-ashyira-hanze-amabanga-ye-na-miss,entertainment,Olivis yivuye Inyuma maze ashyira hanze amabanga ye na Miss Vanessa Uwase,entertainment,0.9452,512,True
http://muhabura.rw/amakuru/imyidagaduro/article/uziko-ukunzwe-cyane-ariko-ntiwarusha-kagame-paul-indirimbo,entertainment,Uziko ukunzwe cyane ariko ntiwarusha Kagame Paul indirimbo ya Theo Bose babireba,entertainment,0.9622,136,False
http://muhabura.rw/amakuru/imyidagaduro/article/iggy-azaelea-yatandukanye-bidasubirwaho-n-umukunzi-we,entertainment,Iggy Azaelea yatandukanye bidasubirwaho n'umukunzi we,entertainment,0.9784,316,False
http://muhabura.rw/amakuru/imyidagaduro/article/iyo-papa-aza-gukoresha-agakingirizo-ntago-mba-ndiho-katrina,entertainment,"Iyo papa aza gukoresha agakingirizo ntago mba ndiho- ""Katrina Nilzero""",entertainment,0.9862,199,False
http://muhabura.rw/amakuru/imyidagaduro/article/ibyamamare-clever-j-na-rafiki-cogastyle-bazataramira-muri,entertainment,Ibyamamare Clever J na Rafiki CogaStyle bazataramira muri ZAG NUT Bar and Restaurant Kimisagara kuri iki Cyumweru,entertainment,0.9856,254,False
http://muhabura.rw/amakuru/imyidagaduro/article/mico-the-best-yasusurukije-ab-i-rulindo-abagira-inamayo,entertainment,"Mico The Best yasusurukije Ab'I Rulindo abagira inamayo kwirinda Sida no gukoresha Agakingirizo mu gihe bibaye ngombwa –""Reba ...",health,0.8732,462,False
http://muhabura.rw/amakuru/imyidagaduro/article/indirimbo-eshanu-z-amashusho-zikunzwekurusha-izindi-hano-mu,entertainment,Indirimbo eshanu z'amashusho zikunzwekurusha izindi hano mu Rwanda,entertainment,0.9824,199,False
http://muhabura.rw/amakuru/imyidagaduro/article/ikimba-rya-nyampinga-w-ubwiza-ku-isura-muri-nigeria,entertainment,"Ikimba rya Nyampinga w'Ubwiza ku Isura muri Nigeria ryabonye nyiraryo- ""Amafoto""",entertainment,0.6603,163,False
http://muhabura.rw/amakuru/imyidagaduro/article/t-i-yafunguye-akabyiniro-k-abakobwa-bamansura-gusa-reba,entertainment,"T.I Yafunguye akabyiniro k'abakobwa bamansura gusa- ""Reba amashusho""",entertainment,0.9882,437,False
http://muhabura.rw/amakuru/imyidagaduro/article/reba-ifoto-ya-wizkid-ari-mu-bwiherero-ikomeje-guca-ibintu,entertainment,Reba Ifoto ya Wizkid ari mu bwiherero ikomeje guca ibintu kuri Interineti,entertainment,0.9892,144,False
http://muhabura.rw/amakuru/imyidagaduro/article/abakobwa-10-bo-muri-nigeria-bagaragaje-ubwiza-n-imiterere-y,entertainment,"Abakobwa 10 bo muri Nigeria bagaragaje ubwiza n'imiterere y'umubiri wabo iyo bambaye bikini- ""Reba Amafoto""",health,0.9376,100,False
http://muhabura.rw/amakuru/imyidagaduro/article/bright-bigger-ni-muntu-ki-byinshi-ku-rugendo-rwa-muzika-n,entertainment,Bright Bigger ni muntu ki? Byinshi ku rugendo rwa Muzika n'Amateka y'uyu muhanzi,entertainment,0.9555,512,True
http://muhabura.rw/amakuru/imyidagaduro/article/urban-boyz-yo-muri-road-show-y-i-nyamirambo-itandukanye,entertainment,"Urban boyz yo muri Road Show y'I Nyamirambo itandukanye cyane n'iyo muzabona I Ngoma –""Safi Madiba""",entertainment,0.9871,512,True
http://muhabura.rw/amakuru/imyidagaduro/article/anita-pendo-ntazibagirwa-umusore-wapfuye-baraye-basangiye,entertainment,Anita Pendo ntazibagirwa Umusore wapfuye baraye basangiye,entertainment,0.8669,240,False
http://muhabura.rw/amakuru/imyidagaduro/article/ifoto-ya-jay-polly-irimo-kwibazwaho-na-benshi-niba-hari-aho,entertainment,Ifoto ya Jay Polly irimo kwibazwaho na benshi niba hari aho ihuriye no kujya mu bapfumu,entertainment,0.99,302,False
http://muhabura.rw/amakuru/imyidagaduro/article/ba-uwa-mbere-kureba-no-kumva-indirimbo-nshya-ya-kitoko,entertainment,Ba uwa mbere kureba no kumva Indirimbo nshya ya Kitoko yitiriye Alubumu ye ya kane,entertainment,0.9878,219,False
http://muhabura.rw/amakuru/imyidagaduro/article/amafoto-ya-rihanna-yambaye-ubusa-yashyizwe-ahagaragara-n,entertainment,"Amafoto ya Rihanna yambaye Ubusa yashyizwe ahagaragara n'inshuti ye –""Reba Amafoto hano""",entertainment,0.9699,343,False
http://muhabura.rw/amakuru/imyidagaduro/article/amwe-mu-mafoto-agaragara-mu-mashusho-y-indirimbo-only-you,entertainment,"Amwe mu mafoto agaragara mu mashusho y'Indirimbo ""Only You"" ya The Ben na Kayiranga Ben",entertainment,0.9881,147,False
http://muhabura.rw/amakuru/imyidagaduro/article/louise-mushikiwabo-yakiriye-miss-jolly-mu-biro-bya,entertainment,Louise Mushikiwabo yakiriye Miss Jolly mu biro bya Minisitiri w'Ububanyi n'amahanga,entertainment,0.8014,261,False
http://muhabura.rw/amakuru/imyidagaduro/article/babiri-bitabye-imana-mu-gitaramo-cyari-cyatumiwemo-ziza,entertainment,Babiri bitabye Imana mu gitaramo cyari cyatumiwemo Ziza Bafana,entertainment,0.9634,343,False
http://muhabura.rw/amakuru/imyidagaduro/article/sheebah-kirungi-akomeje-guca-agahigo-ko-gushyira-hanze,entertainment,Sheebah Kirungi akomeje guca agahigo ko gushyira hanze Amafoto agaragaza Ubwambure bwe,entertainment,0.9888,121,False
http://muhabura.rw/amakuru/imyidagaduro/article/knowless-yabwiye-yego-ishimwe-clement-umukunzi-we-w-igihe,entertainment,"Knowless yabwiye YEGO Ishimwe Clement, umukunzi we w'igihe kirekire",entertainment,0.988,512,True
http://muhabura.rw/amakuru/imyidagaduro/article/troy-ave-yarasiwe-mu-gitaramo-cy-umuhanzi-t-i,entertainment,Troy Ave yarasiwe mu gitaramo cy'Umuhanzi T.I,entertainment,0.8598,342,False
http://muhabura.rw/amakuru/imyidagaduro/article/ubutumwa-bw-urukukundo-kardashian-yageneye-kanye-west-ku,entertainment,Ubutumwa bw'urukukundo Kardashian yageneye Kanye West ku isabukuru y'imyaka ibiri babana,entertainment,0.9812,512,True
http://muhabura.rw/amakuru/imyidagaduro/article/umunsi-ku-munsi-hagenda-haboneka-abandi-bana-babyawe-n,entertainment,Umunsi ku munsi hagenda haboneka abandi bana babyawe n'Umuhanzi Radio,entertainment,0.9839,209,False
http://muhabura.rw/amakuru/imyidagaduro/article/mu-mafoto-ne-yo-na-diamond-bataramiye-abatuye-i-mwanza,entertainment,Mu mafoto: Ne-Yo na Diamond bataramiye abatuye i Mwanza,entertainment,0.982,349,False
http://muhabura.rw/amakuru/imyidagaduro/article/ibihugu-bigera-kuri-18-bizitabira-iserukiramuco-ubumuntu,entertainment,"Ibihugu bigera kuri 18 bizitabira Iserukiramuco ""Ubumuntu Festival""",entertainment,0.8255,483,False
http://muhabura.rw/amakuru/imyidagaduro/article/ese-wari-uziko-senderi-int-hit-yahoze-ari-umushoferi-wa,entertainment,Ese wari uziko Senderi Int Hit yahoze ari umushoferi wa Guverineri Bosenibamwe Aime?,entertainment,0.9872,429,False
http://muhabura.rw/amakuru/imyidagaduro/article/mu-mafoto-uko-byari-byifashe-muri-pggss6-i-karongi,entertainment,Mu mafoto: Uko byari byifashe muri PGGSS6 i Karongi,entertainment,0.9775,174,False
http://muhabura.rw/amakuru/imyidagaduro/article/urotonde-rw-abahatanira-bet-awards-2016-rwashyizwe,entertainment,Urotonde rw'abahatanira BET Awards 2016 rwashyizwe ahagaragara.,entertainment,0.9849,512,True
http://muhabura.rw/amakuru/imyidagaduro/article/kanye-west-agiye-kjyanwa-mu-nkiko,entertainment,Kanye West agiye kujyanwa mu nkiko,entertainment,0.9855,340,False
http://muhabura.rw/amakuru/imyidagaduro/article/mu-mafoto-reba-inzu-kylie-jenner-yaguze-miliyoni-6-z,entertainment,Mu mafoto: Reba inzu Kylie Jenner yaguze miliyoni 6 z'idorali,entertainment,0.4645,271,False
http://muhabura.rw/amakuru/imyidagaduro/article/umubyeyi-wa-michael-jackson-yajyanywe-mu-bitaro,entertainment,Umubyeyi wa Michael Jackson yajyanywe mu bitaro igitaraganya,entertainment,0.9649,379,False
http://muhabura.rw/amakuru/imyidagaduro/article/beyonce-agiye-gufashwa-na-se-umubyara-mu-bitaramo,entertainment,Beyonce agiye gufashwa na se umubyara mu bitaramo.,entertainment,0.984,291,False
http://muhabura.rw/amakuru/imyidagaduro/article/umunyarwandakazi-yaciye-agahigo-ku-rwego-rwa-afurika,entertainment,Umunyarwandakazi yaciye agahigo ku rwego rwa Afurika,entertainment,0.3912,229,False
http://muhabura.rw/amakuru/imyidagaduro/article/ese-wari-uziko-radio-yozaga-imodoka-ya-weasel-mbere-y-uko,entertainment,Ese wari uziko Radio yozaga imodoka ya Weasel mbere y'uko bakora itsinda Good Life? Byinshi ku rugendo rw'aba bahanzi,entertainment,0.9756,512,True
http://muhabura.rw/amakuru/imyidagaduro/article/gakenke-hakozwe-indirimbo-ihumuriza-abahungabanijwe-n-ibiza,entertainment,Gakenke: Hakozwe indirimbo ihumuriza abahungabanijwe n'Ibiza biherutse kubahekura,entertainment,0.9873,512,True
http://muhabura.rw/amakuru/iyobokamana/article/banze-kwishyura-ibihumbi-930-by-amadorari-ku-misoro-ngo,religion,Banze kwishyura ibihumbi 930 by'amadorari ku misoro ngo Imana ntibyemera birangira bishyuye miliyoni ebyiri z'amadorari,religion,0.978,512,True
http://muhabura.rw/amakuru/iyobokamana/article/perezida-kagame-arakibaza-uburyo-abanyamadini-muri-jenoside,religion,Perezida Kagame arakibaza uburyo abanyamadini muri Jenoside bahindutse abaranga b'aho abicwa bari,politics,0.8622,461,False
http://muhabura.rw/amakuru/iyobokamana/article/abanyamadini-bakwiye-kumva-ko-bafite-uruhare-runini-mu,religion,Abanyamadini bakwiye kumva ko bafite uruhare runini mu gukumira ibyaha-CIP Umutesi,politics,0.9882,512,True
http://muhabura.rw/amakuru/iyobokamana/article/bwa-mbere-ku-irayidi-mufti-w-u-rwanda-yavuze-ku-butumwa-bwa,religion,Bwa mbere ku irayidi Mufti w'u Rwanda yavuze ku butumwa bwa Vaticani,religion,0.9712,473,False
http://muhabura.rw/amakuru/iyobokamana/article/umuyobozi-wa-dove-hotel-yaguwe-gitumo-yakira-ruswa-y,religion,Umuyobozi wa Dove Hotel yaguwe gitumo yakira ruswa y'akayabo k'ibihumbi 500frw,politics,0.7629,324,False
http://muhabura.rw/amakuru/iyobokamana/article/menya-byinshi-ku-kwezi-gutagatifu-kwa-ramadhan-n-icyo,religion,Menya byinshi ku kwezi gutagatifu kwa Ramadhan n'icyo gusobanura ku ba Islam,religion,0.6497,512,True
http://muhabura.rw/amakuru/iyobokamana/article/mu-ntangiriro-z-ukuboza-2018-nibwo-hasakaye,religion,Wa mupadiri uherutse gusezera kuri uyu murimo agiye gukora ubukwe n'umukobwa bakuranye,religion,0.9853,229,False
http://muhabura.rw/amakuru/iyobokamana/article/perezida-kagame-yahaye-ikaze-abitabiriye-isengesho-ry,religion,Perezida Kagame yahaye ikaze abitabiriye isengesho ry'iminsi icyenda 'Ram Katha 2019' i Kigali[AMAFOTO],politics,0.9185,512,True
http://muhabura.rw/amakuru/iyobokamana/article/repubulika-ya-mbere-yayobowe-na-kayibanda-iyo,religion,Gasabo:Muri ADEPR bemeza ko bamaze gusobanukirwa ko kwibuka ari igikorwa k'ingenzi n'Imana yategetse Abayisilaheri,religion,0.8384,512,True
http://muhabura.rw/amakuru/iyobokamana/article/perezida-kenya-yatunguye-abakirisitu-ubwo-babonaga,religion,Perezida Kenyatta yatunguye abakirisitu ubwo yageraga ku rusengero wenyine nta murinzi afite,health,0.6235,512,True
http://muhabura.rw/amakuru/iyobokamana/article/papa-francisco-yihaye-umukoro-wo-kurinda-abana-bafatwa-ku,religion,Papa Francisco yihaye umukoro wo kurinda abana bafatwa ku ngufu n'abo yise 'amasega aryana',health,0.5294,409,False
http://muhabura.rw/amakuru/iyobokamana/article/sinifuza-kuzatunguka-imbere-y-imana-n-abantu-barwaye-bwaki,religion,sinifuza kuzatunguka imbere y'Imana n'abantu barwaye bwaki- Perezida Kagame,politics,0.96,512,True
http://muhabura.rw/amakuru/iyobokamana/article/ubushinjacyaha-bugiye-kujuririra-icyemezo-cy-irekurwa-ry,religion,Ubushinjacyaha bugiye kujuririra icyemezo cy'irekurwa ry'abo kwa Rwigara,politics,0.991,470,False
http://muhabura.rw/amakuru/iyobokamana/article/ababikira-babiri-bibye-amadorari-500-bayajyana-gukina,religion,Ababikira babiri bibye amadorari 500 bayajyana gukina urusimbi,health,0.8344,506,False
http://muhabura.rw/amakuru/iyobokamana/article/umupadiri-yishwe-n-amabandi-agiye-kubitsa-amaturo,religion,Umupadiri yishwe n'amabandi agiye kubitsa amaturo,health,0.694,367,False
http://muhabura.rw/amakuru/iyobokamana/article/perezida-kagame-yifurije-abayisilamu-umunsi-mwiza,religion,Perezida Kagame yifurije Abayisilamu Umunsi mwiza,politics,0.9507,330,False
http://muhabura.rw/amakuru/iyobokamana/article/nuko-ntimukiganyire-mugirango-tuzarya-iki-cyangwa-ngo,religion,Nuko ntimukiganyire mugirango 'Tuzarya iki?'Cyangwa ngo 'Tuzanywa iki? - Pastor Salomon E. BIGANIRO,religion,0.9848,512,True
http://muhabura.rw/amakuru/iyobokamana/article/covid-19-uganda-yataye-muri-yombi-umupasiteri-imushinja,religion,COVID-19:Uganda yataye muri yombi umupasiteri imushinja gukwirakwiza ibihuha kuri coronavirus,religion,0.3873,288,False
http://muhabura.rw/amakuru/iyobokamana/article/covid-19-ndamusubiza-nti-ariko-wowe-niba-udatinya-urupfu,religion,COVID-19: Ndamusubiza nti ariko wowe niba udatinya urupfu wirugemurira abarutinya - Pasteur Antoine Rutayisire,health,0.6783,512,True
http://muhabura.rw/amakuru/iyobokamana/article/imyiteguro-yo-kwibuka-ku-nshuro-ya-26-jenoside-yakorewe,religion,Imyiteguro yo kwibuka ku nshuro ya 26 Jenoside yakorewe Abatutsi igeze he?,politics,0.824,512,True
http://muhabura.rw/amakuru/iyobokamana/article/ibintu-10-uwigisha-ijambo-ry-imana-asabwa-kugendera-kure,religion,Ibintu 10 uwigisha ijambo ry'Imana asabwa kugendera kure,religion,0.9816,512,True
http://muhabura.rw/amakuru/iyobokamana/article/insengero-zafashe-ingamba-zo-gukumira-icyorezo-cya,religion,Insengero zafashe ingamba zo gukumira icyorezo cya Coronavirus,religion,0.7136,462,False
http://muhabura.rw/amakuru/iyobokamana/article/gasabo-yatunguranye-asaba-perezida-wa-repuburika-guha,religion,Gasabo:Yatunguranye asaba Perezida wa Repuburika guha agaciro ururimi rw'umwuka wera ibintu bitakiriwe neza na ...,politics,0.9922,512,True
http://muhabura.rw/amakuru/iyobokamana/article/kiliziya-zo-muri-koreya-y-epfo-zahagaritse-misa,religion,Kiliziya zo muri Koreya y'Epfo zahagaritse misa,health,0.7402,302,False
http://muhabura.rw/amakuru/iyobokamana/article/twibuke-ko-ubuzima-ari-ndakorwaho-ni-ubw-imana-yonyine-papa,religion,Twibuke ko ubuzima ari ndakorwaho. Ni ubw'Imana yonyine - Papa Francis,health,0.9112,512,True
http://muhabura.rw/amakuru/iyobokamana/article/abantu-benshi-bapfiriye-mu-rusengero,religion,Perezida Magufuli yihanganishije imiryango y'abantu benshi bapfiriye mu Rusengero,health,0.9443,435,False
http://muhabura.rw/amakuru/iyobokamana/article/pasiteri-uherutse-gufotorwa-ari-gusambana-n-umukobwa-yavuze,religion,Pasiteri uherutse gufotorwa ari gusambana n'umukobwa yavuze ko abantu ni badasiba ayo mafoto bari bubone akaga,religion,0.9571,417,False
http://muhabura.rw/amakuru/iyobokamana/article/papa-benedict-xvi-wacyuye-igihe-yatangaje-ko,religion,Papa wa cyuye igihe yanenze bikomeye ibyo koroshya amategeko abuza abihaye Imana gushaka abagore,religion,0.982,214,False
http://muhabura.rw/amakuru/iyobokamana/article/abayobozi-b-amadini-n-amatorero-basabye-abaturage-kurangwa,religion,Abayobozi b'amadini n'amatorero basabye abaturage kurangwa n'ibikorwa by'urukundo,religion,0.9865,512,True
http://muhabura.rw/amakuru/iyobokamana/article/papa-francis-yahinduye-ibanga-ry-ubupapa-kubera-gusambanya,religion,"Papa Francis yahinduye ""ibanga ry'ubupapa"" kubera gusambanya abana",religion,0.9685,389,False
http://muhabura.rw/amakuru/iyobokamana/Umuyobozi-wa-Radio-Amazing-Grace-pastor-schoof-nubwo-yirukanwe-ku-butaka-bw-u-Rwanda-yaburiwe-kenshi,religion,"Umuyobozi wa Radio Amazing Grace pastor schoof nubwo yirukanwe ku butaka bw'u Rwanda,ariko yaburiwe kenshi!",health,0.8751,512,True
http://muhabura.rw/amakuru/iyobokamana/article/umupasiteri-azwi-mu-kuvuganira-abafite-uburwayi-bwo-mu,religion,Umupasiteri azwi mu kuvuganira abafite uburwayi bwo mu mutwe yapfuye yiyahuye,religion,0.9727,512,True
http://muhabura.rw/amakuru/iyobokamana/article/ibyo-utamenye-ku-munsi-mukuru-w-asomusiyo-assomption-8034,religion,Ibyo utamenye ku munsi mukuru w'Asomusiyo (Assomption),religion,0.9797,512,True
http://muhabura.rw/amakuru/iyobokamana/article/ku-myaka-86-y-amavuko-umucyecuru-yerekeje-mu-mutambagiro,religion,Ku myaka 86 y'amavuko umucyecuru yagiye i Maka gukora umutambagiro mutagatifu,health,0.9706,512,True
http://muhabura.rw/amakuru/iyobokamana/article/arabie-saoudite-abava-muri-rdc-bahagaritswe-kujya-gukora,religion,Arabie Saoudite:Abava muri RDC bahagaritswe kujya gukora umutambagiro mutagatifu i Maka,health,0.9433,297,False
http://muhabura.rw/amakuru/iyobokamana/article/nyamasheke-padiri-nambajimana-yasezeye-ku-murimo-we-w,religion,Nyamasheke:Padiri Nambajimana yasezeye ku murimo we w'ubupadiri,religion,0.9834,358,False
http://muhabura.rw/amakuru/iyobokamana/article/byinshi-utaruzi-kuri-vatican-kwa-papa-bitangaje,religion,Byinshi utaruzi kuri Vatican kwa Papa bitangaje,religion,0.9734,512,True
http://muhabura.rw/amakuru/iyobokamana/article/banga-gushyira-amavuta-muri-rav-4-ihengamye-ngo-baze,religion,Banga gushyira amavuta muri RAV 4 ihengamye ngo baze kundeba ariko undi akayashyira mu ndege aje kundeba:Rugagi,religion,0.9892,512,True
http://muhabura.rw/amakuru/iyobokamana/article/gitwaza-yongeye-gukora-agashya-noneho-yatangaje-ko,religion,Umwana murizi ntakurwa urutozi:Inyigisho Intumwa Gitwaza yigishije yumviswe nabi (Inkuru ivuguruye),religion,0.988,512,True
http://muhabura.rw/amakuru/iyobokamana/article/urusengero-rw-abayuhudi-muri-amerika-rwagabweho-igitero,religion,Urusengero rw'Abayuhudi muri Amerika rwagabweho igitero,religion,0.9232,512,True
http://muhabura.rw/amakuru/iyobokamana/article/ifoto-y-umupadiri-n-umukobwa-ku-mucanga-ku-mazi-ikomeje,religion,Ifoto y'umupadiri n'umukobwa ku mucanga ku mazi ikomeje guca ibintu ku mbuga nkoranyamabaga,religion,0.965,392,False
http://muhabura.rw/amakuru/iyobokamana/article/pasiteri-wategekaga-abakirisitu-be-kurya-inzoka-noneho,religion,Pasiteri wagaburiraga abakirisitu inzoka noneho yabahinduriye ifunguro rigizwe n'inyama z'imbwa,religion,0.9856,383,False
http://muhabura.rw/amakuru/iyobokamana/article/sobanukirwa-amateka-y-icumu-ryatewe-yezu-mu-ruvavu,religion,Sobanukirwa Amateka y'icumu ryatewe Yezu mu ruvavu yanyeganyeje isi,religion,0.9824,512,True
http://muhabura.rw/amakuru/iyobokamana/article/umupadiri-byemezwa-ko-yapfuye-akazuka-yatangaje-igitsina-cy,religion,Umupadiri wapfuye akazuka yatangaje ko yabonye Imana ari umugore,health,0.6611,422,False
http://muhabura.rw/amakuru/iyobokamana/article/gasabo-umuzimu-w-umuntu-wapfuye-cyera-ahora-ahura-n,religion,Gasabo:Umuzimu w'umuntu wapfuye cyera ahora ahura n'abaturage akabatera ubwoba,health,0.4131,512,True
http://muhabura.rw/amakuru/iyobokamana/article/gisigara-perezida-kagame-yasabye-abaturage-kongera-gutora,religion,Gisigara:Perezida kagame yasabye abanyamuryango ba FPR Inkotanyi kongera gutora neza ngo ibitaragenze neza bikosorwe,politics,0.9932,510,False
http://muhabura.rw/amakuru/iyobokamana/article/kigali-abagore-10-b-abacyene-bafunzwe-bazira-gusaba-inyama,religion,Kigali: Abagore 10 b'abacyene bafunzwe bazira gusaba inyama ku munsi mukuru wa Iddil Adha,politics,0.5124,512,True
http://muhabura.rw/amakuru/iyobokamana/article/abayisilamu-basabwe-gukundana-bagakunda-imiryango-yabo-n,religion,"Abayisilamu basabwe gukundana, bagakunda imiryango yabo n'inshuti zabo",religion,0.9286,496,False
http://muhabura.rw/amakuru/iyobokamana/article/abayisilamu-bo-muri-niger-basabwe-kudakoresha-inkwi-mu,religion,Abayisilamu bo muri Niger basabwe kudakoresha inkwi mu kotsa intama ku munsi mukuru wa Eid,health,0.5163,358,False
http://muhabura.rw/amakuru/iyobokamana/Bugesera-Abantu-bahoze-ari-interahamwe-bihannye-banasaba-imbabazi-imiryango-y-abo-biciye,religion,Bugesera : Abantu bahoze ari interahamwe bihannye banasaba imbabazi imiryango y'abo biciye,politics,0.8954,512,True
http://muhabura.rw/amakuru/iyobokamana/article/urukiko-rwo-rwategetse-musenyeri-mukuru-wa-kiliziya,religion,Urukiko muri Australia rwategetse ko Musenyeri mukuru wa Kiliziya Gatolika agomba gufungwa,health,0.7437,416,False
http://muhabura.rw/amakuru/iyobokamana/article/akabapasiteri-batize-kashobotse-abadepite-batoye-itegeko,religion,Akabapasiteri batize kashobotse : Abadepite batoye itegeko rishya rigenga amadini,politics,0.5246,455,False
http://muhabura.rw/amakuru/iyobokamana/article/mozambique-imirwano-y-akataraboneka-yabereye-mu-rusengero,religion,Mozambique:Imirwano y'akataraboneka yashyamiranyije abakirisitu basengera mu rusengero rw'Umunyarwanda [video],religion,0.9809,512,True
http://muhabura.rw/amakuru/iyobokamana/article/apotre-gitwaza-yasengeye-indayi-n-abanyarumogi,religion,Apôtre Gitwaza yasengeye Indayi n'abanyarumogi,religion,0.9858,452,False
http://muhabura.rw/amakuru/iyobokamana/Bishop-Rugagi-yahishuye-ko-gusenga-cyane-bidatuma-itorero-ryubahwa-ahubwo-ko-ryubahishwa-n-ubutunzi-business,religion,Bishop Rugagi yahishuye ko gusenga cyane bidatuma itorero ryubahwa ahubwo ko ryubahishwa n'ubutunzi =business,religion,0.9892,512,True
http://muhabura.rw/amakuru/iyobokamana/article/mufti-w-u-rwanda-avuga-ko-igitabo-gitagatifu-cya-koro-ani,religion,Mufti w'u Rwanda avuga ko igitabo gitagatifu cya koro'ani cyamaganira kure ibikorwa by'ubugizi bwa nabi,religion,0.7639,512,True
http://muhabura.rw/amakuru/iyobokamana/article/icyifuzo-cya-kiliziya-gatolika-cyo-guhindura-ingengabihe-mu,religion,Icyifuzo cya Kiliziya Gatolika cyo guhindura ingengabihe mu mashuri kigiye gushyirwa mubikorwa,religion,0.4913,512,True
http://muhabura.rw/amakuru/iyobokamana/article/minisiteri-y-abakozi-yatanze-konji-y-umunsi-mukuru-wo,religion,Minisiteri y'abakozi yatanze konji y'umunsi mukuru wo Gusoza igisibo cya Ramadhan,religion,0.4519,345,False
http://muhabura.rw/amakuru/iyobokamana/article/itariki-yo-gutangira-igisibo-cya-ramadhan-yamenyekanye,religion,Itariki yo gutangira igisibo cya Ramadhan yamenyekanye,religion,0.3364,209,False
http://muhabura.rw/amakuru/iyobokamana/article/mungire-inama-nkunda-umuhungu-twigana-ndi-kwibaza-niba,religion,Mungire Inama : Nkunda umuhungu twigana ndi kwibaza niba nzatera intambwe ya mbere nkabimubwira,relationship,0.8797,400,False
http://muhabura.rw/amakuru/iyobokamana/article/umuyobozi-akwiye-kubera-uwo-ayobora-urumuri-n-urugero,religion,Umuyobozi akwiye kubera uwo ayobora urumuri n'urugero kugira ngo amwigireho- Soeur Uwamariya,religion,0.9849,512,True
http://muhabura.rw/amakuru/iyobokamana/article/umupadiri-yahagariswe-ku-murimo-w-ubusaserdoti-kubera,religion,Umupadiri yahagariswe ku murimo w'Ubusaserdoti kubera kwiyandarika,religion,0.9744,512,True
http://muhabura.rw/amakuru/iyobokamana/article/amahoro-twifuriza-bagenzi-bacu-akwiye-kuba-ikimenyetso-ko,religion,Amahoro twifuriza bagenzi bacu akwiye kuba ikimenyetso ko ntacyayahungabanya aritwe giturutseho- Dr Abdullatif,history,0.4226,512,True
http://muhabura.rw/amakuru/iyobokamana/article/padiri-wayoboraga-caritas-ya-dioseze-ya-butare-yitabye,religion,Padiri wayoboraga Caritas ya Dioseze ya Butare yitabye Imana,health,0.8527,234,False
http://muhabura.rw/amakuru/iyobokamana/article/dore-urutonde-rw-aba-bagabo-biyita-ibihangange-ku-isi,religion,Dore urutonde rw'abagabo biyita ibihangange ku isi bigereranya na Yesu [Amafoto],religion,0.9787,512,True
http://muhabura.rw/amakuru/iyobokamana/article/apotre-masasu-noneho-ibyo-yakoze-ni-agahoma-munwa-reba,religion,Apotre Masasu noneho ibyo yakoze ni agahoma munwa[REBA AMAFOTO],religion,0.9765,430,False
http://muhabura.rw/amakuru/iyobokamana/article/pasiteri-michael-zigirinshuti-wari-ukuriye-ivugabutumwa,religion,Pasiteri wari ukuriye Ivugabutumwa muri ADEPR yirukanwe mu itorero,religion,0.9864,348,False
http://muhabura.rw/amakuru/iyobokamana/article/rwamagana-inkuba-yakubise-urusengero-rwa-adepr,religion,Rwamagana : Inkuba yakubise urusengero rwa ADEPR,religion,0.9503,266,False
http://muhabura.rw/amakuru/iyobokamana/article/leta-na-islam-bumvikanye-ku-mikoreshereze-mishya-y,religion,Leta na Islam bumvikanye ku mikoreshereze mishya y'indangururamajwi,politics,0.3878,512,True
http://muhabura.rw/amakuru/iyobokamana/article/islam-yagize-icyo-ivuga-nyuma-yokubuzwa-gukoresha,religion,Islam yagize icyo ivuga nyuma yokubuzwa gukoresha indagururamajwi ku misigiti,religion,0.9331,512,True
http://muhabura.rw/amakuru/iyobokamana/article/ku-gicamunsi-cyo-kuri-uyu-wa-gatatu-tariki-ya,religion,Kicukiro: Urusengero rwa ADEPR rwafashwe n'inkongi y'umuriro,religion,0.9758,361,False
http://muhabura.rw/amakuru/iyobokamana/article/urusengero-rw-abadivantisite-rwafunzwe-abayoboke-barwo,religion,Urusengero rw'Abadivantisite rwafunzwe abayoboke Babura aho bakorera isabato[REBA AMAFOTO],religion,0.9876,512,True
http://muhabura.rw/amakuru/iyobokamana/article/insengero-zikomeye-nazo-zagezweho-n-inkubiri-yo-gufunga,religion,Insengero zikomeye nazo zagezweho n'inkubiri yo gufunga insegero zitujuje ibisabwa,religion,0.9882,452,False
http://muhabura.rw/amakuru/iyobokamana/article/bishop-rugagi-arasaba-inkunga-y-amasengesho-itangazamakuru,religion,Bishop Rugagi arasaba inkunga y'amasengesho itangazamakuru,religion,0.9889,512,True
http://muhabura.rw/amakuru/iyobokamana/article/ntamuhanga-cassien-nyuma-yo-gutoroka-gereza-yigambye-ko-ari,religion,Ntamuhanga Cassien nyuma yo gutoroka gereza yigambye ko ari kwidegembya mu buhungiro,politics,0.8349,462,False
http://muhabura.rw/amakuru/iyobokamana/article/rgb-n-inzego-z-ibanze-mu-mugi-wa-kigali-bamaze-gufunga,religion,RGB n'inzego z'ibanze mu mugi wa Kigali bamaze gufunga insegero 714 zitujuje ibisabwa,religion,0.4598,512,True
http://muhabura.rw/amakuru/iyobokamana/Hari-amadini-n-amatorero-agiye-gufungwa-bitarenze-ku-wa-gatatu-w-iki-cyumweru,religion,Hari amadini n'amatorero agiye gufungwa bitarenze ku wa gatatu w'iki cyumweru,religion,0.9777,512,True
http://muhabura.rw/amakuru/iyobokamana/article/urusengero-rwa-bishop-rugagi-ruherereye-mu-mujyi-wa-kigali,religion,Kigali: Urundi Rusengero rwa Bishop Rugagi ruherereye mu Mujyi wa Kigali rwagati rwafunzwe,religion,0.988,389,False
http://muhabura.rw/amakuru/iyobokamana/article/pasiteri-kayumba-aravugwaho-gutera-umwana-w-impfubyi-inda,religion,Pasiteri Kayumba aravugwaho gutera umwana w'impfubyi inda yarangiza agahunga,religion,0.9417,479,False
http://muhabura.rw/amakuru/iyobokamana/article/pasiteri-yateye-inda-abagore-n-abakobwa-barenga-20-bo-mu,religion,Pasiteri yateye inda abagore n'Abakobwa barenga 20 bo mu rusengero rwe [REBA AMAFOTO],religion,0.4725,512,True
http://muhabura.rw/amakuru/iyobokamana/article/byinshi-utaruzi-kuri-bishopo-muragizi-umaze-gukora,religion,Byinshi utaruzi kuri Bishopo Muragizi umaze gukora ibitangaza mu Rwanda no mu mahanga [Reba Amafoto],religion,0.9866,512,True
http://muhabura.rw/amakuru/iyobokamana/article/umushumba-wa-kiliziya-gatolika-agiye-kwemerera-abagabo,religion,Umushumba wa Kiliziya Gatolika agiye kwemerera abagabo bafite abagore kuba abapadiri,religion,0.8875,41,False
http://muhabura.rw/amakuru/iyobokamana/article/kigali-iminsi-irabarirwa-ku-mitwe-y-intoki-abanyarwanda,religion,Kigali:Abanyarwanda bagiye kongera gutaramana na Alarm Ministries.,religion,0.9835,202,False
http://muhabura.rw/amakuru/iyobokamana/article/bishop-tom-rwagasana-wo-muri-adepr-yarekuwe,religion,Bishop Tom Rwagasana wo muri ADEPR yarekuwe,religion,0.9881,300,False
http://muhabura.rw/amakuru/iyobokamana/article/kiliziya-gatolika-irifuza-ko-ingengabihe-y-amashuri,religion,"Kiliziya Gatolika irifuza ko ingengabihe y'amashuri ihinduka, umwaka ukajya utangira muri Nzeri",politics,0.5739,512,True
http://muhabura.rw/amakuru/iyobokamana/article/abari-abayobozi-ba-adepr-bagomba-gufungwa-by-agateganyo,religion,Abahoze ari abayobozi ba ADEPR urukiko Rukuru rwashimangiye ko bafungwa,religion,0.9621,79,False
http://muhabura.rw/amakuru/iyobokamana/article/abayobozi-b-amadini-biyemeje-gufatanya-n-ubuyobozi,religion,Abayobozi b'amadini biyemeje gufatanya n'Ubuyobozi guhangana n'amakimbirane ndetse n'ibihuha,politics,0.9574,512,True
http://muhabura.rw/amakuru/iyobokamana/article/abari-abayobozi-ba-adepr-begujwe,religion,"Abari abayobozi ba ADEPR begujwe, hatorwa abo kubasimbura",religion,0.989,512,True
http://muhabura.rw/amakuru/iyobokamana/article/amadini-n-amatorero-yakuwe-mu-ihuriro-rya-sosiyete-sivile,religion,Amadini n'amatorero yakuwe mu ihuriro rya Sosiyete Sivile nyarwanda,religion,0.5987,254,False
http://muhabura.rw/amakuru/iyobokamana/article/kugira-ingengabitekerezo-ya-jenoside-ni-nko-kugendana,religion,Kugira Ingengabitekerezo ya Jenoside ni nko kugendana Cancer mu mubiri isaha iyo igeze irakwica- B Shop Birindabagabo ...,religion,0.6823,512,True
http://muhabura.rw/amakuru/iyobokamana/article/perezida-kagame-arasura-na-papa-francois-i-vatican,religion,Perezida Kagame arasura na Papa François i Vatican,religion,0.8635,218,False
http://muhabura.rw/amakuru/iyobokamana/article/papa-francis-yashyizeho-intumwa-nshya-imuhagararira-mu,religion,Papa Francis yashyizeho intumwa nshya imuhagararira mu Rwanda,religion,0.9598,354,False
http://muhabura.rw/amakuru/iyobokamana/article/umwaka-wa-2017-menya-inzira-ebyiri-mu-kubaho-k-umuntu,religion,Umwaka wa 2017: Menya Inzira ebyiri mu kubaho k'umuntu,religion,0.9677,367,False
http://muhabura.rw/amakuru/iyobokamana/article/min-kaboneka-yitabiriye-ibirori-byo-kwizihiza-imyaka-20,religion,Min Kaboneka yitabiriye ibirori byo kwizihiza imyaka 20 Chorale Ambassadors of Christ rimaze,religion,0.9842,512,True
http://muhabura.rw/amakuru/iyobokamana/article/ese-koko-tariki-25-ukuboza-wari-umunsi-w-ibigirwamana,religion,"Ese Koko tariki 25 UKuboza Wari Umunsi W'ibigirwamana cyangwa ni ho Yezu yavutse, yavutse ate?",religion,0.5333,512,True
http://muhabura.rw/amakuru/iyobokamana/article/papa-francis-yikomye-ibinyamakuru-bitangaza-ibihuha,religion,Papa Francis yikomye ibinyamakuru bitangaza ibihuha abigereranya no kugabura amazirantoki,religion,0.7518,351,False
http://muhabura.rw/amakuru/iyobokamana/article/abanyamadini-barasabwa-gukomeza-kwamagana-abayoboke-barya,religion,Abanyamadini barasabwa gukomeza kwamagana abayoboke barya/batanga ruswa,politics,0.9701,512,True
http://muhabura.rw/amakuru/iyobokamana/article/ubu-buhanuzi-noneho-ntibubaho-ngo-umuntu-ukorana-n-ibigo,religion,Ubu buhanuzi noneho ntibubaho! Ngo umuntu ukorana n'ibigo gikora nka Bank wese ntazajya mu ijuru?,economy,0.5563,461,False
http://muhabura.rw/amakuru/iyobokamana/article/abapasiteri-bageze-mu-zabukuru-bishimiye-ko-bagiye-gusaza,religion,Abapasiteri bageze mu zabukuru bishimiye ko bagiye gusaza neza,religion,0.9842,512,True
http://muhabura.rw/amakuru/iyobokamana/article/papa-francis-yashyizeho-abakaridinari-17-bashobora-kuzavamo,religion,Papa Francis yashyizeho Abakaridinari 17 bashobora kuzavamo uzamusimbura,religion,0.9613,512,True
http://muhabura.rw/amakuru/iyobokamana/article/ese-yezu-yaba-yarashatse-nk-uko-benshi-babitekereza,religion,Ese Yezu yaba yarashatse nk'uko benshi babitekereza,religion,0.944,512,True
http://muhabura.rw/amakuru/iyobokamana/article/gusoma-yezu-ibirenge-kwa-mariya-ngo-byaba-bifite-byinshi,religion,Gusoma Yezu ibirenge kwa Mariya ngo byaba bifite byinshi bisobanura,religion,0.8122,512,True
http://muhabura.rw/amakuru/iyobokamana/article/turashaka-kwigisha-abakirisitu-bacu-gucika-ku-mfashanyo,religion,"""Turashaka kwigisha abakirisitu bacu gucika ku mfashanyo''- Musenyeri Onesphore Rwaje",religion,0.9852,512,True
http://muhabura.rw/amakuru/iyobokamana/article/urubyiruko-rwo-mu-itorero-erc-nyarutarama-mu-giterane-cy,religion,Urubyiruko rwo mu Itorero ERC mu giterane cy'ububyutse kiyobowe na Apostle Joshua Masasu,religion,0.9855,512,True
http://muhabura.rw/amakuru/iyobokamana/article/nicyo-uvuze-icyo-ndagikora-kuko-wangiriyeho-umugisha-nka,religion,"Nicyo uvuze icyo ndagikora kuko wangiriyeho umugisha nka kumenya Izina ""Kuva 33-17""",relationship,0.3435,55,False
http://muhabura.rw/amakuru/iyobokamana/article/ese-no-ku-batinganyi-hari-amahirwe-yo-kuzabona-u-bwami-bw,religion,Ese no ku batinganyi hari amahirwe yo kuzabona u bwami bw' Ijuru?,religion,0.9114,512,True
http://muhabura.rw/amakuru/iyobokamana/article/mu-bwongereza-umukinnyi-yasezeye-ku-ikipe-ye-yigira-mu-byo,religion,"Mu Bwongereza, umukinnyi yasezeye ku ikipe ye yigira mu byo gusenga",sport,0.9744,257,False
http://muhabura.rw/amakuru/iyobokamana/article/pasiteri-bizimungu-umwe-mu-bitabiriye-umuhango-wo,religion,Pasiteri Bizimungu umwe mu bitabiriye umuhango wo gushyingura Mgr Ngirabanyiginya,religion,0.7742,512,True
http://muhabura.rw/amakuru/iyobokamana/article/papa-francis-ntiyitaye-ku-batamushyigikiye-kwiyongera,religion,Papa Francis ntiyitaye ku batamushyigikiye,religion,0.9737,512,True
http://muhabura.rw/amakuru/iyobokamana/article/polisi-y-u-rwanda-irashima-amadini-ku-ruhare-rwayo-mu,religion,Polisi y'u Rwanda irashima amadini ku ruhare rwayo mu kurwanya ibyaha bigisha,politics,0.8857,512,True
http://muhabura.rw/amakuru/iyobokamana/article/wamenya-ute-ko-impanda-y-imana-izavuga-nk-uko-bivugwa,religion,Wamenya ute ko impanda y'Imana izavuga nk'uko bivugwa?,religion,0.9864,512,True
http://muhabura.rw/amakuru/iyobokamana/article/mufti-w-u-rwanda-yamaganye-abayislamukazi-bambara-imyambaro,religion,Mufti w'u Rwanda yamaganye Abayislamukazi bambara imyambaro ihisha isura hagasigara amaso gusa,politics,0.658,419,False
http://muhabura.rw/amakuru/iyobokamana/article/abaturage-b-ubwongereza-kuva-mu-bihugu-bigize-eu-bihuye-n,religion,"Abaturage b'Ubwongereza kuva mu bihugu bigize EU bihuye n'ubuhanuzi buri muri Bibiriya """"soma inkuru""",history,0.534,512,True
http://muhabura.rw/amakuru/iyobokamana/article/gisagara-urujijo-mu-rupfu-rw-abapadiri-babiri-harakekwa,religion,Gisagara: Urujijo mu rupfu rw'abapadiri babiri; harakekwa amarozi,health,0.8514,512,True
http://muhabura.rw/amakuru/iyobokamana/article/ndahiro-tom-yatanze-ubutumwa-kuri-papa-francis-ku-byakozwe,religion,Ndahiro Tom yatanze ubutumwa kuri Papa Francis ku byakozwe na Kiliziya ya Kabgayi,religion,0.98,512,True
http://muhabura.rw/amakuru/iyobokamana/article/papa-francis-yavuze-ko-kiliziya-gatolika-ayoboye-ikwiye,religion,"Papa Francis, yavuze ko Kiliziya Gatolika ikwiye gusaba imbabazi abatinganyi",religion,0.9205,94,False
http://muhabura.rw/amakuru/iyobokamana/article/umushumba-wa-kiliziya-gatolika-yahumurije-ibihumbi-by,religion,Umushumba wa Kiliziya Gatolika yahumurije ibihumbi by'abanya-Armenia mu muhango wo kwibuka jenoside yabakorewe,religion,0.5991,376,False
http://muhabura.rw/amakuru/iyobokamana/article/abafurere-bo-mu-rwanda-bafite-impungenge-zo-gukendera,religion,Abafurere bo mu Rwanda bafite impungenge zo gukendera burundu,health,0.9728,512,True
http://muhabura.rw/amakuru/iyobokamana/article/islam-mu-rwanda-yabonye-umuyobozi-mushya,religion,Islam mu Rwanda yabonye umuyobozi Mushya,politics,0.8009,489,False
http://muhabura.rw/amakuru/iyobokamana/article/bukavu-urugendo-rw-amahoro-rwahuje-abakirisitu-gatorika-b,religion,Bukavu: Urugendo rw'amahoro rwahuje abakirisitu Gatorika b'Abanyarwanda n'Abanye Congo,politics,0.4631,512,True
http://muhabura.rw/amakuru/iyobokamana/article/minisitiri-w-intebe-yitabiriye-umuhango-wo-kwimika,religion,Minisitiri w'Intebe yitabiriye umuhango wo kwimika Musenyeri wa Diyosezi ya Nyundo,religion,0.9826,512,True
http://muhabura.rw/amakuru/iyobokamana/article/rubavu-umuyobozi-w-itorero-ry-abadivantisiti-yahaye-u,religion,Rubavu:Umuyobozi w'Itorero ry'Abadivantisiti yahaye u Rwanda Umugisha,religion,0.9287,512,True
http://muhabura.rw/amakuru/iyobokamana/article/ese-waba-uzi-ibitangaza-bitanu-biruta-ibindi-byose,religion,Ese Waba uzi ibitangaza bitanu biruta ibindi byose ?,religion,0.9867,512,True
http://muhabura.rw/amakuru/iyobokamana/article/bagore-mwubahe-cyane-abagabo-banyu,religion,"Bagore, mwubahe cyane abagabo banyu!",relationship,0.4426,512,True
http://muhabura.rw/amakuru/iyobokamana/article/ibyifuzo-3-abantu-bafite-bifuza-kubaza-imana,religion,Ibyifuzo 3 abantu bafite bifuza kubaza Imana!,religion,0.9801,512,True
http://muhabura.rw/amakuru/iyobokamana/article/papa-francis-yahinduye-musenyeri-wa-diyosezi-ya-nyundo,religion,Papa Francis yahinduye Musenyeri wa Diyosezi ya Nyundo,religion,0.9764,512,True
http://muhabura.rw/amakuru/iyobokamana/article/ijambo-ry-imana-ibi-byagufasha-niba-uri-umugore-wamenye,religion,Ijambo ry'Imana: Ibi byagufasha niba uri umugore wamenye Imana,religion,0.7563,512,True
http://muhabura.rw/amakuru/iyobokamana/article/abapasiteri-n-abandi-bakozi-b-imana-barinubira-imishahara,religion,Abapasiteri n'abandi bakozi b'Imana barinubira imishahara,religion,0.9878,512,True
http://muhabura.rw/amakuru/iyobokamana/article/musanze-abayobozi-b-idini-ya-islam-ntibavuga-rumwe-n,religion,Musanze: Abayobozi b'Idini ya Islam ntibavuga rumwe n'abayiharabika,politics,0.9026,512,True
http://muhabura.rw/amakuru/iyobokamana/article/adepr-yamaganiye-kure-abahanura-intambara-mu-rwanda,religion,ADEPR yamaganiye kure abahanura intambara mu Rwanda,religion,0.9419,479,False
http://muhabura.rw/amakuru/iyobokamana/article/musenyeri-kambanda-yikomye-abagore-baboneza-urubyaro,religion,Musenyeri Kambanda yikomye abagore baboneza urubyaro bakoresheje imiti,religion,0.9675,512,True
http://muhabura.rw/amakuru/iyobokamana/article/ubutumwa-perezia-paul-kagame-yageneye-abanyarwanda-ku-munsi,religion,Ubutumwa Perezia Paul Kagame yageneye Abanyarwanda ku munsi mukuru wa Noheli,politics,0.9243,255,False
http://muhabura.rw/amakuru/iyobokamana/article/imyanzuro-13-y-inama-y-umushyikirano,religion,Imyanzuro 13 y'inama y'Umushyikirano,politics,0.9798,512,True
http://muhabura.rw/amakuru/iyobokamana/article/bibiliya-ivuga-iki-ku-byerekeye-abagore-bari-mu-mirimo-y,religion,Bibiliya ivuga iki ku byerekeye abagore bari mu mirimo y'Imana?,religion,0.9846,512,True
http://muhabura.rw/amakuru/iyobokamana/article/mgr-philippe-rukamba-yatorewe-kuba-umuyobozi-mushya-w-inama,religion,Mgr. Philippe Rukamba yatorewe kuba umuyobozi mushya w'inama y'Abepiskopi,health,0.5289,338,False
http://muhabura.rw/amakuru/iyobokamana/article/papa-francis-yagize-icyo-avuka-kuburyo-yakiriwe-muri,religion,Papa Francis yagize icyo avuka kuburyo yakiriwe muri Afurika,health,0.6468,447,False
http://muhabura.rw/amakuru/iyobokamana/article/papa-francis-yasuye-umusigiti-uzengurutswe-n-umutwe-witwaje,religion,Papa Francis yasuye Umusigiti uzengurutswe n'umutwe witwaje intwaro w'Abakirisitu,religion,0.8904,512,True
http://muhabura.rw/amakuru/iyobokamana/article/ingabo-z-u-rwanda-zarinze-umutekano-wa-papa,religion,Ingabo z'u Rwanda zarinze umutekano wa Papa,politics,0.6708,346,False
http://muhabura.rw/amakuru/iyobokamana/article/amafoto-perezida-museveni-yongeye-kwerekana-agashya-ubwo,religion,Amafoto: Perezida Museveni yongeye kwerekana agashya ubwo yakiraga Papa Francis,politics,0.5666,173,False
http://muhabura.rw/amakuru/iyobokamana/article/mu-mvura-y-amahindu-abaturage-bo-muri-kenya-bitabiriye-misa,religion,Mu mvura y'amahindu abaturage bo muri Kenya bitabiriye Misa ya Papa Francis,religion,0.9232,386,False
http://muhabura.rw/amakuru/iyobokamana/article/umugore-wamenye-imana-agomba-kwitwararika-ku-mugabo-we,religion,Umugore wamenye Imana agomba kwitwararika ku mugabo we. Igice cya 1,relationship,0.6652,512,True
http://muhabura.rw/amakuru/iyobokamana/article/mu-mafoto-uburyo-papa-francis-yakiriwe-mu-gihugu-cya-kenya,religion,Mu mafoto: Uburyo Papa Francis yakiriwe mu gihugu cya Kenya bwagaragaje ko ariwe mu yobozi w'Isi,religion,0.8062,232,False
http://muhabura.rw/amakuru/iyobokamana/article/papa-francis-yatangaje-ko-isi-iri-muntambara-ya-gatatu-y,religion,Papa Francis yatangaje ko isi iri muntambara ya gatatu y'Isi yose,religion,0.5172,397,False
http://muhabura.rw/amakuru/iyobokamana/article/abahanuzi-b-ibinyoma-mu-bagendere-kure-umuvugizi-w-itorero,religion,Abahanuzi b'Ibinyoma mu bagendere kure: Umuvugizi w'Itorero rya ADPR,religion,0.9821,467,False
http://muhabura.rw/amakuru/iyobokamana/article/mumenye-n-urukundo-rwa-kristo-ruruta-uko,religion,Urukundo rw'Imana ruruta uko rumenywa kubantu bose.,religion,0.972,220,False
http://muhabura.rw/amakuru/iyobokamana/article/ubuhamya-nyuma-yo-kumara-imyaka-myinshi-mu-mateka-mabi-ubu,religion,Ubuhamya: Nyuma yo kumara imyaka myinshi mu mateka mabi ubu ndi umusore uhimbaza Imana,religion,0.9687,402,False
http://muhabura.rw/amakuru/iyobokamana/article/tanzania-abakirisitu-gatorika-bahinduriwe-umunsi,religion,TANZANIA:Abakirisitu Gatorika bahinduriwe umunsi basengeraga ho,politics,0.919,512,True
http://muhabura.rw/amakuru/iyobokamana/article/minisitiri-w-intebe-yashimiye-byimazeyo-abakirisitu-ba,religion,Minisitiri w'Intebe yashimiye byimazeyo abakirisitu ba Kiriziya Gatolika abasaba kuba Abanyarwanda beza,health,0.5071,512,True
http://muhabura.rw/amakuru/iyobokamana/article/vatican-umu-padiri-yemeye-ko-ari-umutinganyi-imbere-y,religion,Vatican: Umu padiri yemeye ko ari umutinganyi imbere y'Umushumba wa Kiliziya Gatolika Papa Francis,religion,0.984,512,True
http://muhabura.rw/amakuru/iyobokamana/article/inama-yiga-kuri-dosiye-ya-rugamba-sipiriryani-n-buryo,religion,Inama yiga kuri Dosiye ya Rugamba Sipiriryani n'buryo ashobora kugirwa umutagatifu yatangiye ku mugaragaro,politics,0.5016,512,True
http://muhabura.rw/amakuru/iyobokamana/article/uko-ndushaho-kuririmba-numva-ndushaho-kwegera-ubuntu-bw,religion,Uko ndushaho kuririmba numva ndushaho kwegera ubuntu bw'Imana- umuhanzi-Igorora,religion,0.9636,499,False
http://muhabura.rw/amakuru/iyobokamana/article/rgb-iremeza-ko-munshingano-ifite-ntiharimo-gukurikirana,religion,RGB iremeza ko munshingano ifite ntiharimo gukurikirana umuntu kugiticye.,religion,0.9828,512,True
http://muhabura.rw/amakuru/iyobokamana/article/vatican-papa-francis-nyuma-yo-kuvugwa-ko-yaba-akorana-na,religion,Vatican: Papa Francis nyuma yo kuvugwa ko yaba akorana na Anti-Christ yongeye atungura benshi,religion,0.9848,385,False
http://muhabura.rw/amakuru/iyobokamana/article/imigisha-ifatana-n-ubwenge-inkuru-udakwiye-gucikwa,religion,Imigisha ifatana n'ubwenge? Inkuru udakwiye gucikwa.,religion,0.6581,512,True
http://muhabura.rw/amakuru/iyobokamana/article/kumenera-umugore-ibanga-byatumye-amaso-ye-areba-isi-bwa,religion,Kumenera umugore ibanga byatumye amaso ye areba isi bwa nyuma,religion,0.8444,512,True
http://muhabura.rw/amakuru/iyobokamana/article/bugesera-niba-adam-na-eva-bari-abatwa-ubwo-isi-yose-yaba,religion,Bugesera : Niba Adam na Eva bari Abatwa ubwo Isi yose yaba ariki? (AL.HADJ Harerimana twayibu ),history,0.6361,505,False
http://muhabura.rw/amakuru/urukundo/article/umushakashatsi-yagaraje-uburyo-umunani-bwo-gutahura-abagabo,relationship,Umushakashatsi yagaraje uburyo umunani bwo gutahura abagabo bica abo bashakanye,relationship,0.4656,512,True
http://muhabura.rw/amakuru/urukundo/article/dore-ibyo-wakora-nyuma-yo-gutandukana-mu-buryo-bubaje-n-uwo,relationship,Ibyo wakora nyuma yo gutandukana mu buryo bubaje n'uwo mwakundanaga cyangwa uwo mwashakanye,relationship,0.9256,512,True
http://muhabura.rw/amakuru/urukundo/article/umuturanyi-yambonye-nca-inyuma-umugabo-wanjye-none-amereye,relationship,Umuturanyi yambonye nca inyuma umugabo wanjye none amereye nabi ngo ni ntamuha azabivuga-Mbigenze nte?,relationship,0.9546,499,False
http://muhabura.rw/amakuru/urukundo/article/ibintu-bizakwereka-ko-umukobwa-mukundana-ari-wowe-akunda,relationship,Ibintu bizakwereka ko umukobwa mukundana ari wowe akunda wenyine atajya akubangikanya n'abandi,relationship,0.9697,512,True
http://muhabura.rw/amakuru/urukundo/article/menya-imitwe-abakobwa-b-ikigihe-bakoresha-ngo-babone-8000,relationship,Menya imitwe abakobwa b'ikigihe bakoresha ngo babone amafaranga mu buryo bworoshye,health,0.4873,512,True
http://muhabura.rw/amakuru/urukundo/article/polisi-y-igihugu-irashishikariza-abaturage,relationship,Ibimenyetso 6 byakwereka ko umukobwa mu kundana bizarangira abaye umugore wawe,relationship,0.9619,512,True
http://muhabura.rw/amakuru/urukundo/article/inzira-zagufasha-gutinyuka-kwegera-umukobwa-watinyaga,relationship,Muhungu:Inzira zagufasha gutinyuka kwegera umukobwa watinyaga ugakorana nawe ikiganiro cy'urukundo,relationship,0.9625,512,True
http://muhabura.rw/amakuru/urukundo/article/amagambo-11-wabwira-umukunzi-wawe-umutima-we-ukanyurwa,relationship,Amagambo 11 Wabwira Umukunzi Wawe Umutima we ukanyurwa urukundo rukikuba birenze uko ubitekereza,relationship,0.9652,512,True
http://muhabura.rw/amakuru/urukundo/article/gucana-inyuma-ni-ikibazo-gikomeye-mu-bashakanye,relationship,Impamvu 6 zatuma uwo mwashakanye aguca inyuma,relationship,0.9691,483,False
http://muhabura.rw/amakuru/urukundo/article/dore-bimwe-mu-binyoma-abasore-bakunze-kubeshya-abakobwa-7923,relationship,Dore bimwe mu binyoma abasore bakunze kubeshya abakobwa,relationship,0.9598,512,True
http://muhabura.rw/amakuru/urukundo/article/ese-wamenya-igituma-abantu-bari-gukora-igikorwa-cyo,relationship,Ese wamenya igituma abantu bari gukora igikorwa cyo gusomana batarebana mu maso ahubwo bahumirije?,relationship,0.8719,485,False
http://muhabura.rw/amakuru/urukundo/article/imwe-mu-mitoma-irenze-ushobora-gu-koresha-kugira-ngo,relationship,Imwe mu mitoma irenze ushobora gu koresha kugira ngo ushimishe umukunzi wawe,relationship,0.9283,512,True
http://muhabura.rw/amakuru/urukundo/article/menya-byinshi-ku-marangamutima-y-abagabo-imbere-y-inkumi,relationship,Menya byinshi ku marangamutima y'abagabo imbere y'inkumi,relationship,0.9218,512,True
http://muhabura.rw/amakuru/urukundo/article/ibintu-byagufasha-kumererwa-neza-wowe-n-umukunzi-wawe-mu,relationship,Ibintu byagufasha kumererwa neza wowe n'umukunzi wawe mu ijoro ry'urukundo,relationship,0.9644,512,True
http://muhabura.rw/amakuru/urukundo/article/ishuli-ry-ubumenyingiro-n-ikoranabuhanga-ry-u-rwanda-rigiye,relationship,Ibintu 6 by'ingenzi bigaragaza ko umukobwa atagifite agaciro imbere y'umuhungu bakundana,relationship,0.9534,512,True
http://muhabura.rw/amakuru/urukundo/article/menya-inzira-4-zoroshye-wakoresha-ukegera-umukobwa-muruhame,relationship,Dore inzira 4 zoroshye wakoresha ukegera umukobwa mu ruhame bikarangira umwigaruriye,relationship,0.9455,512,True
http://muhabura.rw/amakuru/urukundo/Menya-amagambo-10-meza-udakwiye-kwibagirwa-kubwira-umukunzi-wawe-buri-munsi,relationship,Menya amagambo 10 meza udakwiye kwibagirwa kubwira umukunzi wawe buri munsi,relationship,0.9539,512,True
http://muhabura.rw/amakuru/urukundo/article/kugirango-gucana-inyuma-bicike-bashyizeho-iminsi-7-yo,relationship,Kugirango gucana inyuma bicike: Bashyizeho Iminsi 7 yo gukora imibonano mpuzabitsina ku bashakanye,health,0.53,399,False
http://muhabura.rw/amakuru/urukundo/article/menya-ibintu-8-abagore-n-abakobwa-bakunda-kuganira-iyo,relationship,Menya ibintu 8 abagore n'abakobwa bakunda kuganira iyo bahuye,relationship,0.8746,512,True
http://muhabura.rw/amakuru/urukundo/article/ni-kuki-umunsi-wo-kuwa-mbere-wa-mbere-w-umwaka-ufatwa-nk-6757,relationship,Ni kuki umunsi wo kuwa mbere wa mbere w'umwaka ufatwa nk'umunsi wa gatanya hamwe na hamwe?,relationship,0.3718,512,True
http://muhabura.rw/amakuru/urukundo/article/remera-bamwe-mu-bakobwa-bemeza-ko-amafaranga-ari-cyo-kintu,relationship,Remera: Bamwe mu bakobwa bemeza ko amafaranga ari cyo kintu cya mbere bakundira abahungu,relationship,0.9293,512,True
http://muhabura.rw/amakuru/urukundo/article/dore-ibimenyetso-simusiga-icumi-bigaragaza-urukundo-rw,relationship,Dore ibimenyetso simusiga icumi bigaragaza urukundo rw'agahararo,relationship,0.9574,512,True
http://muhabura.rw/amakuru/urukundo/article/reba-ibintu-bisekeje-abakobwa-bakora-iyo-bakimara,relationship,Reba ibintu bisekeje abakobwa bakora iyo bakimara gutandukana n'abakunzi babo bakundaga cyane,relationship,0.9034,512,True
http://muhabura.rw/amakuru/urukundo/article/dore-ibintu-6-bishobora-kurinda-urukundo-rw-abashakanye,relationship,Dore ibintu 6 bishobora kurinda urukundo rw'abashakanye,relationship,0.9645,512,True
http://muhabura.rw/amakuru/urukundo/article/dore-ibintu-7-umukobwa-cyangwa-umugore-agomba-kuba-yujuje,relationship,Dore ibintu 7 umukobwa cyangwa umugore agomba kuba yujuje Ku buryo buri mugabo wese yamwifuza,relationship,0.9669,512,True
http://muhabura.rw/amakuru/urukundo/article/bimwe-mu-bimenyetso-15-bishobora-ku-kwereka-ko-umuntu,relationship,Bimwe mu bimenyetso 15 bishobora ku kwereka ko umuntu ukunda atari uwawe,relationship,0.9619,512,True
http://muhabura.rw/amakuru/urukundo/article/menya-bintu-abagore-n-abakobwa-badakunze-kuvugishaho-ukuri,relationship,Menya ibintu abagore n'abakobwa badakunze kuvugishaho ukuri ku bagabo na basore,relationship,0.9508,512,True
http://muhabura.rw/amakuru/urukundo/article/ese-wari-uzi-ibanga-ry-ibintu-abagabo-bakunda-ku-bagore-8745,relationship,Ese wari uzi ibanga ry'ibintu abagabo bakunda ku bagore babo?,relationship,0.9369,469,False
http://muhabura.rw/amakuru/urukundo/article/nyuma-yo-kwitabira-inama-yabereye-luanda-muri,relationship,Umugabo wa mukuru wanjye yambonye nambaye ubusa none ntagituma nsinzira ashaka ko turyamana-Mbigenze nte?,relationship,0.969,512,True
http://muhabura.rw/amakuru/urukundo/Naryamanye-n-umukobwa-akaba-n-inshuti-y-umugore-wanjye-none-byaniye-kumureka-Mbigenze-nte,relationship,Naryamanye n'umukobwa akaba n'inshuti y'umugore wanjye none byaniye kumureka-Mbigenze nte?,relationship,0.9621,512,True
http://muhabura.rw/amakuru/urukundo/article/nazanye-murumuna-wanjye-ngo-mufashe-yige-none-yantwariye,relationship,Nazanye murumuna wanjye ngo mufashe yige none yantwariye umugabo ngiye no gusara-Mbigenze nte?,health,0.494,459,False
http://muhabura.rw/amakuru/urukundo/article/umugabo-wanjye-yanciye-inyuma-asambana-na-mama-none,relationship,Umugabo wanjye yanciye inyuma asambana na mama none babyaranye umwana-Mbigenze nte?,relationship,0.5762,512,True
http://muhabura.rw/amakuru/urukundo/article/mukobwa-dore-ibintu-byakwereka-ko-umuhungu-mukundana,relationship,"Mukobwa, Dore ibintu byakwereka ko umuhungu mukundana atakubeshya",relationship,0.9593,512,True
http://muhabura.rw/amakuru/urukundo/article/nabuze-uko-mbigenza-naciye-inyuma-umugabo,relationship,Naciye inyuma umugabo wanjye ndyamana n'umuhungu uzi icyo gukora none kumwikuramo byananiye-Mbigenze nte?,relationship,0.9558,512,True
http://muhabura.rw/amakuru/urukundo/article/bamwe-bati-nta-ukwiye-kuzira-urukundo-abandi-bati-nta,relationship,Bamwe bati 'nta ukwiye kuzira urukundo' abandi bati 'nta rukundo mu kazi',relationship,0.5426,512,True
http://muhabura.rw/amakuru/urukundo/article/byinshi-by-ingenzi-utaruzi-wakoresha-kugirango-wereke,relationship,Byinshi by'ingenzi utaruzi wakoresha kugirango wereke abagore n'abakobwa ko ubakunda,relationship,0.9123,512,True
http://muhabura.rw/amakuru/urukundo/article/ko-nafashe-umugabo-wanjye-ari-kurunguruka-umugore-duturanye,relationship,"Ko nafashe umugabo wanjye ari kurunguruka umugore duturanye ari koga muri dushe, mbigenze nte?",relationship,0.9106,464,False
http://muhabura.rw/amakuru/urukundo/article/ko-umugabo-wanjye-yanteje-bagenzi-be-ababwira-ko-ngira,relationship,Ko umugabo wanjye yanteje bagenzi be ababwira ko ngira amavangingo menshi bakaba bamereye nabi-Nkore iki?,relationship,0.9635,498,False
http://muhabura.rw/amakuru/urukundo/article/ko-umuhungu-nikururiye-ansenyeye-urugo-kandi-nkunda-umugabo,relationship,'Ko umuhungu nikururiye ansenyeye urugo kandi nkunda umugabo wanjye' Mbigenze nte ?,relationship,0.9443,512,True
http://muhabura.rw/amakuru/urukundo/Byinshi-byingenzi-utaruzi-ku-Bagore-na-Bakobwa-bakurura-Abagabo,relationship,Byinshi byingenzi utaruzi ku Bagore na Bakobwa bakurura Abagabo,relationship,0.9036,512,True
http://muhabura.rw/amakuru/urukundo/article/bimwe-mu-biranga-umukobwa-utagukunda-ahubwo-ugukundira-ibyo-6705,relationship,Bimwe mu Biranga Umukobwa Utagukunda Ahubwo Ugukundira Ibyo Utunze,relationship,0.8224,512,True
http://muhabura.rw/amakuru/urukundo/article/imitoma-12-irenze-ushobora-kwifashisha-kugira-ngo-ugushe-6704,relationship,Imitoma 12 irenze ushobora kwifashisha kugira ngo ugushe neza umukunzi wawe,relationship,0.9335,512,True
http://muhabura.rw/amakuru/urukundo/article/sobanukirwa-ibintu-10-biranga-urukundo-rw-agahararo,relationship,Sobanukirwa ibintu 10 biranga urukundo rw'agahararo,relationship,0.9562,512,True
http://muhabura.rw/amakuru/urukundo/article/amagambo-10-meza-dukwiye-kubwira-abakunzi-bacu-buri-munsi,relationship,Amagambo 10 meza dukwiye kubwira abakunzi bacu buri munsi,relationship,0.9361,512,True
http://muhabura.rw/amakuru/urukundo/article/gukora-ibi-bintu-bizatuma-uwo-mwashakanye-ataguhararukwa,relationship,Sobanukirwa ibintu wakora bigatuma uwo mwashakanye ataguhararukwa,relationship,0.9695,512,True
http://muhabura.rw/amakuru/urukundo/article/abantu-benshi-bavuga-ko-abakobwa-aribo-bakunda-cyane,relationship,Abantu benshi bavuga ko abakobwa aribo bakunda cyane abasore Ese n'ibyo?,relationship,0.8932,383,False
http://muhabura.rw/amakuru/urukundo/article/menya-ibintu-bitanu-umukobwa-agomba-kwirinda-akimenyana-n,relationship,Menya ibintu bitanu Umukobwa agomba kwirinda akimenyana n'umuhungu bwa mbere,relationship,0.9533,343,False
http://muhabura.rw/amakuru/urukundo/article/ingingo-8-zagufasha-kumenya-niba-umukunzi-wawe-asigaye,relationship,Ingingo 8 zagufasha kumenya niba umukunzi wawe asigaye aguca inyuma,relationship,0.9287,512,True
http://muhabura.rw/amakuru/urukundo/article/impamvu-5-zitera-abagabo-guca-inyuma-abagore-babo-bakajya,relationship,Impamvu 5 zitera abagabo guca inyuma abagore babo bakajya mu b'abaturanyi,relationship,0.957,509,False
http://muhabura.rw/amakuru/urukundo/article/sobanukirwa-ibintu-wakorera-umukobwa-nawe-agakora-uko,relationship,Sobanukirwa ibintu wakorera umukobwa nawe agakora uko ashoboye kugira ngo akwereke ko agukunda,relationship,0.9764,512,True
http://muhabura.rw/amakuru/urukundo/article/menya-impamvu-7-zituma-abantu-basomana-bafunze-amaso,relationship,Menya impamvu 7 zituma abantu basomana bafunze amaso ntawureba undi,relationship,0.8882,512,True
http://muhabura.rw/amakuru/urukundo/article/ibintu-6-by-ingenzi-bigaragaza-ko-umukobwa-atagifite-6185,relationship,Ibintu 6 by'ingenzi bigaragaza ko umukobwa atagifite agaciro imbere y'umuhungu,relationship,0.9654,512,True
http://muhabura.rw/amakuru/urukundo/article/sobanukirwa-impamvu-zituma-abo-mwakundanye-cyera-mugashwana,relationship,Sobanukirwa impamvu zituma abo mwakundanye cyera mugashwana bongera kugaruka,relationship,0.9677,512,True
http://muhabura.rw/amakuru/urukundo/article/mugore-wakora-iki-igihe-umugabo-wawe-aguciye-inyuma,relationship,Mugore Wakora iki igihe umugabo wawe aguciye inyuma ?,relationship,0.9688,512,True
http://muhabura.rw/amakuru/urukundo/article/mukobwa-ibintu-10-byakwereka-ko-umuhungu-agunda-by-ukuri,relationship,Mukobwa:Ibintu 10 byakwereka ko umuhungu agukunda by'ukuri cyangwa yishakira kuryamana nawe,relationship,0.9808,512,True
http://muhabura.rw/amakuru/urukundo/article/amagambo-meza-abakobwa-n-abagore-bishimira-kumva-igihe-6106,relationship,Amagambo meza Abakobwa n' Abagore bishimira kumva igihe cyose,relationship,0.7403,512,True
http://muhabura.rw/amakuru/urukundo/article/mugore-reba-ibimenyetso-22-byakwereka-ko-umugabo-wawe-6085,relationship,Mugore: Reba ibimenyetso 22 byakwereka ko umugabo wawe arambiwe kubana nawe,relationship,0.9742,512,True
http://muhabura.rw/amakuru/urukundo/article/dore-ibimenyetso-6-byakwereka-ko-umukobwa-mu-kundana,relationship,Dore ibimenyetso 6 byakwereka ko umukobwa mu kundana bizarangira abaye umugore wawe,relationship,0.9667,512,True
http://muhabura.rw/amakuru/urukundo/Inzira-4-zoroshye-zagufasha-kwegera-umukobwa-mu-ruhame-ukaba-wakigarurira-umutima-we,relationship,"Inzira 4 zoroshye zagufasha kwegera umukobwa mu ruhame, ukaba wakigarurira umutima we",relationship,0.913,512,True
http://muhabura.rw/amakuru/urukundo/article/amakosa-7-abasore-b-abanyarwanda-bashinjwa-n-abakobwa-mu,relationship,Amakosa 7 abasore b'abanyarwanda bashinjwa n'abakobwa mu rukundo,sport,0.5987,512,True
http://muhabura.rw/amakuru/urukundo/Inzira-7-wakoresha-kugira-ngo-umukobwa-utinya-kubera-ubwiza-bwe-umwegukane,relationship,Inzira 7 wakoresha kugira ngo umukobwa utinya kubera ubwiza bwe umwegukane,relationship,0.9668,512,True
http://muhabura.rw/amakuru/urukundo/article/dore-ibimenyetso-5-simusiga-bigaragaza-umugore-uca-inyuma,relationship,Dore ibimenyetso 5 simusiga bigaragaza umugore uca inyuma umugabo we,relationship,0.9482,512,True
http://muhabura.rw/amakuru/urukundo/article/sobanukirwa-bimwe-mu-bipimo-7-by-ingenzi-by-uburanga-bw,relationship,Sobanukirwa bimwe mu bipimo 7 by'ingenzi by'uburanga bw'umugore,health,0.9554,512,True
http://muhabura.rw/amakuru/urukundo/article/ese-koko-abagabo-bakunda-abagore-b-inzobe,relationship,Ese koko abagabo bakunda abagore b'inzobe ?,relationship,0.5538,512,True
http://muhabura.rw/amakuru/urukundo/article/dore-bimwe-mu-binyoma-abasore-bakunze-kubeshya-abakobwa,relationship,Dore bimwe mu binyoma abasore bakunze kubeshya abakobwa,relationship,0.898,512,True
http://muhabura.rw/amakuru/urukundo/article/wamenya-ute-ko-umukobwa-agukunda,relationship,Wamenya ute ko umukobwa agukunda?,relationship,0.9657,323,False
http://muhabura.rw/amakuru/urukundo/article/mugore-reba-ibimenyetso-22-byakwereka-ko-umugabo-wawe,relationship,Mugore: Reba ibimenyetso 22 byakwereka ko umugabo wawe arambiwe kubana nawe,relationship,0.9747,512,True
http://muhabura.rw/amakuru/urukundo/article/menya-impamvu-abagabo-bakunda-konka-amaberere-y-abakobwa,relationship,Menya impamvu abagabo bakunda konka amaberere y'Abakobwa,entertainment,0.8486,397,False
http://muhabura.rw/amakuru/urukundo/article/ibintu-10-byakwereka-ko-umuhungu-akunda-umukobwa-by-ukuri,relationship,Ibintu 10 byakwereka ko umuhungu akunda umukobwa by'ukuri cyangwa yishakira kuryamana nawe,relationship,0.9812,512,True
http://muhabura.rw/amakuru/urukundo/article/minisiteri-ya-siporo-n-umuco-yiyamye-abantu-n-ahantu-hose,relationship,Minisiteri ya Siporo n'umuco yiyamye abantu n'ahantu hose hanyuzwa amashusho y'urukozasoni,health,0.6387,458,False
http://muhabura.rw/amakuru/urukundo/article/ibimenyetso-5-simusiga-bigaragaza-umugore-uca-inyuma,relationship,Ibimenyetso 5 simusiga bigaragaza umugore uca inyuma umugabo we,relationship,0.9503,512,True
http://muhabura.rw/amakuru/urukundo/article/menya-imitwe-abakobwa-b-ikigihe-bakoresha-ngo-babone,relationship,Menya imitwe abakobwa b'ikigihe bakoresha ngo babone amafaranga mu buryo bworoshye,relationship,0.6701,512,True
http://muhabura.rw/amakuru/urukundo/article/dore-abantu-uzirinda-kugisha-inama-mu-rukundo,relationship,Dore abantu uzirinda kugisha inama mu rukundo,relationship,0.9287,512,True
http://muhabura.rw/amakuru/urukundo/article/inzira-7-wakoresha-umukobwa-utinya-kubera-ubwiza-bwe-akaba,relationship,Inzira 7 wakoresha umukobwa utinya kubera ubwiza bwe akaba uwawe,relationship,0.9723,512,True
http://muhabura.rw/amakuru/urukundo/article/menya-bimwe-mubimenyetso-wagenderaho-kugirango-umenye-ko,relationship,Menya bimwe mubimenyetso wagenderaho kugirango umenye ko umukobwa agukunda,relationship,0.9682,337,False
http://muhabura.rw/amakuru/urukundo/Zimwe-mu-ntandaro-z-ubusambanyi-hagati-y-abagabo-n-abakozi-bo-mu-rugo,relationship,Zimwe mu ntandaro z'ubusambanyi hagati y'abagabo n'abakozi bo mu rugo,relationship,0.7257,512,True
http://muhabura.rw/amakuru/urukundo/article/mukobwa-ibibazo-byiza-wabaza-umukunzi-wawe-kuri-st-valentin,relationship,Mukobwa:Ibibazo byiza wabaza umukunzi wawe kuri st valentin !,relationship,0.9562,512,True
http://muhabura.rw/amakuru/urukundo/article/amagambo-meza-abakobwa-n-abagore-bishimira-kumva-igihe,relationship,Amagambo meza Abakobwa n' Abagore bishimira kumva igihe cyose,relationship,0.8091,512,True
http://muhabura.rw/amakuru/urukundo/article/menya-ibinyoma-abakobwa-bakunze-kubeshya-abahungu,relationship,Menya ibinyoma abakobwa bakunze kubeshya abahungu,relationship,0.9181,512,False
http://muhabura.rw/amakuru/urukundo/article/menya-impamvu-zituma-abakunzi-bawe-mwashwanye-bakomeza,relationship,Menya impamvu zituma abakunzi bawe mwashwanye bakomeza kugaruka,relationship,0.9655,512,True
http://muhabura.rw/amakuru/urukundo/article/byagufasha-muhungu-reba-inzira-zagufasha-gutangira,relationship,Byagufasha: Muhungu reba inzira zagufasha gutangira ikiganiro kiryoshye n'umukobwa,relationship,0.9235,512,True
http://muhabura.rw/amakuru/urukundo/article/dore-impamvu-umukobwa-mwiza-kudakundwa-n-abahungu,relationship,Dore Impamvu umukobwa mwiza adakundwa n'abahungu,relationship,0.9442,512,True
http://muhabura.rw/amakuru/urukundo/article/dore-ibintu-by-ingenzi-abagore-bavuga-ko-biranga-umugabo,relationship,Dore ibintu by'ingenzi abagore bavuga ko biranga umugabo mwiza,relationship,0.9741,512,True
http://muhabura.rw/amakuru/urukundo/article/ibintu-6-by-ingenzi-bigaragaza-ko-umukobwa-atagifite,relationship,Ibintu 6 by'ingenzi bigaragaza ko umukobwa atagifite agaciro imbere y'umuhungu,relationship,0.963,512,True
http://muhabura.rw/amakuru/urukundo/article/bamwe-mu-bakobwa-ugomba-kwirinda-kuryamana-nabo,relationship,Bamwe mu bakobwa ugomba kwirinda kuryamana nabo,relationship,0.8061,387,False
http://muhabura.rw/amakuru/urukundo/article/mu-mibonano-mpuzabitsina-umugore-unyara-ni-ingenzi-cyane,relationship,Dore ibimenyetso ushobora kurebesha amaso ku mukobwa ukamenya ko afite amazi,relationship,0.7041,367,False
http://muhabura.rw/amakuru/urukundo/article/menya-ibyiza-byo-gushaka-umugore-ukunda-imikino,relationship,Menya ibyiza byo gushaka umugore ukunda imikino,relationship,0.7087,512,True
http://muhabura.rw/amakuru/urukundo/article/menya-ibintu-bishobora-kurinda-urukundo-rw-abashakanye,relationship,Menya Ibintu bishobora kurinda urukundo rw'abashakanye,relationship,0.9656,512,True
http://muhabura.rw/amakuru/urukundo/article/iyo-ukunda-umuntu-urukundo-rw-agahararo-wowe,relationship,Menya ibimenyetso biranga urukundo rw'agahararo,relationship,0.9597,512,True
http://muhabura.rw/amakuru/urukundo/article/menya-amagambo-abakobwa-babwira-abakunzi-babo-bakarushaho,relationship,Menya amagambo abakobwa babwira abakunzi babo bakarushaho kubishimira,relationship,0.965,512,True
http://muhabura.rw/amakuru/urukundo/article/dore-ibintu-ugomba-gukora-nyuma-y-uko-utandukana-n-umukunzi,relationship,Dore ibintu ugomba gukora nyuma y'uko utandukana n'umukunzi wawe cyangwa uwo mwashakanye,relationship,0.941,512,True
http://muhabura.rw/amakuru/urukundo/article/mu-buriri-nta-kintu-amarira-mungire-inama,relationship,Mu buriri nta kintu amarira mungire inama,relationship,0.9793,512,True
http://muhabura.rw/amakuru/urukundo/article/dore-ibintu-ushobora-gukora-kugira-ngo-ushimishe-uwo-ukunda,relationship,Dore ibintu ushobora gukora kugira ngo ushimishe uwo ukunda,relationship,0.9484,512,True
http://muhabura.rw/amakuru/urukundo/article/menya-ibintu-abakobwa-bakunda-kubeshya-abahungu,relationship,Menya ibintu abakobwa bakunda kubeshya abahungu,relationship,0.9687,512,True
http://muhabura.rw/amakuru/urukundo/article/nukorera-umukobwa-ibi-nawe-azagerageza-akore-uko-ashoboye,relationship,Nukorera umukobwa ibi nawe azagerageza akore uko ashoboye kugira ngo akwereke ko agukunda!,relationship,0.977,512,True
http://muhabura.rw/amakuru/urukundo/article/menya-bimwe-mu-bintu-6-impuguke-zigaragaza-umugabo-agomba,relationship,Menya bimwe mu bintu 6 impuguke zigaragaza umugabo agomba kuba ufite mbere y'uko gushaka Umugore,relationship,0.9562,475,False
http://muhabura.rw/amakuru/urukundo/article/inzira-zoroshye-zo-kwegera-umukobwa-muruhame-ukaba,relationship,"Inzira zoroshye zo kwegera umukobwa muruhame, ukaba wakigarurira umutima we.",relationship,0.964,512,True
http://muhabura.rw/amakuru/urukundo/article/hari-amakosa-amwe-n-amwe-ashobora-gukorwa-n-umwe-mu,relationship,Menya Ibintu abahungu bakora bigatuma abakobwa bazinukwa urukundo,relationship,0.9705,512,True
http://muhabura.rw/amakuru/urukundo/article/impamvu-zituma-abantu-basomana-bafunze-amaso-ntawureba-undi,relationship,Impamvu zituma abantu basomana bafunze amaso ntawureba undi,relationship,0.5577,490,False
http://muhabura.rw/amakuru/urukundo/article/inama-zizagufasha-kugira-no-kubona-urukundo-ruhamye,relationship,Inama zizagufasha kugira no kubona urukundo ruhamye,relationship,0.9618,512,True
http://muhabura.rw/amakuru/urukundo/article/niba-ujya-utekereza-ibi-ntuzirirwe-ushaka-umugabo-cyangwa,relationship,Niba Ujya Utekereza Ibi Ntuzirirwe Ushaka Umugabo cyangwa Umugore,relationship,0.8695,424,False
http://muhabura.rw/amakuru/urukundo/article/impamvu-10-zigaragaza-ko-umukobwa-agushakaho-urukundo,relationship,Impamvu 10 zigaragaza ko umukobwa agushakaho urukundo,relationship,0.9606,512,True
http://muhabura.rw/amakuru/urukundo/article/burya-ngo-uko-amabere-y-aba-ameze-kose-abagabo-barayakunda,relationship,Burya ngo uko amabere y'aba ameze kose abagabo barayakunda!,relationship,0.745,512,True
http://muhabura.rw/amakuru/urukundo/article/kugira-ngo-umukobwa-akurure-umuhungu-hari-ibyo-agomba,relationship,"Kugira ngo umukobwa akurure umuhungu, hari ibyo agomba kwitwararika (soma inkuru)",relationship,0.9549,512,True
http://muhabura.rw/amakuru/urukundo/article/dore-ibimenyetso-bikomeye-bitanu-byerekana-urukundo,relationship,Dore Ibimenyetso bikomeye bitanu byerekana urukundo,relationship,0.806,512,True
http://muhabura.rw/amakuru/urukundo/article/abakobwa-baraburirwa-kudakunda-abasore-b-amatuza-manini,relationship,Abakobwa Baraburirwa Kudakunda Abasore b'Amatuza Manini,relationship,0.8939,426,False
http://muhabura.rw/amakuru/urukundo/article/mu-ngire-inama-tumaze-icyumeru-dusezeranye-none-umugore,relationship,Mu ngire Inama:Tumaze icyumeru Dusezeranye None Umugore wange aratwite kandi yari yarabwiye ko ari Isugi,relationship,0.973,207,False
http://muhabura.rw/amakuru/urukundo/article/dore-impamvu-7-zituma-abantu-bakunda-gukora-imibonano,relationship,Dore impamvu 7 zituma abantu bakunda gukora imibonano mpuzabitsina,relationship,0.8646,512,True
http://muhabura.rw/amakuru/urukundo/article/uruhande-rumwe-rushinja-urundi-ko-ari-rwo-rubeshya-cyane,relationship,Uruhande rumwe rushinja urundi ko ari rwo rubeshya cyane kuri telefone kurusha urundi,relationship,0.5646,512,True
http://muhabura.rw/amakuru/urukundo/article/mbese-umugabo-atera-umugore-we-gusambana-ate,relationship,Mbese Umugabo Atera Umugore we Gusambana Ate?,religion,0.9688,512,True
http://muhabura.rw/amakuru/urukundo/article/mungire-inama-umugabo-wange-afite-akabazo-mu-gutera,relationship,Mungire Inama: Umugabo wange afite akabazo mu gutera akabariro kandi mbona mbimubwiye yabyakira nabi,relationship,0.9083,376,False
http://muhabura.rw/amakuru/urukundo/article/ibintu-7-byakwereka-ko-umugabo-wawe-adashobora-kureka,relationship,Ibintu 7 byakwereka ko umugabo wawe adashobora kureka kugukunda nubwo byagenda bite,relationship,0.9698,512,True
http://muhabura.rw/amakuru/urukundo/article/dore-ibintu-20-ushobora-gukora-kugira-ngo-ubagarire,relationship,Dore ibintu 20 ushobora gukora kugira ngo ubagarire urukundo kandi unashimishe uwo ukunda,relationship,0.8652,512,True
http://muhabura.rw/amakuru/urukundo/article/episode-5-umubano-usigaye-uri-hagati-ya-jack-na-fiston,relationship,EPISODE 5: Umubano usigaye uri hagati ya Jack na Fiston uhatse byinshi gusa ni amahirwe kuri Angel…………….,entertainment,0.892,512,True
http://muhabura.rw/amakuru/urukundo/article/episode-4-bwa-mbere-fiston-akandagiye-mu-ishuli-gusa-ntago,relationship,EPISODE 4: Bwa mbere Fiston akandagiye mu Ishuli gusa ntago bimworoheye……………….,relationship,0.5581,512,True
http://muhabura.rw/amakuru/urukundo/article/menya-imyumvire-abantu-benshi-bagira-ku-mibonano,relationship,Menya imyumvire abantu benshi bagira ku mibonano mpuzabitsina idafite ishingiro na gato,health,0.4998,512,True
http://muhabura.rw/amakuru/urukundo/article/ibimenyetso-7-bizakwereka-ko-inshuti-yawe-igukunda-by-ukuri,relationship,Ibimenyetso 7 bizakwereka ko inshuti yawe igukunda by'ukuri,relationship,0.9689,512,True
http://muhabura.rw/amakuru/urukundo/article/dore-impamvu-zituma-inkumi-zibeshya-abahungu,relationship,Dore impamvu zituma Inkumi zibeshya Abahungu,relationship,0.9409,459,False
http://muhabura.rw/amakuru/urukundo/article/imitoma-12-irenze-ushobora-kwifashisha-kugira-ngo-ugushe,relationship,Imitoma 12 irenze ushobora kwifashisha kugira ngo ugushe neza umukunzi wawe,relationship,0.9289,512,True
http://muhabura.rw/amakuru/urukundo/article/muhungu-menya-amagambo-ukobwa-ashobora-ku-kubwira-ugakeka,relationship,"Muhungu menya amagambo ukobwa ashobora ku kubwira, ugakeka ko ari ukuri,nyamara atariko",relationship,0.9315,512,True
http://muhabura.rw/amakuru/urukundo/article/impamvu-5-zitera-abagabo-guca-inyuma-abagore-babo-bakigira,relationship,Impamvu 5 zitera abagabo guca inyuma abagore babo bakigira mu b'abaturanyi,relationship,0.9468,512,True
http://muhabura.rw/amakuru/urukundo/article/menya-ibintu-abahungu-benshi-bahita-bihutira-kureba-iyo,relationship,Menya ibintu Abahungu benshi bahita bihutira kureba iyo bahuye n'umukobwa bwa mbere,relationship,0.9703,512,True
http://muhabura.rw/amakuru/urukundo/article/episode-3-fiston-yongeye-guhura-na-angel-mu-buryo,relationship,EPISODE 3: Fiston yongeye guhura na Angel mu buryo butunguranye ariko bombi Babura uwabanza undi…………………,religion,0.2838,512,True
http://muhabura.rw/amakuru/urukundo/article/episode-2-fiston-yemerewe-kujya-kuba-hanze-y-ikigo-muri,relationship,EPISODE 2: Fiston yemerewe kujya kuba hanze y'ikigo muri Getho na Frank ariko ikibazo ni uko…………,entertainment,0.6791,296,False
http://muhabura.rw/amakuru/urukundo/article/episode-1-fiston-ageze-ku-ishuli-bwa-mbere-ku-marembo,relationship,EPISODE 1: Fiston ageze ku ishuli bwa mbere ku marembo yinjira mu kigo ahura n'umukobwa…….,education,0.6565,512,True
http://muhabura.rw/amakuru/urukundo/article/wifuzaga-kumenya-ko-umukobwa-agukunda-dore-bimwe-mu,relationship,"Wifuzaga kumenya ko umukobwa agukunda , dore bimwe mu bimenyetso uzamubonaho",relationship,0.9699,512,True
http://muhabura.rw/amakuru/urukundo/article/ese-kuki-bamwe-bakundanana-bakarambana-abandi-bagakundana,relationship,"Ese kuki bamwe bakundanana bakarambana, abandi bagakundana Urudashoboka?",relationship,0.622,512,True
http://muhabura.rw/amakuru/urukundo/article/ese-ingano-y-igitsina-cy-umugabo-ni-ngombwa-uburyo-5,relationship,"Ese ingano y'igitsina cy'umugabo ni ngombwa, uburyo 5 wamenya umugabo ufite agatsina gato",relationship,0.8978,445,False
http://muhabura.rw/amakuru/urukundo/article/muhungu-niba-ujya-utinya-kubwira-umukobwa-ko-umukunda-kora,relationship,Muhungu Niba Ujya Utinya Kubwira Umukobwa Ko Umukunda Kora ibi!,relationship,0.9564,512,True
http://muhabura.rw/amakuru/urukundo/article/menya-impamvu-abagore-bakunda-abagabo-cyangwa-abasore,relationship,Menya impamvu abagore bakunda abagabo cyangwa abasore bakuze,relationship,0.927,471,False
http://muhabura.rw/amakuru/urukundo/article/dore-ibanga-wakoresha-kugira-ngo-ushimishe-umukunzi-wawe,relationship,Dore Ibanga wakoresha kugira ngo ushimishe umukunzi wawe,relationship,0.9554,512,True
http://muhabura.rw/amakuru/urukundo/article/mugore-nawe-mukobwa-wikomeza-kwibeshya-ku-nzarati,relationship,Mugore nawe mukobwa wikomeza kwibeshya ku nzarati,relationship,0.9636,512,True
http://muhabura.rw/amakuru/urukundo/article/abahungu-benshi-bibaza-impamvu-abakobwa-batabakunda-dore,relationship,Abahungu benshi bibaza impamvu abakobwa batabakunda! Dore bimwe wakora kugirango ugire igikundiro,relationship,0.9283,436,False
http://muhabura.rw/amakuru/urukundo/article/amakosa-9-wakirinda-gukorera-umukunzi-wawe,relationship,Amakosa 9 Wakirinda Gukorera Umukunzi Wawe,relationship,0.9627,512,True
http://muhabura.rw/amakuru/urukundo/article/inzira-9-zatuma-ubushuti-ufitanye-n-umuntu-burushaho,relationship,Inzira 9 zatuma ubushuti ufitanye n'umuntu burushaho gukomeza,health,0.6275,512,True
http://muhabura.rw/amakuru/urukundo/article/dore-amafuti-5-inkumi-zikora-ngo-abasore-bihutishe-ubukwe,relationship,Dore Amafuti 5 Inkumi zikora ngo abasore bihutishe ubukwe,relationship,0.9681,512,True
http://muhabura.rw/amakuru/urukundo/article/amagambo-11-wabwira-umukunzi-wawe-akamunyura-umutima,relationship,Amagambo 11 Wabwira Umukunzi Wawe Akamunyura Umutima,relationship,0.9466,512,True
http://muhabura.rw/amakuru/urukundo/article/mbigenze-nte-ngo-mwibagirwe-nubwo-yantanye-abana,relationship,Mbigenze nte! ngo mwibagirwe nubwo yantanye abana,relationship,0.8816,256,False
http://muhabura.rw/amakuru/urukundo/article/dore-ibintu-8-wakorera-umugore-wawe-akishima-mu-gihe-uri,relationship,Dore ibintu 8 wakorera umugore wawe akishima mu gihe uri gutera akabariro,relationship,0.9482,512,True
http://muhabura.rw/amakuru/urukundo/article/yabwiye-umugabo-we-kuzana-undi-mugore-none-yishyize-mu-mazi,relationship,Yabwiye umugabo we kuzana undi mugore none yishyize mu mazi abira,relationship,0.8743,257,False
http://muhabura.rw/amakuru/urukundo/article/irinde-gukora-ibi-mbere-yo-kurushinga,relationship,Irinde Gukora Ibi Mbere yo Kurushinga,relationship,0.9622,512,True
http://muhabura.rw/amakuru/urukundo/article/ese-ujya-uhura-n-ikibazo-cyo-kudashimisha-umukunzi-mu,relationship,Ese ujya uhura n'ikibazo cyo kudashimisha umukunzi mu busaswa? Dore igisubizo,relationship,0.9493,512,True
http://muhabura.rw/amakuru/urukundo/article/mugore-cyangwa-mukobwa-dore-ibintu-16-bizakwereka-ko,relationship,"Mugore cyangwa Mukobwa, Dore ibintu 16 bizakwereka ko Umusore Agukunda",relationship,0.9674,512,True
http://muhabura.rw/amakuru/urukundo/article/ibintu-10-buri-mugabo-adakunda-ku-mugore-we,relationship,Ibintu 10 buri mugabo adakunda ku mugore we,relationship,0.9761,512,True
http://muhabura.rw/amakuru/urukundo/article/ibimenyetso-10-byakwereka-ko-urukundo-ufitanye-n-umukunzi,relationship,Ibimenyetso 10 byakwereka ko urukundo ufitanye n'umukunzi wawe rwakonje,relationship,0.9571,512,True
http://muhabura.rw/amakuru/urukundo/article/mugore-dore-bimwe-mu-bintu-byoroheje-abagabo-bakunda,relationship,Mugore dore bimwe mu bintu byoroheje abagabo bakunda,relationship,0.9276,512,True
http://muhabura.rw/amakuru/urukundo/article/menya-ibintu-by-ingenzi-abakobwa-babona-ku-bahungu,relationship,Menya Ibintu by'Ingenzi abakobwa babona ku bahungu bishobora kubakurura,relationship,0.8826,484,False
http://muhabura.rw/amakuru/urukundo/article/hari-ingeso-zimwe-na-zimwe-abagore-bagira-nyuma-yo,relationship,Hari ingeso zimwe na zimwe abagore bagira nyuma yo kurongorwa zigatuma abagabo babo bahorana agahinda,relationship,0.516,512,True
http://muhabura.rw/amakuru/urukundo/article/zimwe-mu-mpamvu-zishobora-gutuma-umukobwa-atabona-inshuti,relationship,Zimwe mu mpamvu zishobora gutuma umukobwa atabona inshuti,relationship,0.964,512,True
http://muhabura.rw/amakuru/urukundo/article/abagore-ntishimira-uburyo-babanye-n-abagabo-babo-babaca,relationship,"Abagore Ntishimira uburyo babanye n'abagabo babo babaca inyuma, bakarushaho kubereka urukundo!",relationship,0.8535,512,True
http://muhabura.rw/amakuru/urukundo/article/abagore-n-abakobwa-batangaje-ibintu-biranga-umugabo-mwiza,relationship,Abagore n'abakobwa batangaje ibintu biranga umugabo mwiza,relationship,0.8882,443,False
http://muhabura.rw/amakuru/urukundo/article/mungire-inama-mfite-umugabo-unkunda-ariko-nta-mwanya,relationship,Mungire inama: Mfite umugabo Unkunda ariko nta mwanya amfitiye,relationship,0.9595,428,False
http://muhabura.rw/amakuru/urukundo/article/bimwe-mu-bimenyetso-byakwereka-ko-umukobwa-agukunda,relationship,Bimwe mu bimenyetso byakwereka ko umukobwa agukunda,relationship,0.946,512,True
http://muhabura.rw/amakuru/urukundo/article/menya-uko-wasaba-imbabazi-inshuti-yawe-ndetse-n-uwo,relationship,Menya Uko wasaba imbabazi inshuti yawe ndetse n'uwo mwashakanye,relationship,0.7643,512,True
http://muhabura.rw/amakuru/urukundo/article/nshake-umukobwa-cg-umugore-ko-natanye-n-umugore-wanjye,relationship,Nshake umukobwa cg umugore? ko Natanye n'umugore wanjye,relationship,0.9589,373,False
http://muhabura.rw/amakuru/urukundo/article/abagabo-bakunda-imibonano-mpuzabitsina-kurusha-abagore,relationship,"Abagabo bakunda imibonano mpuzabitsina kurusha abagore, ariko abagore baryoherwa cyane kurusha abagabo!",health,0.6961,509,False
http://muhabura.rw/amakuru/urukundo/article/ndagisha-inama-maranye-imyaka-3-n-umugabo-ariko-kureka,relationship,Ndagisha inama: Maranye imyaka 3 n 'umugabo ariko kureka inkumi byaramunaniye,relationship,0.9329,400,False
http://muhabura.rw/amakuru/urukundo/article/umugabo-ugenzwa-n-irari-ry-umubiri-gusa-burya-aba-azi,relationship,Umugabo ugenzwa n'irari ry'umubiri gusa burya aba azi gutereta,relationship,0.6933,176,False
http://muhabura.rw/amakuru/urukundo/article/menya-impamvu-11-zishobora-gutuma-umugabo-ata-urugo-rwe,relationship,Menya impamvu 11 zishobora gutuma umugabo ata urugo rwe akagenda biturutse k'umugore we,relationship,0.9766,512,True
http://muhabura.rw/amakuru/urukundo/article/ningombwa-ko-uteye-umukobwa-inda-ugomba-guhita-umugira,relationship,Ningombwa ko uteye umukobwa inda ugomba guhita umugira umugore wawe?,relationship,0.802,512,True
http://muhabura.rw/amakuru/urukundo/article/umufasha-wanjye-mbona-azantera-kumaca-inyuma-kandi,relationship,Umufasha wanjye mbona azantera kumaca inyuma kandi bizambabaza,relationship,0.8335,354,False
http://muhabura.rw/amakuru/urukundo/article/menya-uburyo-wakoresha-mugusaba-imbabazi-umukunzi-wawe,relationship,Menya uburyo wakoresha mugusaba imbabazi umukunzi wawe,relationship,0.937,512,True
http://muhabura.rw/amakuru/urukundo/article/menya-ibimenyetso-byerekana-imikorere-y-urukundo,relationship,Menya Ibimenyetso byerekana Imikorere y'urukundo,relationship,0.7416,512,True
http://muhabura.rw/amakuru/urukundo/article/perezida-kagame-yashimiye-girihirirwe,relationship,Perezida Kagame yashimiye Girihirirwe,politics,0.9871,195,False
http://muhabura.rw/amakuru/urukundo/article/dore-amwe-mu-marenga-wakoresha-ugatuma-umuntu-agukunda,relationship,Dore amwe mu marenga wakoresha ugatuma umuntu agukunda byihuse,culture,0.4509,512,True
http://muhabura.rw/amakuru/urukundo/article/menya-impamvu-gusohokana-n-inshuti-zawe-uri-kumwe-n,relationship,Menya impamvu gusohokana n'inshuti zawe uri kumwe n'umukunzi wawe bigira ingaruka?,relationship,0.9508,512,True
http://muhabura.rw/amakuru/urukundo/article/dore-ibintu-ushobora-gukora-kugira-ngo-ubagarire-urukundo,relationship,Dore ibintu ushobora gukora kugira ngo ubagarire urukundo kandi unashimishe uwo ukunda,relationship,0.9109,512,True
http://muhabura.rw/amakuru/urukundo/article/ibintu-umugore-aba-akeneye-gukorerwa-n-umugabo-mu-gihe-cyo,relationship,Ibintu umugore aba akeneye gukorerwa n'umugabo mu gihe cyo gutera akabariro,relationship,0.9768,512,True
http://muhabura.rw/amakuru/urukundo/article/ubuhamya-yambeshye-amafaranga-kugira-ngo-mugire-umugore,relationship,Ubuhamya: Yambeshye amafaranga kugira ngo mugire umugore nyuma aza kunyihakana,relationship,0.9633,512,True
http://muhabura.rw/amakuru/urukundo/article/menya-ibintu-7-by-ingenzi-biranga-umugore-ukunda-umugabo-we,relationship,Menya ibintu 7 by'ingenzi biranga umugore ukunda umugabo we !,relationship,0.9752,450,False
http://muhabura.rw/amakuru/urukundo/article/abasore-batangaje-impamvu-zituma-batinda-gushaka-abagore,relationship,Abasore batangaje Impamvu zituma batinda gushaka Abagore,relationship,0.9431,512,True
http://muhabura.rw/amakuru/urukundo/article/abanyabwenge-bashyize-ibyiciro-biranga-abakobwa-babi-ni,relationship,Abanyabwenge bashyize ibyiciro biranga Abakobwa babi ni biranga abeza!,relationship,0.9652,512,True
http://muhabura.rw/amakuru/urukundo/article/ndifuza-umugore-ariko-mbona-ntawunyitayeho,relationship,Ndifuza umugore ariko mbona ntawunyitayeho,relationship,0.9516,376,False
http://muhabura.rw/amakuru/urukundo/article/ntibavuga-rumwe-mu-gucana-inyuma-ku-bashakanye,relationship,Ntibavuga rumwe mu Gucana inyuma ku bashakanye,relationship,0.9424,512,True
http://muhabura.rw/amakuru/urukundo/article/dore-ibintu-byagufasha-kumererwa-neza-wowe-n-umukunzi-wawe,relationship,Dore ibintu byagufasha kumererwa neza wowe n'umukunzi wawe mu ijoro ry'urukundo,relationship,0.9622,512,True
http://muhabura.rw/amakuru/urukundo/article/ese-waba-uzi-impamvu-kubaho-utagira-umukunzi-bigira-akamaro,relationship,Ese waba uzi impamvu kubaho utagira umukunzi bigira akamaro cyane cyane ku bakobwa??,relationship,0.9648,512,True
http://muhabura.rw/amakuru/urukundo/article/uburyo-wakora-imibonano-mpuzabitsina-n-umugore-wawe-akaba,relationship,Uburyo wakora imibonano mpuzabitsina n'umugore wawe akaba yasama inda ikazavuka ari umuhungu.,relationship,0.5441,512,True
http://muhabura.rw/amakuru/urukundo/article/ibintu-bitanu-byagufasha-kumenya-niba-umukobwa-w-inshuti,relationship,Ibintu bitanu byagufasha kumenya niba umukobwa w'inshuti yawe (girlfriend) agukunda koko,relationship,0.8902,512,True
http://muhabura.rw/amakuru/urukundo/article/impamvu-10-zitera-gutandukana-kw-abashakanye,relationship,Impamvu 10 zitera gutandukana kw'abashakanye,relationship,0.9703,512,True
http://muhabura.rw/amakuru/urukundo/article/uyu-namugiriye-impuhwe-muzana-iwange-muha-akazi-none,relationship,Uyu namugiriye impuhwe muzana iwange muha akazi none amaherezo aransenyeye kubera kugira ineza kwange,relationship,0.9383,512,True
http://muhabura.rw/amakuru/urukundo/hari-inzira-zagufasha-kwereka,relationship,Hari inzira zagufasha kwereka umuntu w'inshuti yawe ko umukunda:,relationship,0.9294,512,True
http://muhabura.rw/amakuru/urukundo/ibintu-by-ingenzi-umusore-agomba,relationship,Ibintu by' ingenzi Umusore agomba kuba afite kugirango inkumi zimukunde,relationship,0.9635,512,True
http://muhabura.rw/amakuru/urukundo/article/bimwe-mu-biranga-umukobwa-utagukunda-ahubwo-ugukundira-ibyo,relationship,Bimwe mu Biranga Umukobwa Utagukunda Ahubwo Ugukundira Ibyo Utunze,relationship,0.8174,512,True
http://muhabura.rw/amakuru/urukundo/article/ububi-bw-umugore-ntaho-buhurira-n-ibyo-umuntu-abona-inyuma,relationship,"Ububi bw'umugore ntaho buhurira n'ibyo umuntu abona inyuma -""Menya impamvu""",relationship,0.973,512,True
http://muhabura.rw/amakuru/urukundo/article/irinde-ibi-bintu-wowe-muhungu-utazatuma-umukobwa-mukundana,relationship,Irinde ibi bintu wowe muhungu utazatuma umukobwa mukundana azinukwa urukundo,relationship,0.9687,512,True
http://muhabura.rw/amakuru/urukundo/article/ibintu-13-abagore-bakwiye-gukora-kugirango-abagabo-ba,relationship,"Ibintu 13 Abagore bakwiye gukora , kugirango abagabo ba biyumvemo",relationship,0.9483,68,False
http://muhabura.rw/amakuru/urukundo/article/data-utubyara-warakoze-cyane-ku-bwitange-wagize-muri-biriya,relationship,Data utubyara Warakoze cyane ku bwitange wagize muri biriya bihe kugeza n'ubu- Ange Ingabire Kagame,politics,0.871,346,False
http://muhabura.rw/amakuru/urukundo/article/inama-kuri-wowe-witegura-kurushinga,relationship,Inama kuri wowe witegura kurushinga,religion,0.4826,512,True
http://muhabura.rw/amakuru/urukundo/article/ndi-umukobwa-w-imyaka-25-y-amavuko-na-bujijwe-gushaka-n,relationship,"Ndi Umukobwa w'imyaka 25 y'Amavuko , na bujijwe gushakana n' umuhungu dukundana ''mbigenze nte?''",relationship,0.4676,365,False
http://muhabura.rw/amakuru/urukundo/article/menya-inzira-zingenzi-43-utaruzi-wakoresha-wereka-abagore-n,relationship,Menya Inzira zingenzi 43 utaruzi wakoresha wereka abagore n'abakobwaubereka ko ubakunda!,relationship,0.8257,512,True
http://muhabura.rw/amakuru/urukundo/article/abakobwa-bamwe-bageze-igihe-cyo-gushaka-bafite-ikibazo-cyo,relationship,Abakobwa bamwe bageze igihe cyo gushaka bafite ikibazo cyo kubona abasore bafite gahunda,relationship,0.5065,420,False
http://muhabura.rw/amakuru/urukundo/article/rimwe-na-rimwe-aya-makosa-hari-abakobwa-ananira,relationship,Rimwe na rimwe aya makosa hari abakobwa ananira kwihanganira,relationship,0.9507,512,True
http://muhabura.rw/amakuru/urukundo/article/ibi-nibimenyetso-10-biguhishurira-neza-urukundo-rw,relationship,Ibi nibimenyetso 10 biguhishurira neza urukundo rw'agahararo,relationship,0.9484,512,True
http://muhabura.rw/amakuru/urukundo/article/ibyo-wakora-kugirango-wigarurire-umutima-w-umukunzi-wawe,relationship,Ibyo wakora kugirango wigarurire umutima w'umukunzi wawe,relationship,0.9604,512,True
http://muhabura.rw/amakuru/urukundo/article/dore-uburyo-10-bwakwereka-ko-umukobwa-agushakaho-urukundo,relationship,Dore Uburyo 10 bwakwereka ko umukobwa agushakaho urukundo,relationship,0.9554,512,True
http://muhabura.rw/amakuru/urukundo/article/uko-umusore-cyangwa-umugabo-uzi-urukundo-yitwara-imbere-y,relationship,Uko umusore cyangwa Umugabo uzi urukundo yitwara imbere y'Umukobwa bakundana,relationship,0.9423,512,True
http://muhabura.rw/amakuru/urukundo/article/menya-akamaro-ko-gukorakoranaho-caresses-mbere-y-igikorwa,relationship,Menya akamaro ko gukorakoranaho(caresses) mbere y'igikorwa cy'imibonano mpuzabitsina,relationship,0.9132,512,True
http://muhabura.rw/amakuru/urukundo/article/menya-inama-7-z-uburyo-urukundo-rwawe-rushobora-kuramba,relationship,Menya inama 7 z'uburyo urukundo rwawe rushobora kuramba,relationship,0.9518,512,True
http://muhabura.rw/amakuru/urukundo/article/ibintu-7-wakora-ngo-ubane-neza-n-uwo-mwashakanye,relationship,Ibintu 7 wakora ngo ubane neza n'uwo mwashakanye,relationship,0.8575,512,True
http://muhabura.rw/amakuru/urukundo/article/ibimenyetso-byakwereka-ko-umuhungu-ugukunda-by-ukuri,relationship,Ibimenyetso byakwereka ko Umuhungu ugukunda by'Ukuri,relationship,0.8501,512,True
http://muhabura.rw/amakuru/urukundo/article/ibyishimo-bibonerwa-mu-mibonano-ku-bagore-hirya-no-hino-kw,relationship,Ibyishimo bibonerwa mu mibonano ku bagore hirya no hino kw'isi ntibyakunze kwitabwaho,relationship,0.4591,116,False
http://muhabura.rw/amakuru/urukundo/article/umukobwa-uwo-ariwe-wese-iyo-agiye-mu-rukundo-aba-asa-n,relationship,Umukobwa uwo ariwe wese iyo agiye mu rukundo aba asa n'utuye umutwaro wari umuremereye,relationship,0.968,512,True
http://muhabura.rw/amakuru/urukundo/article/hashize-amezi-3-umugabo-wanjye-afite-ikibazo-cyo-kuba,relationship,Hashize amezi 3 Umugabo wanjye afite ikibazo cyo kuba ntacyo Akimbaza ku buriri,relationship,0.7507,358,False
http://muhabura.rw/amakuru/urukundo/article/mbifata-nk-agasuzuguro-kubona-buri-munsi-umugore-wanjye,relationship,Mbifata nk'agasuzuguro kubona buri munsi umugore wanjye acyurwa n'umukoresha we!,relationship,0.9402,394,False
http://muhabura.rw/amakuru/urukundo/article/imyitwarire-abasore-na-abagabo-bagira-ikunze-gukurura,relationship,Imyitwarire Abasore na abagabo bagira ikunze gukurura abakobwa!,relationship,0.959,512,True
http://muhabura.rw/amakuru/urukundo/article/menya-byinshi-ku-kurangiza-k-umugore-mu-gihe-cyo-gutera,relationship,Menya byinshi ku kurangiza k'Umugore mu gihe cyo gutera Akabariro,health,0.491,512,True
http://muhabura.rw/amakuru/urukundo/article/bimwe-mu-bintu-biranga-umugore-cyangwa-umukobwa-utinya,relationship,Bimwe mu bintu biranga umugore cyangwa umukobwa utinya imibonano mpuzabitsina,relationship,0.7063,230,False
http://muhabura.rw/amakuru/urukundo/article/ese-wari-uzi-ibanga-ry-ibintu-abagabo-bakunda-ku-bagore,relationship,Ese wari uzi ibanga ry'ibintu abagabo bakunda ku bagore babo?,relationship,0.9385,512,True
http://muhabura.rw/amakuru/urukundo/article/ibimenyetso-5-ushobora-kumenyerako-umukobwa-yagukunze,relationship,Ibimenyetso 5 ushobora kumenyeraho ko umukobwa yagukunze,relationship,0.9214,492,False
http://muhabura.rw/amakuru/urukundo/article/umusore-yarambeshye-nanirwa-kumwikura-imbere,relationship,Umusore yarambeshye nanirwa kumwikura imbere!,relationship,0.9652,512,True
http://muhabura.rw/amakuru/urukundo/article/urukundo-nkunda-umwarimu-unyigisha-rugiye-kunsaza-mbigenze,relationship,Urukundo nkunda umwarimu unyigisha rugiye kunsaza….Mbigenze nte?,relationship,0.7215,372,False
http://muhabura.rw/amakuru/urukundo/article/nizihe-mpamvu-zigutera-kuba-washaka-undi-mukunzi-ukareka,relationship,Nizihe mpamvu zigutera kuba washaka undi mukunzi ukareka uwambere?(Soma inkuru),relationship,0.9548,512,True
http://muhabura.rw/amakuru/urukundo/article/menya-ibyagufasha-kubana-mu-mahoro-n-uwo-mumaze-kubyarana,relationship,Menya Ibyagufasha kubana mu mahoro n'Uwo mumaze kubyarana,relationship,0.7808,512,True
http://muhabura.rw/amakuru/urukundo/article/menya-impamvu-abagore-bakunda-abagabo-ba-barusha-amashuri,relationship,Menya impamvu abagore bakunda abagabo ba barusha amashuri,relationship,0.9424,512,True
http://muhabura.rw/amakuru/urukundo/article/dore-bimwe-mu-biranga-umugore-mwiza,relationship,Dore bimwe mu biranga umugore mwiza,relationship,0.9723,319,False
http://muhabura.rw/amakuru/urukundo/article/mbigenze-nte-nkundwa-na-mwalimu-wanjye-nimungire-inama,relationship,Mbigenze nte? Nkundwa na mwalimu wanjye nimungire inama,relationship,0.8439,512,True
http://muhabura.rw/amakuru/urukundo/article/menya-byinshi-amasohoro-yongera-ibyishimo-kubagore,relationship,Menya byinshi Amasohoro yongera ibyishimo kubagore!,relationship,0.5239,233,False
http://muhabura.rw/amakuru/urukundo/article/menya-byinshi-byingenzi-utaruzi-ku-bagore-na-bakobwa,relationship,Menya Byinshi byingenzi utaruzi ku Bagore na Bakobwa bikurura Abagabo,relationship,0.8235,512,True
http://muhabura.rw/amakuru/urukundo/article/twatandukanye-kubera-kumfuhira-cyane-none-aragarutse-ngo,relationship,Twatandukanye kubera kumfuhira cyane none aragarutse ngo dusubire mu rukundo. Nkore iki?,relationship,0.7557,512,True
http://muhabura.rw/amakuru/urukundo/article/dore-ibintu-6-by-ingenzi-abagore-bavuga-ko-biranga-umugabo,relationship,Dore ibintu 6 by'ingenzi abagore bavuga ko biranga umugabo mwiza mu rugo,relationship,0.9685,512,True
http://muhabura.rw/amakuru/urukundo/article/ntihakagire-uzana-murumuna-we-mu-rugo-kuko-abakobwa-b-iki,relationship,"Ntihakagire uzana murumuna we mu rugo, kuko abakobwa b'iki gihe ntibakigira isoni byankoze ho",relationship,0.8553,83,False
http://muhabura.rw/amakuru/urukundo/article/nkore-iki-ko-umugore-wa-mukuru-wanjye-amereye-nabi-ashaka,relationship,Nkore iki ko Umugore wa mukuru wanjye amereye nabi ashaka ko turyamana kandi ntifuza guhemuka?,relationship,0.9489,512,True
http://muhabura.rw/amakuru/urukundo/article/ibimenyetso-bigaragaza-ko-umukobwa-agushakaho-urukundo,relationship,Ibimenyetso bigaragaza ko umukobwa agushakaho urukundo,relationship,0.9677,512,True
http://muhabura.rw/amakuru/urukundo/article/ibyifuzo-fuzo-5-abakobwa-na-bagore-bagira-ku-bagabo,relationship,Ibyifuzo fuzo 5 Abakobwa na bagore bagira ku bagabo bazarushingana,relationship,0.9586,465,False
http://muhabura.rw/amakuru/urukundo/article/mukobwa-nawe-mugore-menya-ibintu-30-wakorera-umugabo,relationship,Mukobwa nawe mugore menya ibintu 30 wakorera umugabo kugirango ubashe kugira urugo rwiza,relationship,0.7572,512,True
http://muhabura.rw/amakuru/urukundo/article/mbigenze-nte-nasambanye-rimwe-na-databukwe-none-amahano-1235,relationship,Mbigenze nte? Nasambanye rimwe na Databukwe none amahano twakoze agiye kunsenyera urugo,relationship,0.7013,512,True
http://muhabura.rw/amakuru/urukundo/article/umugabo-amaze-imyaka-8-yarantaye-none-aragarutse,relationship,Umugabo amaze imyaka 8 yarantaye none aragarutse,relationship,0.9307,374,False
http://muhabura.rw/amakuru/urukundo/article/umuturanyi-yambonye-inca-inyuma-umugabo-none-nawe-amereye,relationship,Umuturanyi yambonye inca inyuma umugabo none nawe amereye nabi ngo ni ntamuha azabivuga,relationship,0.9569,453,False
http://muhabura.rw/amakuru/urukundo/article/inkuru-ndende-y-urukundo-amaherezo-igice-22,relationship,"Inkuru ndende y'urukundo ""Amaherezo"" igice 22",entertainment,0.4792,512,True
http://muhabura.rw/amakuru/urukundo/article/ibimenyetso-5-bizakwereka-ko-umugore-wawe-yifuza-ko-mutera,relationship,Ibimenyetso 5 bizakwereka ko umugore wawe yifuza ko mutera akabariro,relationship,0.8918,512,True
http://muhabura.rw/amakuru/urukundo/article/inkuru-ndende-y-urukundo-amaherezo-igice-21,relationship,"Inkuru ndende y'urukundo ""Amaherezo"" igice 21",entertainment,0.586,512,True
http://muhabura.rw/amakuru/urukundo/article/inkuru-ndende-y-urukundo-amaherezo-igice-20,relationship,"Inkuru ndende y'urukundo ""Amaherezo"" igice 20",entertainment,0.7199,512,True
http://muhabura.rw/amakuru/urukundo/article/menya-ibintu-10-by-ingenzi-wagenderaho-ukamenya-umuntu,relationship,Menya ibintu 10 by'ingenzi wagenderaho ukamenya umuntu agukunda urukundo rw'agahararo,relationship,0.9622,512,True
http://muhabura.rw/amakuru/urukundo/article/menya-abagabo-bakundwa-n-abagore-kurusha-abandi,relationship,Menya abagabo bakundwa n'Abagore kurusha abandi,relationship,0.9109,508,False
http://muhabura.rw/amakuru/urukundo/article/nibihe-bintu-by-ingenzi-umukobwa-agomba-kumenya-ku-bahungu,relationship,Nibihe bintu by'Ingenzi umukobwa agomba kumenya ku bahungu.,relationship,0.9589,512,True
http://muhabura.rw/amakuru/urukundo/article/ibintu-by-ibanze-mu-bituma-umugore-aryoherwa-mu-gihe-cyo,relationship,Ibintu by'ibanze mu bituma umugore aryoherwa mu gihe cyo gutera akabariro,relationship,0.9405,512,True
http://muhabura.rw/amakuru/urukundo/article/amabanga-4-utagomba-kumenera-umuhungu-mukundana,relationship,Amabanga 4 utagomba kumenera umuhungu mukundana,relationship,0.9747,491,False
http://muhabura.rw/amakuru/urukundo/article/dore-ibintu-8-abakobwa-n-abagore-bakunda-ku-bagabo-cyane,relationship,Dore ibintu 8 abakobwa n'abagore bakunda ku bagabo cyane,relationship,0.9584,512,True
http://muhabura.rw/amakuru/urukundo/article/menya-icyo-wakora-kugirango-unyazwe-neza-mu-gihe-cyo-gutera,relationship,Menya icyo wakora kugirango unyazwe neza mu gihe cyo gutera akabariro kugitsina gore,relationship,0.8901,512,True
http://muhabura.rw/amakuru/urukundo/article/nanze-kuryamana-nawe-none-bituma-dushwana-kandi-ndamukunda,relationship,Nanze kuryamana nawe none bituma dushwana kandi ndamukunda mbigenzente?,history,0.3116,367,False
http://muhabura.rw/amakuru/urukundo/article/dore-amabanga-7-yatuma-ukundwa-kurushaho,relationship,Dore amabanga 7 yatuma ukundwa kurushaho,relationship,0.7243,98,False
http://muhabura.rw/amakuru/urukundo/article/impamvu-indaya-zitwara-abagabo-b-abandi,relationship,Impamvu indaya zitwara abagabo b'abandi,relationship,0.6579,106,False
http://muhabura.rw/amakuru/urukundo/article/ibimenyetso-5-bituma-abakobwa-babura-abagabo-muri-ikigihe,relationship,Ibimenyetso 5 bituma abakobwa Babura abagabo muri ikigihe!,relationship,0.9008,114,False
http://muhabura.rw/amakuru/urukundo/article/ubushakashatsi-bwerenye-impamvu-18-ziza-ku-isonga-mu,relationship,Ubushakashatsi bwerekanye Impamvu 18 ziza ku isonga mu gutandukana kw'abashakanye,relationship,0.9544,512,True
http://muhabura.rw/amakuru/urukundo/article/ibintu-6-abagobo-banga-ku-bagore-babo,relationship,Ibintu 6 Abagobo banga ku bagore babo,relationship,0.8355,104,False
http://muhabura.rw/amakuru/urukundo/article/iyo-ndebye-mbona-tutabana-ariko-amagambo-ambwira-atuma,relationship,"Iyo ndebye mbona tutabana ariko amagambo ambwira atuma mpera mukeragati ""Mbigenze nte""?",health,0.4619,512,True
http://muhabura.rw/amakuru/urukundo/article/wari-uzi-impamvu-abagabo-bakunda-amabere-y-abagore,relationship,Wari uzi impamvu abagabo bakunda amabere y'abagore?,relationship,0.5506,512,True
http://muhabura.rw/amakuru/urukundo/article/inkuru-ndende-y-urukundo-amaherezo-igice-19,relationship,"Inkuru ndende y'urukundo ""Amaherezo"" igice 19",entertainment,0.9096,512,True
http://muhabura.rw/amakuru/urukundo/article/impamvu-abagabo-bakunda-gusinzira-nyuma-yo-gukora-imibonano,relationship,Impamvu abagabo bakunda gusinzira nyuma yo gukora imibonano mpuzabitsina,health,0.5131,296,False
http://muhabura.rw/amakuru/urukundo/article/suzuma-niba-wujuje-ibi-bikurikira-mbere-yo-kwinjira-mu,relationship,Suzuma niba wujuje ibi bikurikira mbere yo kwinjira mu rukundo,relationship,0.9691,512,True
http://muhabura.rw/amakuru/urukundo/article/impamvu-abakobwa-ba-birabura-bakunda-abagabo-ba-bazungu,relationship,Impamvu Abakobwa b'abirabura bakunda Abagabo b'abazungu,history,0.4531,512,True
http://muhabura.rw/amakuru/urukundo/article/impamvu-7-nyamukuru-zituma-abagore-basiga-abagabo-murugo,relationship,Impamvu 7 Nyamukuru zituma abagore basiga abagabo murugo bakajya kubaca inyuma,relationship,0.8964,512,True
http://muhabura.rw/amakuru/urukundo/article/amakosa-ukwiye-kwirinda-gukora-mu-rukundo-kuko-yazakugiraho,relationship,Amakosa ukwiye kwirinda gukora mu rukundo kuko yazakugiraho ingaruka ubuzima bwawe bwose,relationship,0.9388,512,True
http://muhabura.rw/amakuru/urukundo/article/inkuru-ndende-y-urukundo-amaherezo-igice-18,relationship,"Inkuru ndende y'urukundo ""Amaherezo"" igice 18",entertainment,0.7238,512,True
http://muhabura.rw/amakuru/urukundo/article/inkuru-ndende-y-urukundo-amaherezo-igice-17,relationship,"Inkuru ndende y'urukundo ""Amaherezo"" igice 17",entertainment,0.388,512,True
http://muhabura.rw/amakuru/urukundo/article/ibintu-6-binezeza-abakobwa-n-abagore-mu-mibereho-yabo,relationship,Ibintu 6 binezeza abakobwa n'abagore mu mibereho yabo.,relationship,0.955,290,False
http://muhabura.rw/amakuru/urukundo/article/amabanga-7-azakomgerera-amahirwe-yo-gukundwa,relationship,Amabanga 7 azakomgerera amahirwe yo gukundwa,relationship,0.9543,512,True
http://muhabura.rw/amakuru/urukundo/article/ibintu-7-bizonga-umukobwa-mu-rukundo,relationship,Ibintu 7 bizonga umukobwa mu rukundo,relationship,0.9691,512,True
http://muhabura.rw/amakuru/urukundo/article/ibimenyetso-bizakwereka-ko-ukanda-umugabo-wubatse-ariko,relationship,Ibimenyetso bizakwereka ko ukanda umugabo wubatse ariko utabizi,relationship,0.9782,512,True
http://muhabura.rw/amakuru/urukundo/article/ibintu-umusore-uzi-urukundo-akorera-umukobwa-bakundana,relationship,Ibintu umusore uzi urukundo akorera umukobwa bakundana,relationship,0.9452,512,True
http://muhabura.rw/amakuru/urukundo/article/yanteye-umuco-mubi-wo-kumuca-inyuma-none-n-umwana-si-uwe,relationship,Yanteye umuco mubi wo kumuca inyuma none n'umwana si uwe kandi natinye kubimubwira. Mbigenze nte?,relationship,0.9176,512,True
http://muhabura.rw/amakuru/urukundo/article/mbigenze-nte-mu-buzima-bwange-singira-inshuti-ntago-njya,relationship,"Mbigenze nte? Mu buzima bwange singira inshuti, ntago njya nisanzura ku Bantu nk'abandi, none mbayeho nk'uwanze ...",health,0.7895,475,False
http://muhabura.rw/amakuru/urukundo/article/impamvu-4-nyamukuru-zituma-abantu-bagira-ikimwaro-iyo-bari,relationship,Impamvu 4 nyamukuru zituma abantu bagira ikimwaro iyo bari kumwe n' abakunzi babo,relationship,0.9152,414,False
http://muhabura.rw/amakuru/urukundo/article/bimwe-mu-bigabanya-ubushake-bw-umugore-mu-mibonano,relationship,Bimwe mu bigabanya ubushake bw'umugore mu mibonano mpuzabitsina,relationship,0.7253,512,True
http://muhabura.rw/amakuru/urukundo/article/umugore-wange-namukuye-mu-bibazo-none-aranyigaritse,relationship,Umugore wange Namukuye mu bibazo none aranyigaritse :Mbigenze nte?,relationship,0.8901,512,True
http://muhabura.rw/amakuru/urukundo/article/inkuru-ndende-y-urukundo-amaherezo-igice-16,relationship,"Inkuru ndende y'urukundo ""Amaherezo"" igice 16",entertainment,0.4737,512,True
http://muhabura.rw/amakuru/urukundo/article/dore-impamvu-6-zituma-abahungu-batinya-gukundana-n-umukobwa,relationship,Dore impamvu 6 zituma abahungu batinya gukundana n'umukobwa urukundo rufite nyarwo,relationship,0.9575,512,True
http://muhabura.rw/amakuru/urukundo/article/ese-waba-uzi-ingaruka-zo-gufuha-mu-rukundo-soma-ibibi-byo,relationship,Ese waba uzi ingaruka zo gufuha mu rukundo? Soma ibibi byo gufuhira umukunzi wawe,relationship,0.9452,512,True
http://muhabura.rw/amakuru/urukundo/article/umugabo-wa-mukuru-wange-yamfashe-ku-ngufu-aransambanya-none,relationship,Umugabo wa mukuru wange yamfashe ku ngufu aransambanya none natinye kubibwira mukuru wange: Mbigenze nte?,entertainment,0.7586,512,True
http://muhabura.rw/amakuru/urukundo/article/inkuru-ndende-y-urukundo-amaherezo-igice-15,relationship,"Inkuru ndende y'urukundo ""Amaherezo"" igice 15",entertainment,0.4778,512,True
http://muhabura.rw/amakuru/urukundo/article/niba-ugiye-gusaba-urukundo-ibi-ni-ibimenyetso-bizakwereka,relationship,Niba ugiye gusaba urukundo ibi ni Ibimenyetso bizakwereka ko igisubizo ari Yego cyangwa Oya,relationship,0.912,512,True
http://muhabura.rw/amakuru/urukundo/article/inkuru-ndende-y-urukundo-amaherezo-igice-14,relationship,"Inkuru ndende y'urukundo ""Amaherezo"" igice 14",entertainment,0.743,512,True
http://muhabura.rw/amakuru/urukundo/article/yambeshye-ko-azangira-umugore-none-yanteye-inda,relationship,Yambeshye ko azangira umugore none yanteye inda aranyigarika,relationship,0.6165,512,True
http://muhabura.rw/amakuru/urukundo/article/ese-koko-abagabo-bagira-akazi-kenshi-ntago-bakunda-gukora,relationship,Ese koko abagabo bagira akazi kenshi ntago bakunda gukora imibonano mpuzabitsina?,relationship,0.5724,415,False
http://muhabura.rw/amakuru/urukundo/article/ibintu-7-bigaragaza-ko-umukobwa-mu-kundana-adapfa-kuboneka,relationship,Ibintu 7 bigaragaza ko umukobwa mu kundana adapfa kuboneka ahantu hose,relationship,0.9789,512,True
http://muhabura.rw/amakuru/urukundo/article/niba-afite-iyi-myitwarire-menya-ko-azavamo-umugore-mubi,relationship,Niba afite iyi myitwarire menya ko azavamo umugore mubi,relationship,0.9808,512,True
http://muhabura.rw/amakuru/urukundo/article/inkuru-ndende-y-urukundo-amaherezo-igice-13,relationship,"Inkuru ndende y'urukundo ""Amaherezo"" igice 13",entertainment,0.7499,512,True
http://muhabura.rw/amakuru/urukundo/article/ibintu-6-wakorera-umuhungu-mukundana-ntazigere-yibagirwa,relationship,Ibintu 6 wakorera umuhungu mukundana ntazigere yibagirwa urukundo rwawe nawe mu buzima bwe.,relationship,0.968,512,True
http://muhabura.rw/amakuru/urukundo/article/inkuru-ndende-y-urukundo-amaherezo-igice-12,relationship,"Inkuru ndende y'urukundo ""Amaherezo"" igice 12",sport,0.5522,512,True
http://muhabura.rw/amakuru/urukundo/article/gushakana-n-umukobwa-ukurusha-imyaka-bitwaye-iki-soma,relationship,Gushakana n'umukobwa ukurusha imyaka bitwaye iki? Soma inkuru irambuye.,relationship,0.9564,349,False
http://muhabura.rw/amakuru/urukundo/article/dore-bimwe-mu-bimenyetso-bizakugaragariza-ko-umukunzi-wawe,relationship,Dore bimwe mu bimenyetso bizakugaragariza ko umukunzi wawe ari kugukinisha atagukunda by'ukuri,relationship,0.8314,101,False
http://muhabura.rw/amakuru/urukundo/article/ese-waba-uzi-igisobanuro-kimbitse-cy-ijambo-urukundo-soma,relationship,"Ese waba uzi igisobanuro kimbitse cy'ijambo ""Urukundo""? Soma hano icyegeranyo",religion,0.7329,512,True
http://muhabura.rw/amakuru/urukundo/article/ibimenyetso-bishobora-ku-kwereka-ko-uwo-mwashakanye,relationship,Ibimenyetso bishobora ku kwereka ko uwo mwashakanye agikunda uwahoze ari umukunzi we,relationship,0.9629,512,True
http://muhabura.rw/amakuru/urukundo/article/inkuru-ndende-y-urukundo-amaherezo-igice-11,relationship,"Inkuru ndende y'urukundo ""Amaherezo"" igice 11",entertainment,0.6087,512,True
http://muhabura.rw/amakuru/urukundo/article/ibintu-5-bitera-umugore-n-umugabo-kutizerana-mu-rugo-rwabo,relationship,Ibintu 5 bitera umugore n'umugabo kutizerana mu rugo rwabo.,relationship,0.3971,512,True
http://muhabura.rw/amakuru/urukundo/article/ibimenyetso-bigaragara-ku-mubiri-w-umugore-iyo-yishimye,relationship,Ibimenyetso bigaragara ku mubiri w'umugore iyo yishimye aganisha ku kurangiza,relationship,0.8051,512,True
http://muhabura.rw/amakuru/urukundo/article/inkuru-ndende-y-urukundo-amaherezo-igice-10,relationship,"Inkuru ndende y'urukundo ""Amaherezo"" igice 10",religion,0.3522,512,True
http://muhabura.rw/amakuru/urukundo/article/impamvu-5-ziri-gutera-abakobwa-na-bagore-kubeshya-abagabo,relationship,Impamvu 5 ziri gutera abakobwa n'abagore kubeshya abagabo n'abahungu bakundana,relationship,0.9615,507,False
http://muhabura.rw/amakuru/urukundo/article/inkuru-ndende-y-urukundo-amaherezo-igice-9,relationship,"Inkuru ndende y'urukundo ""Amaherezo"" igice 9",entertainment,0.8736,512,True
http://muhabura.rw/amakuru/urukundo/article/icyo-wakora-uri-umuhungu-kugira-ngo-ubashe-kubona-umukobwa,relationship,Icyo wakora uri umuhungu kugira ngo ubashe kubona Umukobwa mukundana mu buryo butakugoye,relationship,0.971,512,True
http://muhabura.rw/amakuru/urukundo/article/amwe-murayo-makosa-rero-ashobora-no-gutuma-abakobwa-bamwe,relationship,Amwe mu makosa 6 ashobora gutuma abakobwa bamwe bumva bahuzwe Abahungu n'Abagabo mu rukundo,relationship,0.9477,468,False
http://muhabura.rw/amakuru/urukundo/article/ntakabuza-azaguma-hafi-yawe-igihe-cyose-nuramuka-umukoreye,relationship,Ntakabuza azaguma hafi yawe igihe cyose nuramuka umukoreye ibi bikurikira,relationship,0.9408,434,False
http://muhabura.rw/amakuru/urukundo/article/inkuru-ndende-y-urukundo-amaherezo-igice-8,relationship,"Inkuru ndende y'urukundo ""Amaherezo"" igice 8",relationship,0.6221,512,True
http://muhabura.rw/amakuru/urukundo/article/nubona-asigaye-afite-izi-ngeso-umenyeko-asigaye-aguca,relationship,Nubona asigaye afite izi ngeso umenyeko asigaye aguca inyuma,relationship,0.9415,82,False
http://muhabura.rw/amakuru/urukundo/article/i-bitekezo-ni-byiyumviro-4-abagore-na-bakobwa-bagira,relationship,"I bitekezo ni byiyumviro 4 abagore na bakobwa bagira ,",relationship,0.9534,457,False
http://muhabura.rw/amakuru/urukundo/article/dore-impamvu-6-zituma-abakobwa-bigwizaho-abakunzi-benshi-n,relationship,Dore impamvu 6 zituma abakobwa bigwizaho abakunzi benshi n'uburyo babigeraho,relationship,0.9464,512,True
http://muhabura.rw/amakuru/urukundo/article/inkuru-ndende-y-urukundo-amaherezo-igice-7,relationship,"Inkuru ndende y'urukundo ""Amaherezo"" igice 7",entertainment,0.4749,512,True
http://muhabura.rw/amakuru/urukundo/article/inkuru-ndende-y-urukundo-amaherezo-igice-6,relationship,"Inkuru ndende y'urukundo ""Amaherezo"" igice 6",relationship,0.6507,512,True
http://muhabura.rw/amakuru/urukundo/article/ingingo-15-zinezeza-inkumi-n-abagore-bakiri-bato,relationship,Ingingo 15 zinezeza Inkumi n'abagore bakiri bato,relationship,0.9196,512,True
http://muhabura.rw/amakuru/urukundo/article/inkuru-ndende-y-urukundo-amaherezo-igice-5,relationship,"Inkuru ndende y'urukundo ""Amaherezo"" igice 5",entertainment,0.9687,512,True
http://muhabura.rw/amakuru/urukundo/article/ibintu-bizakwereka-ko-igihe-kigeze-ngo-ushyire-murugo,relationship,Ibintu bizakwereka ko igihe kigeze ngo ushyire murugo umukunzi wawe,relationship,0.968,512,True
http://muhabura.rw/amakuru/urukundo/article/wowe-muhungu-ibi-bizagufasha-gukurura-umukobwa-wifuza-uwo,relationship,"Wowe Muhungu, Ibi bizagufasha gukurura umukobwa wifuza uwo ari we wese",relationship,0.9681,512,True
http://muhabura.rw/amakuru/urukundo/article/ibintu-bizonga-abakobwa-na-bagore-bakimara-gushaka-mu,relationship,Ibintu bizonga Abakobwa 'abagore bakimara gushaka mu rukundo.,relationship,0.9651,512,True
http://muhabura.rw/amakuru/urukundo/article/inkuru-ndende-y-urukundo-amaherezo-igice-4,relationship,"Inkuru ndende y'urukundo ""Amaherezo"" igice 4",entertainment,0.7421,512,True
http://muhabura.rw/amakuru/urukundo/article/ibintu-5-abakobwa-bagomba-kwirinda-bakimenyana-n-abahungu,relationship,Ibintu 5 Umukobwa agomba kwirinda akimenyana n'umuhungu bwa mbere,relationship,0.96,362,False
http://muhabura.rw/amakuru/urukundo/article/inkuru-ndende-y-urukundo-amaherezo-igice-3,relationship,"Inkuru ndende y'urukundo ""Amaherezo"" igice 3",entertainment,0.9598,512,True
http://muhabura.rw/amakuru/urukundo/article/dore-ibyo-ushobora-gukorera-umukunzi-wawe-kugirango,relationship,Dore ibyo ushobora gukorera umukunzi wawe kugirango umunyure waba umukobwa cyangwa umuhungu,relationship,0.9601,512,True
http://muhabura.rw/amakuru/urukundo/article/inkuru-ndende-y-urukundo-amaherezo-igice-2,relationship,"Inkuru ndende y'urukundo ""Amaherezo"" igice 2",entertainment,0.9502,512,True
http://muhabura.rw/amakuru/urukundo/article/ibintu-15-bishimisha-buri-mukobwa-wese-iteka-ryose,relationship,Ibintu 15 bishimisha buri mukobwa wese iteka ryose.,relationship,0.9534,512,True
http://muhabura.rw/amakuru/urukundo/article/inkuru-ndende-y-urukundo-amaherezo-igice-1,relationship,"Inkuru ndende y'urukundo ""Amaherezo"" igice 1",entertainment,0.6029,512,True
http://muhabura.rw/amakuru/urukundo/article/nigute-wafasha-umugore-kurangiza-neza-kurango-nawe-agere-ku,relationship,"dore uko wafasha Umugore kurangiza neza, kugirango nawe agere ku byishimo",relationship,0.4136,512,True
http://muhabura.rw/amakuru/urukundo/article/inkuru-ndende-y-urukundo-amaherezo-igice-0,relationship,"Inkuru ndende y'urukundo ""Amaherezo"" igice 0",entertainment,0.8697,447,False
http://muhabura.rw/amakuru/urukundo/article/muhungu-nawe-dore-ibintu-ushobora-gukorera-umukobwa,relationship,Muhungu nawe dore ibintu ushobora gukorera umukobwa mukundana akazabihorana mu ntekerezo,relationship,0.9527,512,True
http://muhabura.rw/amakuru/urukundo/article/niki-wakora-mbere-yogutandukana-nuwo-mwashakanye,relationship,Niki wakora mbere yogutandukana nuwo mwashakanye.,health,0.9254,387,False
http://muhabura.rw/amakuru/urukundo/article/ibimenyetso-bizakwereka-ko-umukobwa-ukunda-ntawe-mu,relationship,Ibimenyetso bizakwereka ko umukobwa ukunda ntawe mu musangiye,relationship,0.9681,512,True
http://muhabura.rw/amakuru/urukundo/article/dore-ibintu-bitatu-wakora-nyuma-y-igikorwa-cyo-gutera,relationship,Dore ibintu bitatu wakora nyuma y'igikorwa cyo gutera akabariro,relationship,0.7173,119,False
http://muhabura.rw/amakuru/urukundo/article/ingingo-umunani-8-zagufasha-kumenya-niba-umukunzi-wawe,relationship,Ingingo umunani (8) zagufasha kumenya niba umukunzi wawe asigaye aguca inyuma,relationship,0.8386,158,False
http://muhabura.rw/amakuru/urukundo/article/uri-umukobwa-mwiza-ariko-ntago-abahungu-bakwiyumvamo-ese,relationship,"Uri umukobwa mwiza ariko ntago abahungu bakwiyumvamo, ese waba uzi ikibura ngo nawe ukundwe nk'abandi? Dore inama zagufasha kugira ...",relationship,0.9648,491,False
http://muhabura.rw/amakuru/sport/article/umutoza-wa-rayon-sports-yirukanwe-nyuma-yo-gutsindwa-na-apr,sport,Umutoza wa Rayon Sports yirukanwe nyuma yo gutsindwa na APR FC,sport,0.9885,218,False
http://muhabura.rw/amakuru/sport/article/rugwiro-herve-ari-mu-maboko-ya-rib-ya-rubavu,sport,Rugwiro Herve ari mu maboko ya RIB ya Rubavu,politics,0.9852,142,False
http://muhabura.rw/amakuru/sport/article/jose-mourinho-amaze-gusimbura-mauricio-pochettino-nk,sport,Jose Mourinho amaze gusimbura Mauricio Pochettino nk'umutoza wa Tottenham,sport,0.9851,512,True
http://muhabura.rw/amakuru/sport/Munyaneza-Didier-yegukanye-Tour-du-Senegal-2019,sport,Umunyarwanda Munyaneza Didier yegukanye Tour du Sénégal 2019,sport,0.9531,228,False
http://muhabura.rw/amakuru/sport/article/umunyarwanda-yabaye-uwa-kabiri-muri-marathon-yaberega-athen,sport,Umunyarwanda yegukanye umwanya wa kabiri muri Marathon mpuzamahanga ya Athen,sport,0.7442,364,False
http://muhabura.rw/amakuru/sport/article/umutoza-w-umupira-w-amaguru-yahagaritswe-kubera-gutsinda,sport,Umutoza w'umupira w'amaguru yahagaritswe kubera gutsinda cyane bikabije,sport,0.988,439,False
http://muhabura.rw/amakuru/sport/article/bidasubirwaho-visi-perezida-wa-mbere-wa-rayon-sports,sport,Bidasubirwaho visi perezida wa mbere wa Rayon Sports yeguye,sport,0.9712,342,False
http://muhabura.rw/amakuru/sport/article/kigali-didier-drogoba-yagaragaje-uburyo-afata-u-rwanda-nk,sport,Kigali: Didier Drogoba yagaragaje uburyo afata u Rwanda nk'ikitegererezo,sport,0.92,332,False
http://muhabura.rw/amakuru/sport/article/lionel-messi-avuga-ko-yashatse-kuva-muri-barcelone,sport,Lionel Messi avuga ko yashatse kuva muri Barcelone,sport,0.9873,512,True
http://muhabura.rw/amakuru/sport/article/uwuzashaka-gusenya-rayon-sports-na-njye-nzamumariraho,sport,Uwuzashaka gusenya Rayon Sports na njye nzamumariraho imbaraga zanjye zose-Perezida wa Rayon Sport,sport,0.9853,512,True
http://muhabura.rw/amakuru/sport/article/perezida-kagame-yagaragaje-ibyishimo-yatewe-n-uko-kigali,sport,Perezida Kagame yagaragaje ibyishimo yatewe n'uko Kigali Arena yuzuye abafana ibihumbi 10 kandi bose bishyuye ...,sport,0.9775,512,True
http://muhabura.rw/amakuru/sport/article/ngezi-issa-wakiniye-ikipe-y-igihugu-amavubi-yitabye-imana,sport,Ngezi Issa wakiniye Amavubi akanagirira ibihe byiza mu ikipe ya ATRACO FC yitabye Imana,sport,0.7707,319,False
http://muhabura.rw/amakuru/sport/article/kwirukanwa-muri-apr-fc-ntibyabujije-kimenyi-yves,sport,Kwirukanwa muri APR FC ntibyabujije Kimenyi Yves guhamagarwa mu ikipe y'igihugu Amavubi,sport,0.9911,482,False
http://muhabura.rw/amakuru/sport/article/perezida-kagame-yashimiye-by-umwihariko-abagabo-batatu,sport,Perezida Kagame yashimiye by'umwihariko abagabo batatu mu gufungura Kigali Arena kumugaragaro,sport,0.8781,512,True
http://muhabura.rw/amakuru/sport/article/bwa-mbere-mu-rwanda-hagiye-gutangizwa-umukino-wo-gutega,sport,Bwa mbere mu Rwanda hagiye gutangizwa umukino wo gutega wemewe na Leta,entertainment,0.401,512,True
http://muhabura.rw/amakuru/sport/article/bidasubirwaho-byemejwe-ko-esperance-de-tunis-ariyo,sport,Bidasubirwaho byemejwe ko Espérance de Tunis ariyo yegukanye Champions League nyafurika,sport,0.9882,512,True
http://muhabura.rw/amakuru/sport/article/nsaziyinka-noah-watoje-bugesera-fc-akayizamura-mu-kiciro,sport,Nsaziyinka Noah watoje Bugesera FC akayizamura mu kiciro cya mbere yitabye Imana azize impanuka,sport,0.9832,512,True
http://muhabura.rw/amakuru/sport/article/lionel-messi-yahagaritswe-amezi-atatu-adakinira-ikipe-y,sport,Lionel Messi yahagaritswe amezi atatu adakinira ikipe y'igihugu anacibwa ibihumbi 50 by'amadorari,sport,0.9895,476,False
http://muhabura.rw/amakuru/sport/article/knc-yizeje-abakunzi-b-umupira-w-amaguro-ko-chamiona-y-u,sport,KNC yarahiriye guhindura isura ya Shapiyona y'ikiciro cya mbere ku buryo bugaragarira buri wese,sport,0.9922,512,True
http://muhabura.rw/amakuru/sport/article/robertinho-yasesekaye-i-kigali-aje-gukomeza-imirimo-ye,sport,Robertinho yasesekaye i Kigali aje gukomeza imirimo ye yogutoza Rayon Sports,sport,0.9895,468,False
http://muhabura.rw/amakuru/sport/article/ferwafa-yafashe-umwanzuro-wo-guha-apr-fc-igikombe-cya,sport,FERWAFA yafashe umwanzuro wo guha APR FC igikombe cya Shampiyona,sport,0.9847,151,False
http://muhabura.rw/amakuru/sport/article/covid19-abakinnyi-bakinira-juventus-n-umutoza-bemeye-kumara,sport,COVID19 : Abakinnyi bakinira Juventus n'umutoza bemeye kumara amezi badahembwa,sport,0.977,460,False
http://muhabura.rw/amakuru/sport/article/coronavirus-muri-sport-umukinnyi-wa-juventus-arayirwaye-nba,sport,"Coronavirus muri sport: Umukinnyi wa Juventus arayirwaye, NBA yahagaritswe",sport,0.9896,457,False
http://muhabura.rw/amakuru/sport/Ronaldinho-wahoze-ari-rutahizamu-yatawe-muri-yombi-na-polisi,sport,Ronaldinho wahoze ari rutahizamu yatawe muri yombi na polisi,sport,0.9789,512,True
http://muhabura.rw/amakuru/sport/article/imikino-44-ya-shampiyona-liverpool-idatsindwa-yasojwe-na,sport,Imikino 44 ya shampiyona Liverpool idatsindwa yasojwe na Watford,sport,0.9908,512,True
http://muhabura.rw/amakuru/sport/article/imikino-itanu-ya-shampiyona-y-icyiciro-cya-mbere-mu-mupira,sport,Imikino itanu ya shampiyona mu mupira w'amaguru mu Butaliyani yasubitswe,sport,0.9871,450,False
http://muhabura.rw/amakuru/sport/article/komite-yaguye-ya-rayon-sports-yamaganye-umuyobozi-mukuru-wa,sport,Komite yaguye ya Rayon Sports yamaganye Umuyobozi mukuru wa Skol,sport,0.9742,512,True
http://muhabura.rw/amakuru/sport/article/ambasaderi-nduhungirehe-yanenze-rayon-sports-ashimira-apr,sport,Ambasaderi Nduhungirehe yanenze Rayon Sports ashimira APR,sport,0.9823,469,False
http://muhabura.rw/amakuru/sport/article/byinshi-wamunye-ku-cyamamare-kobe-n-umukobwa-we-gianna,sport,Byinshi wamenye ku cyamamare Kobe n'umukobwa we Gianna bapfiriye mu mpanuka y'indege,sport,0.9665,512,True
http://muhabura.rw/amakuru/sport/article/areruya-joseph-yahembwe-nk-umukinnyi-wahatanye-cyane,sport,Areruya Joseph yahembwe nk'umukinnyi wahatanye cyane kurusha abandi,sport,0.9798,471,False
http://muhabura.rw/amakuru/sport/article/ikipe-y-ingabo-z-igihugu-yafashe-icyemezo-cyo-guhagarika,sport,Ikipe y' Ingabo z' igihugu yafashe icyemezo cyo guhagarika uwari umuvugizi w'abafana bayo,sport,0.9698,304,False
http://muhabura.rw/amakuru/sport/article/haruna-niyonzima-yahakanye-amakuru-avuga-ko-yanze-kujyana-n,sport,Haruna Niyonzima yahakanye amakuru avuga ko yanze kujyana n'ikipe ye,sport,0.984,309,False
http://muhabura.rw/amakuru/sport/article/apr-fc-yungutse-umuterankunga-mushya,sport,APR FC yungutse umuterankunga mushya,sport,0.9736,236,False
http://muhabura.rw/amakuru/sport/article/nta-n-umwe-wasezereye-sugira-ahubwo-yasezerewe-n-ikibuga,sport,Nta n'umwe wasezereye Sugira ahubwo yasezerewe n'ikibuga-Umutoza wa APR FC,sport,0.9868,303,False
http://muhabura.rw/amakuru/sport/article/apr-fc-yashyizemo-ikinyuranyo-cy-amanota-atandatu-hagati,sport,APR FC yashyizemo ikinyuranyo cy'amanota atandatu hagati yayo na Rayon Sports iyigwa mu ntege,sport,0.9911,339,False
http://muhabura.rw/amakuru/sport/Umutoza-wavugwaga-ko-abashobora-kuzatoza-Rayon-Sports-yagizwe-umutoza-wa-Yanga,sport,Umutoza wavugwaga ko abashobora kuzatoza Rayon Sports yagizwe umutoza wa Yanga,sport,0.9848,375,False
http://muhabura.rw/amakuru/sport/article/myugariro-wa-rayon-sports-rugwiro-herve-agiye-kugezwa,sport,Myugariro wa Rayon Sports Rugwiro Herve agiye kugezwa imbere y'urukiko,sport,0.9644,357,False
http://muhabura.rw/amakuru/sport/article/apr-fc-yatije-sugira-ernest-mu-ikipe-ya-rayon-sports,sport,APR FC yatije ikipe ya Rayon Sports umukinnyi wayo Sugira Ernest,sport,0.9842,204,False
http://muhabura.rw/amakuru/sport/article/u-rwanda-rwisanze-mu-cyiciro-cya-kane-muri-tombola-y,sport,u Rwanda rwisanze mu cyiciro cya kane muri tombola y'igikombe cy'isi cya 2022,sport,0.9823,512,True
http://muhabura.rw/amakuru/sport/article/bidasubirwaho-robertinho-agiye-kongera-amasezerano-yo,sport,Bidasubirwaho Robertinho agiye kongera amasezerano yo gutoza Rayon Sports,sport,0.9886,341,False
http://muhabura.rw/amakuru/sport/article/griezmann-avuga-ko-uko-atletico-yitwaye-nyuma-yo-kujya-muri,sport,Griezmann avuga ko uko Atletico yitwaye nyuma yo kujya muri Barcelone 'bibabaje',sport,0.985,419,False
http://muhabura.rw/amakuru/sport/article/ari-senegal-na-algeria-ni-nde-uzatwara-can-ya-2019,sport,Ari Senegal na Algeria ni nde uzatwara CAN ya 2019?,sport,0.9917,512,True
http://muhabura.rw/amakuru/sport/article/cecafa-kagame-cup-rayon-sports-yisengereye-atlabara-fc,sport,CECAFA Kagame Cup: Rayon Sports yisengereye Atlabara FC iyitsinda ibitego 2-0 bya Jules Ulimwengu[REBA AMAFOTO],sport,0.9922,512,True
http://muhabura.rw/amakuru/sport/article/visi-perezida-w-ishyirahamwe-ry-umupira-wa-maguru-mu,sport,Visi perezida w'ishyirahamwe ry'umupira wa maguru mu Burundi arafunze,sport,0.9823,322,False
http://muhabura.rw/amakuru/sport/article/cecafa-kagame-cup-apr-fc-yatsinze-green-eagles-bituma-iba,sport,CECAFA Kagame Cup:APR FC yatsinze Green Eagles bituma iba ikipe ya mbere igeze muri ¼,sport,0.9919,512,True
http://muhabura.rw/amakuru/sport/article/kumena-ibanga-by-umwe-mu-bayobozi-ba-rayon-sports-byatumye,sport,'Kumena ibanga' by'umwe mu bayobozi ba Rayon Sports byatumye Manishimwe Djabel adakinira Gor Mahia,sport,0.9816,512,True
http://muhabura.rw/amakuru/sport/article/bane-mu-bari-bakizigenza-mu-ikipe-ya-rayon-sports-bakoze,sport,Bane bari bakizigenza muri Rayon Sports bakoze imyitozo ya mbere muri APR FC,sport,0.9839,432,False
http://muhabura.rw/amakuru/sport/article/ikipe-ya-apr-fc-imaze-gusezerera-abakinnyi-16-barimo,sport,Ikipe ya APR FC imaze kwirukana abakinnyi 16 barimo kapiteni,sport,0.9858,225,False
http://muhabura.rw/amakuru/sport/article/intamba-z-u-burundi-zatsinzwe-umukino-wa-kabiri-na,sport,Intamba z'u Burundi zatsinzwe umukino wa kabiri na Madagascar,sport,0.9909,396,False
http://muhabura.rw/amakuru/sport/article/kiyovu-sports-yatsinze-polisi-fc-itayibabariye,sport,½ cy'Igikombe cy'Amahoro: Kiyovu Sports yatsinze Polisi FC itayibabariye,sport,0.991,512,True
http://muhabura.rw/amakuru/sport/article/can-2019-misiri-yarenze-amatsinda-uganda-yo-birayigora,sport,CAN 2019: Misiri yarenze amatsinda Uganda yo birayigora,sport,0.9892,495,False
http://muhabura.rw/amakuru/sport/article/rayon-sports-yifuje-ko-ku-mukino-wanyuma,sport,Rayon Sports yifuje gutumira Perezida Kagame ku mukino wanyuma w'igikombe cy'amahoro,sport,0.9859,512,True
http://muhabura.rw/amakuru/sport/article/can-2019-uganda-yatsinze-kongo-ibona-intsinzi-ya-mbere-mu,sport,"CAN 2019: Uganda yatsinze Kongo, ibona intsinzi ya mbere mu myaka 41 ishize",sport,0.9873,270,False
http://muhabura.rw/amakuru/sport/article/can-2019-umutoza-wa-nigeria-ati-nkuriye-ingofero-abarundi,sport,"CAN 2019: Umutoza wa Nigeria ati ""nkuriye ingofero Abarundi""",sport,0.9898,512,True
http://muhabura.rw/amakuru/sport/article/cecafa-kagame-cup-rayon-sports-yisanze-mu-itsinda-abenshi,sport,CECAFA Kagame Cup: Rayon Sports yisanze mu itsinda abenshi bise iry'urupfu,sport,0.9857,341,False
http://muhabura.rw/amakuru/sport/article/manzi-thierry-yaciye-bugufi-asaba-imbabazi-rayon-sports,sport,Manzi Thierry yaciye bugufi asaba imbabazi Rayon Sports yemera no gukomeza kuyikinira,sport,0.9852,455,False
http://muhabura.rw/amakuru/sport/article/rutahizamu-watsinze-ibitego-14-muri-shampiyona-y-u-rwanda,sport,Rutahizamu watsinze ibitego 14 muri shampiyona y'u Rwanda yegukanwe na Rayon Sport,sport,0.9878,512,True
http://muhabura.rw/amakuru/sport/article/amakipe-13-azitabira-irushanwa-rya-cecafa-kagame-cup-arimo,sport,Amakipe 13 azitabira irushanwa rya CECAFA Kagame Cup arimo TP Mazembe amaze kumenyekana,sport,0.9875,457,False
http://muhabura.rw/amakuru/sport/article/abagore-ba-amerika-baciye-umuhigo-w-ibitego-byinshi-mu,sport,Abagore ba Amerika baciye umuhigo w'ibitego byinshi mu mukino umwe w'igikombe cy'isi,sport,0.9823,420,False
http://muhabura.rw/amakuru/sport/article/rayon-sport-ikuye-i-kirehe-amanota-atatu-ahihesha-igikombe,sport,Rayon Sport ikuye amanota atatu i Kirehe ayihesha igikombe cya Shampiyona bidasubirwaho,sport,0.9919,512,True
http://muhabura.rw/amakuru/sport/Umujyi-wa-Kigali-watoranyijwe-mu-iyizahabwa-igihembo-kubera-Kigali-Car-Free-Day,sport,Umujyi wa Kigali wahawe igihembo kubera Kigali Car Free Day,entertainment,0.5284,512,True
http://muhabura.rw/amakuru/sport/article/as-muhanga-igabanyije-umuvuduko-wa-apr-fc-wo-gutera,sport,AS Muhanga igabanyije umuvuduko wa APR FC wo gutera intambwe igana ku gikombe cya Shampiyona,sport,0.9907,419,False
http://muhabura.rw/amakuru/sport/article/abanyamakuru-babiri-ba-radio-na-tv-10-bazwi-cyane-mu-mikino,sport,Abanyamakuru babiri ba Radio na TV 10 bazwi cyane mu mikino basezerewe ku kazi kabo,entertainment,0.7783,358,False
http://muhabura.rw/amakuru/sport/article/amakuru-ava-mu-gihugu-ca-algeria-avuga-ko,sport,Perezida Kagame asanga igituma ibihugu byigira ku Rwanda ari ikimenyetso kigaragaza ko rukora ibiciye mu kuri,politics,0.9507,512,True
http://muhabura.rw/amakuru/sport/article/kagame-cup-abakinnyi-b-ikipe-y-abagore-batewe-mpaga-bicara,sport,Rusizi:Abakinnyi b'ikipe y'abagore batewe mpaga bicara mu kibuga amasaha 4 bahakurwa na Guverineri,sport,0.9849,512,True
http://muhabura.rw/amakuru/sport/article/sarpong-afashije-rayon-sport-kubabaza-apr-fc-n-abafana-bayo,sport,Sarpong afashije Rayon Sport kubabaza APR FC n'abafana bayo ku munota wanyuma w'inyongera,sport,0.9906,512,True
http://muhabura.rw/amakuru/sport/article/uganda-cranes-yatumye-taifa-stars-isubira-mu-gikombe-cy,sport,Uganda cranes yatumye Taifa Stars isubira mu gikombe cy'Afurika nyuma y'imyaka 39,sport,0.9918,512,True
http://muhabura.rw/amakuru/sport/article/umwiherero2019-abayobozi-bongeye-kwitabira-imyitozo,sport,Umwiherero2019:Abayobozi bongeye kwitabira imyitozo ngorangingo [REBA AMAFOTO],politics,0.8739,157,False
http://muhabura.rw/amakuru/sport/article/umwiherero2019-abayobozi-bazindukiye-mu-myitozo-ngorangingo,sport,Umwiherero2019:Abayobozi bazindukiye mu myitozo ngorangingo[REBA AMAFOTO],politics,0.9838,172,False
http://muhabura.rw/amakuru/sport/article/umugore-wavukanye-imisemburo-myinshi-y-abagabo-yasabwe,sport,Umugore wavukanye imisemburo myinshi y'abagabo yasabwe kuyigabanya yitabaza inkiko,sport,0.738,512,True
http://muhabura.rw/amakuru/sport/article/ubuyobozi-bwa-apr-fc-bweretse-itangazamakuru-umutoza-mushya,sport,APR FC yeretse itangazamakuru umutoza mushya n'abakinnyi bashya bane,sport,0.9905,512,True
http://muhabura.rw/amakuru/sport/article/nantes-yasabye-cardiff-kuyishyura-kuri-emiliano-sala,sport,Nantes yasabye Cardiff kuyishyura kuri Emiliano Sala waburiwe irengero mu mpanuka y'indege,sport,0.9858,512,True
http://muhabura.rw/amakuru/sport/article/robertinho-yashimye-mukunzi-ugiye-kwerekeza-muri-suwede,sport,Umutoza Mukuru wa Rayon Robertinho yashimye Mukunzi ugiye kwerekeza muri Suwede,sport,0.9808,287,False
http://muhabura.rw/amakuru/sport/article/nyina-wa-paul-pogba-yagizwe-ambasaderi-w-umupira-w-amaguru,sport,Nyina wa Paul Pogba yagizwe ambasaderi w'umupira w'amaguru mu kiciro cy'abari n'abategarugori,sport,0.9857,367,False
http://muhabura.rw/amakuru/sport/article/perezida-kagame-yatumiwe-mu-muhango-wo-gutanga-igihembo-cy,sport,Perezida Kagame yatumiwe mu muhango wo gutanga igihembo cy'umukinnyi mwiza w'umunyafurika,sport,0.9719,512,True
http://muhabura.rw/amakuru/sport/article/umutoza-wa-apr-fc-yanenze-abakinnyi-be-badashyira-umutima,sport,Umutoza wa APR FC yanenze abakinnyi be badashyira umutima ku kazi,sport,0.9847,366,False
http://muhabura.rw/amakuru/sport/article/umutoza-wa-manchester-united-jose-mourinho-yamaze-kwerekwa,sport,Umutoza wa Manchester United Jose Mourinho yamaze kwerekwa umuryango usohoka muri iyi kipe,sport,0.9871,273,False
http://muhabura.rw/amakuru/sport/article/umufana-w-impumyi-wa-liverpool-yasobanuye-ibya-video,sport,Umufana w'impumyi wa Liverpool yasobanuye ibya Video yagaragayemo yishimira igitego cya Salah,sport,0.9828,398,False
http://muhabura.rw/amakuru/sport/article/apr-fc-y-abakinnyi-batuzuye-yihanije-rayon-sport,sport,APR FC y'abakinnyi batuzuye ibabaje Rayon Sport ku munota wa nyuma,sport,0.9889,429,False
http://muhabura.rw/amakuru/sport/article/ferwafa-nayo-yemereye-rutahizamu-jonathan-rafael-gutangira,sport,FERWAFA nayo yemereye rutahizamu Jonathan Rafael gutangira gukinira Rayon Sport,sport,0.99,347,False
http://muhabura.rw/amakuru/sport/article/amahindura-ya-mukura-vs-iyasangije-free-state-stars,sport,Amahindura ya Mukura VS iyasangije Free state Stars iyisezerera muri CAF confederation Cup [AMAFOTO],sport,0.9904,512,True
http://muhabura.rw/amakuru/sport/article/urugendo-rwa-apr-fc-muri-champions-league-rwarangiriye-muri,sport,Urugendo rwa APR FC muri Champions League rwarangiriye muri Tunisia,sport,0.9924,462,False
http://muhabura.rw/amakuru/sport/article/rutahizamu-ukomoka-muri-brasil-rayon-sports-yari-itegereje,sport,Rutahizamu ukomoka muri Brasil Rayon Sports yari itegereje yageze i Kigali [ REBA AMAFOTO],sport,0.9764,109,False
http://muhabura.rw/amakuru/sport/article/kakule-mugheni-fabrice-yamaze-guhabwa-ibyangombwa,sport,Kakule Mugheni Fabrice yamaze guhabwa ibyangombwa bimwemerera gukinira Rayon Sports,sport,0.9801,197,False
http://muhabura.rw/amakuru/sport/article/apr-fc-inaniwe-gutsindira-mu-rugo-jimy-mulisa-ati-mu-mukino,sport,"APR FC inaniwe gutsinda Club Africain mu rugo,Mulisa ati""Mu mukino wo kwishyura tuzagenda dushaka intsinzi""[AMAFOTO]",sport,0.9915,512,True
http://muhabura.rw/amakuru/sport/article/amagare-abanyarwanda-batatu-mu-rutonde-rw-abazatorwamo,sport,Amagare:Abanyarwanda batatu ku rutonde rw'abazatorwamo umukinnyi w'umwaka muri Afurika,sport,0.9759,445,False
http://muhabura.rw/amakuru/sport/article/brian-majwega-wa-kiniye-ikipe-y-igihugu-cya-uganda,sport,Brian Majwega wa kiniye ikipe y'igihugu cya Uganda yatangiye imyitozo muri Rayon Sports,sport,0.9823,182,False
http://muhabura.rw/amakuru/sport/article/umutoza-ljupko-petrovic-wari-umaze-gufatisha-muri-apr-fc,sport,Umutoza Ljupko Petrović wari umaze gufatisha muri APR FC yamaze kwandika asezera gutoza iyi kipe,sport,0.9904,458,False
http://muhabura.rw/amakuru/sport/article/bakame-birangiye-ahawe-uburenganzira-bwo-kujya-kwishakira,sport,Bakame birangiye ahawe uburenganzira bwo kujya kwishakira indi kipe,sport,0.9822,236,False
http://muhabura.rw/amakuru/sport/article/ndayishimiye-eric-bakame-yatoboye-avuga-icyatumye-yinangira,sport,Ndayishimiye Eric Bakame yatoboye avuga icyatumye yinangira ntasabe imbabazi Rayon Sport,sport,0.9694,512,True
http://muhabura.rw/amakuru/sport/article/irushanwa-rihuza-amakipe-y-ibihugu-byo-mu-karere-ka-cecafa,sport,Irushanwa rihuza amakipe y'ibihugu byo mu Karere ka CECAFA ryabuze uryakira,sport,0.9779,512,True
http://muhabura.rw/amakuru/sport/article/mu-mukino-wari-ukomeye-mukura-yatsindiye-kiyovu-ku-mumena,sport,"Amahindura ya Mukura akomeje kuba amahindura, itsindiye Kiyovu ku Mumena",sport,0.9929,512,True
http://muhabura.rw/amakuru/sport/article/umutoza-wa-real-madrid-yeretse-umuryango-usohoka-muri-iyi,sport,Umutoza wa Real Madrid yeretswe umuryango usohoka muri iyi kipe,sport,0.9896,324,False
http://muhabura.rw/amakuru/sport/article/perezida-wa-fifa-giani-infatino-yatangaje-ibyo-yaganiriye,sport,Perezida wa FIFA Gianni Infantino yatangaje Ibyo yaganiriye na Perezida Kagame,sport,0.9813,512,True
http://muhabura.rw/amakuru/sport/Perezida-Kagame-yagiranye-ibiganiro-na-Perezida-wa-FIFA-Gianni-Infantino,sport,Perezida Kagame yagiranye ibiganiro na Perezida wa FIFA Gianni Infantino,sport,0.9696,340,False
http://muhabura.rw/amakuru/sport/article/fifa-na-uefa-zije-guhanganira-i-kigali-ku-cyemezo-cy,sport,FIFA na UEFA zije guhanganira i Kigali ku cyemezo cy'amarushanwa mashya,sport,0.985,512,True
http://muhabura.rw/amakuru/sport/article/masudi-djuma-agarutse-gutoza-muri-shampiyona-y-u-rwanda-nk,sport,Masudi Djuma agarutse gutoza muri shampiyona y'u Rwanda nk'umutoza mukuru wa AS de Kigali,sport,0.9872,357,False
http://muhabura.rw/amakuru/sport/article/bamwe-mu-bakinnyi-b-ikipe-y-igihugu-amavubi-basigaye,sport,Bamwe mu bakinnyi b'ikipe y'igihugu Amavubi basigaye batinya gushyira amafoto ku mbuga nkoranyambaga,sport,0.9704,506,False
http://muhabura.rw/amakuru/sport/Abakinnyi-ba-Manchester-United-bakora-igisa-nka-Anti-Jose-Mourinho-bakomeje-kwiyongera-REBA-AMAFOTO,sport,Abakinnyi ba Manchester United bakora igisa nka Anti-Jose Mourinho bakomeje kwiyongera [REBA AMAFOTO],sport,0.9838,353,False
http://muhabura.rw/amakuru/sport/article/luka-modric-yegukanye-igihembo-cy-umukinnyi-mwiza-ashyira,sport,Luka Modrić yegukanye igihembo cy'umukinnyi mwiza ashyira iherezo ku Cristiano Ronaldo na Lionel Messi,sport,0.9899,503,False
http://muhabura.rw/amakuru/sport/article/sobanukirwa-ibyamamare-10-bizwi-muri-ruhago-bitarakoza,sport,"Menya ibyamamare 10 bizwi muri Ruhago,bitarakoza intoki ku gikombe cya champions league [AMAFOTO]",sport,0.9919,512,True
http://muhabura.rw/amakuru/sport/article/imigabo-n-imigambi-ni-yose-ku-bakinnyi-n-umutoza-ba-rayon,sport,Imigabo n'imigambi ni yose ku bakinnyi n'umutoza ba Rayon Sport berekeje muri Nigeria gusezerera Enyimba,sport,0.9899,512,True
http://muhabura.rw/amakuru/sport/article/rayon-sports-na-gor-mahia-zaciwe-akayabo-k-ibihumbi-5-by,sport,Rayon Sports na Gor Mahia zaciwe akayabo k'ibihumbi 5 by'idolari kubera imyitwarire mibi,sport,0.9874,289,False
http://muhabura.rw/amakuru/sport/article/abakinnyi-ba-rayon-sports-babwiwe-inkurunziza-nyuma-y,sport,Abakinnyi ba Rayon Sports babwiwe inkurunziza nyuma y'imyitozo,sport,0.9851,512,True
http://muhabura.rw/amakuru/sport/article/abakozi-ba-ferwafa-bashinjwa-guha-umusifuzi-ruswa-batawe,sport,Abakozi ba Ferwafa bashinjwa guha umusifuzi ruswa' batawe muri yombi,sport,0.9739,434,False
http://muhabura.rw/amakuru/sport/article/rayon-sports-ikomeje-kwiyubaka-ishaka-abakinnyi-yaguze,sport,Rayon Sports ikomeje kwiyubaka ishaka abakinnyi: yaguze abakinnyi babiri,sport,0.9875,330,False
http://muhabura.rw/amakuru/sport/article/rayon-sport-yamenye-ikipe-bizahangana-muri-1-4-cya-caf,sport,Rayon Sport yamenye ikipe bizahangana muri 1/4 cya CAF Confederation cup,sport,0.989,512,True
http://muhabura.rw/amakuru/sport/article/mashami-vincent-yavuze-impamvu-nyamukuru-yatumye,sport,Mashami vincent yavuze impamvu nyamukuru yatumye adahamagara Bakame mu mavubi,sport,0.9889,512,True
http://muhabura.rw/amakuru/sport/article/perezida-george-weah-agiye-gushimira-arsene-wenger,sport,Perezida Weah agiye gushimira Arsène Wenger mu birori byakataraboneka bizaba muri iki cyumweru,sport,0.9813,348,False
http://muhabura.rw/amakuru/sport/article/rayon-sport-yiyibagije-ibibazo-irimo-itsindira-gor-mahia,sport,Rayon Sport yiyibagije ibibazo irimo itsindira Gor-Mahia iwayo,sport,0.9911,512,True
http://muhabura.rw/amakuru/sport/article/ferwafa-iti-rayon-sport-yaciwe-amande-na-caf-rayon-sport,sport,"FERWAFA iti""Rayon sport yaciwe amande na CAF"" naho Rayon Sport iti ni FERWAFA,ninde uri mukuri?",sport,0.9896,512,True
http://muhabura.rw/amakuru/sport/article/ntabwo-wabyuka-ngo-ube-igihangange-urabikorera-ugashoramo,sport,"Ntabwo wabyuka ngo ube igihangange! Urabikorera, ugashoramo imbaraga zawe-Perezida Kagame",sport,0.8432,378,False
http://muhabura.rw/amakuru/sport/article/rayon-sports-yihagazeho-mu-mukino-wo-kwishyura,sport,Rayon Sports yihagazeho mu mukino wo kwishyura,sport,0.9916,450,False
http://muhabura.rw/amakuru/sport/article/umusifuzi-wo-muri-senegal-wasifuye-mu-gikombe-cy-isi,sport,Umusifuzi wo muri Senegal wasifuye mu gikombe cy'isi yasezeye ku mwuga we,sport,0.9882,256,False
http://muhabura.rw/amakuru/sport/article/didier-deschamps-akoze-amateka-yegukana-igikobe-cy-isi,sport,Didier Deschamps akoze amateka yegukana igikobe cy'isi yaherukaga akiri Kapiteni w'Ubufaransa,sport,0.9921,512,True
http://muhabura.rw/amakuru/sport/Croatia-yatangiye-umukino-itsindwa-isezereye-Ubwongereza-igera-ku-mukino-wa-nyuma-isangayo-Ubufaransa-REBA-AMAFOTO,sport,Croatia yatangiye umukino itsindwa isezereye Ubwongereza igera ku mukino wa nyuma isangayo Ubufaransa [REBA AMAFOTO],sport,0.9934,489,False
http://muhabura.rw/amakuru/sport/article/cyera-kabaye-cristiano-ronaldo-aguzwe-na-juventus-aba,sport,Cyera kabaye Cristiano Ronaldo aguzwe na Juventus aba umukinnyi wa kane ku isi uguzwe menshi,sport,0.9851,512,True
http://muhabura.rw/amakuru/sport/article/rayon-sport-iteye-intambwe-idatsikira-yerekeza-muri-1-4-cy,sport,Rayon Sport iteye intambwe idatsikira yerekeza muri 1/4 cy'irushanwa rya CECAFA Kagame cup,sport,0.991,462,False
http://muhabura.rw/amakuru/sport/article/amahirwe-yo-kugera-muri-1-4-cya-cecafa-kagame-cup-kuri-apr,sport,"Nyuma yo gutsindwa kabiri yikurikiranya,APR FC amahirwe yo kugera muri 1/4 cya CECAFA Kagame cup arasa n'ayayoyotse",sport,0.9905,512,True
http://muhabura.rw/amakuru/sport/article/umutoza-w-ikipe-ya-argentina-yahishuye-impamvu-lionel-messi,sport,Umutoza w'ikipe ya Argentina yahishuye impamvu Lionel Messi atari kwitwara neza mu gikombe cy'isi,sport,0.9914,512,False
http://muhabura.rw/amakuru/sport/article/senegal-iteturuye-ibihugu-bya-afurika-byitabiriye-igikombe,sport,Senegal iteturuye ibihugu bya Afurika byitabiriye igikombe cy'Isi nyuma y'imyaka 16 ititabira,sport,0.993,453,False
http://muhabura.rw/amakuru/sport/article/bakame-yirukanwe-burundu-muri-rayon-sport-nyuma-yo-kwihisha,sport,Bakame yirukanwe burundu muri Rayon Sport nyuma yo kwihisha inyuma y'intsinzwi nyinshi z'iyi kipe,sport,0.9875,512,True
http://muhabura.rw/amakuru/sport/article/impamvu-eshatu-zatumye-zinedine-zidani-areka-gutoza-real,sport,Impamvu eshatu zatumye Zinedine Zidani areka gutoza Real Madrid zamenyekanye,sport,0.982,473,False
http://muhabura.rw/amakuru/sport/article/ferwafa-yabonye-umunyamabanga-mushya,sport,FERWAFA yabonye umunyamabanga mushya,sport,0.9857,199,False
http://muhabura.rw/amakuru/sport/article/ubufatanye-bwa-arsenal-na-rdb-buzatuma-iyi-kipe-ishobora,sport,Ubufatanye bwa Arsenal na RDB buzatuma iyi kipe ishobora kuzaza gukinira mu Rwanda,sport,0.9671,512,True
http://muhabura.rw/amakuru/sport/article/arsena-yabonye-umutoza-mushya-utahabwaga-amahirwe-yo,sport,Arsenal yabonye umutoza mushya utahabwaga amahirwe yo kuyitoza,sport,0.9894,512,True
http://muhabura.rw/amakuru/sport/article/ibyihebe-byatangaje-ko-bizakata-umutwe-christiano-ronaldo,sport,Ibyihebe byatangaje ko bizakata umutwe Christiano Ronaldo na Messi mu gikombe cy'isi 2018,sport,0.9859,359,False
http://muhabura.rw/amakuru/sport/article/ikipe-bizimana-djihadi-aheruka-gusinyira-yanyagiwe-akayabo,sport,Ikipe Bizimana Djihadi aheruka gusinyira yanyagiwe akayabo k'ibitego,sport,0.9932,512,True
http://muhabura.rw/amakuru/sport/Perezida-Kagame-yagaragaje-ibyiyumviro-bye-ku-gusezera-kwa-Arsene-Wenger-ntagikombe-gikomeye-asigiye-ikipe-akunda,sport,Perezida Kagame yagaragaje ibyiyumviro bye ku gusezera kwa Arsene Wenger ntagikombe gikomeye asigiye ikipe ...,sport,0.9868,512,True
http://muhabura.rw/amakuru/sport/article/lt-gen-musemakweli-yatangaje-ko-biteguye-kubungabunga,sport,Lt Gen. Musemakweli Yatangaje ko biteguye kubungabunga umutekano w'Abanyarwanda,politics,0.9918,410,False
http://muhabura.rw/amakuru/sport/article/rayon-sport-ikoze-amateka-yerekeza-mu-matsinda-ya-caf,sport,Rayon sport Ikoze amateka yerekeza mu matsinda ya CAF Confederation Cup,sport,0.9912,512,True
http://muhabura.rw/amakuru/sport/article/mu-ibaruwa-itari-ngufi-antoine-hey-yandikiye,sport,Antoine Hey yandikiye Ferwafa asaba kugaruka gutoza Amavubi,sport,0.9882,512,True
http://muhabura.rw/amakuru/sport/article/abanyarwanda-n-abaganda-bari-mu-mikino-ya-commonwealth,sport,Abanyarwanda n'abagande bari mu mikino ya Commonwealth baburiwe irengero,sport,0.9771,279,False
http://muhabura.rw/amakuru/sport/article/ikipe-ya-rayon-sports-yahanishijwe-gucibwa-ibihumbi-15-by,sport,Ikipe ya Rayon Sports yahanishijwe gucibwa ibihumbi 15 by'amadolari,sport,0.9808,512,True
http://muhabura.rw/amakuru/sport/article/amakipe-11-yo-mu-cyiciro-cya-mbere-ashobora-kutazakina,sport,Amakipe 11 yo mu cyiciro cya mbere ashobora kutazakina Shampiyona umwaka utaha,sport,0.9799,512,True
http://muhabura.rw/amakuru/sport/Hari-abakinnyi-bamaze-kugera-mu-bihugu-byinshi-kurusha-abayobozi-b-Uturere-Guverineri-Gatabazi,sport,Hari abakinnyi bamaze kugera mu bihugu byinshi kurusha abayobozi b'Uturere - Guverineri Gatabazi,sport,0.9397,72,False
http://muhabura.rw/amakuru/sport/article/rayon-sports-itomboye-ikipe-yo-muri-mozambique-muri-caf,sport,Rayon Sports itomboye ikipe yo muri Mozambique muri CAF Confederations Cup,sport,0.9906,357,False
http://muhabura.rw/amakuru/sport/article/umutoza-wa-rayon-sports-yemerewe-amasezerano-nyuma-yo,sport,Umutoza wa Rayon Sports yemerewe amasezerano nyuma yo gushima umusaruro we,sport,0.9882,288,False
http://muhabura.rw/amakuru/sport/article/apr-fc-yasezerewe,sport,APR FC yasezerewe,sport,0.9919,512,True
http://muhabura.rw/amakuru/sport/article/abapolisi-b-u-rwanda-bari-mu-butumwa-bw-amahoro-batsindiye,sport,"Abapolisi b'u Rwanda bari mu butumwa bw'amahoro batsindiye igihembo cy'irushanwa ""DANCON March""",economy,0.7908,512,True
http://muhabura.rw/amakuru/sport/article/abakobwa-n-abahungu-bahuriye-mu-ikipe-imwe-birekana-ko,sport,Abakobwa n'abahungu bahuriye mu ikipe imwe berekana ko bashoboye,sport,0.9896,495,False
http://muhabura.rw/amakuru/sport/article/perezida-wa-caf-yasuye-urwibutso-rwa-jenoside-ku-gisozi,sport,Perezida wa CAF Yasuye urwibutso rwa Jenoside ku Gisozi anarutera inkunga yi 2000 by'amadorari,sport,0.9324,464,False
http://muhabura.rw/amakuru/sport/article/abatoza-9-ba-handball-batsinzwe-ikizamini,sport,Abatoza 9 ba Handball batsinzwe ikizamini,sport,0.9892,512,True
http://muhabura.rw/amakuru/sport/article/ku-nshuro-yambere-u-rwanda-rugiye-kwitabira-imikino-mugihe,sport,Ku nshuro yambere u Rwanda rugiye kwitabira imikino mugihe cy'icyunamo,sport,0.986,512,True
http://muhabura.rw/amakuru/sport/article/gasore-serge-yagarutse-mu-rwanda-nyuma-y-igihembo-yaherewe,sport,Gasore Serge yagarutse mu Rwanda nyuma y'igihembo yaherewe muri Amerika [Reba amafoto],entertainment,0.7121,314,False
http://muhabura.rw/amakuru/sport/article/umwe-mu-bayobozi-ba-rayon-sports-yatanze-ubuhamya-bwo,sport,Umwe mu bayobozi ba Rayon Sports yatanze ubuhamya bwo gukekwaho gutanga ruswa Iburundi,sport,0.9676,425,False
http://muhabura.rw/amakuru/sport/article/umubiligi-agarutse-muri-rayon-sports-nyuma-yo-kugenda,sport,Umubiligi agarutse muri Rayon Sports nyuma yo kugenda adasezeye,sport,0.9827,214,False
http://muhabura.rw/amakuru/sport/article/ruswa-ivugwa-mu-mukino-rayon-sport-yasezereye-llb-ishobora,sport,Ruswa ivugwa mu mukino Rayon Sport yasezereye LLB ishobora gutuma Rayon Sport isezerwe mu irushanwa,sport,0.9882,512,True
http://muhabura.rw/amakuru/sport/article/umutoza-wa-rayon-sports-karekezi-olivier-wari-yasezeye,sport,Umutoza wa Rayon Sports Karekezi Olivier yasezeye abakinnyi,sport,0.9635,512,True
http://muhabura.rw/amakuru/sport/article/ikipe-ya-rayon-sports-ntiyabashije-kwihimura-kuri-apr-fc,sport,Ikipe ya Rayon Sports ntiyabashije kwihimura kuri APR Fc,sport,0.9907,503,False
http://muhabura.rw/amakuru/sport/article/rayon-sports-ku-kibuga-cy-indege-yakiriwe-nka-yezu-ageze-i,sport,Rayon Sports ku kibuga cy'indege yakiriwe nka Yezu ageze I Yeruselemu (REBA AMAFOTO),sport,0.9871,223,False
http://muhabura.rw/amakuru/sport/article/abakunzi-ba-rayon-sports-baraye-mu-byishimo-abakinnyi,sport,"Abakunzi ba Rayon Sports baraye mu byishimo, abakinnyi babona akayabo k'amafaranga y'agahimbazamusyi",sport,0.9884,383,False
http://muhabura.rw/amakuru/sport/article/abapolisi-154-birukanye-burundu-muri-polisi-y-u-rwanda,sport,Abapolisi 154 birukanywe burundu muri Polisi y'u Rwanda,politics,0.9579,465,False
http://muhabura.rw/amakuru/sport/article/djihad-bizimana-yafashije-ikipe-ya-apr-fc-kwihaniza-ikipe,sport,Djihad Bizimana yafashije ikipe ya APR FC kwihaniza ikipe mu mukino ubanza w'igikombe cy'Africa,sport,0.9918,329,False
http://muhabura.rw/amakuru/sport/article/abagabo-babujijwe-kureba-imikino-bazira-gusa-na-kim-jong-un,sport,Abagabo babujijwe kureba imikino bazira gusa na Kim jong Un na Donald Trump [AMAFOTO],sport,0.7724,185,False
http://muhabura.rw/amakuru/sport/article/umutoza-w-amavubi-ari-mu-nzira-asubira-iwabo-mu-budage-iyo,sport,Umutoza w'Amavubi ari mu nzira asubira iwabo mu Budage iyo yaturutse[REBA AMAFOTO UTAMENYE],sport,0.9817,309,False
http://muhabura.rw/amakuru/sport/article/ikipe-y-igihugu-amavubi-yatemberejwe-stade-izakiniraho,sport,Ikipe y'Igihugu Amavubi yatemberejwe Stade Izakiniraho -Amafoto,sport,0.9912,348,False
http://muhabura.rw/amakuru/sport/article/polisi-y-u-rwanda-yatangaje-ko-yataye-muri-yombi-visi,sport,Polisi y'u Rwanda yatangaje ko yataye muri yombi Visi Perezida wa Rayon Sports,politics,0.4715,207,False
http://muhabura.rw/amakuru/sport/article/perezida-kagame-yashyizeho-abandi-bayozi-antoine-ruvebana,sport,Perezida Kagame yashyizeho abandi bayozi Antoine Ruvebana nawe yasimbuwe,politics,0.9526,278,False
http://muhabura.rw/amakuru/sport/article/ubushomeri-buravuza-ubuhuha-mu-rubyiruko-rw-u-rwanda,sport,Ubushomeri Buravuza Ubuhuha mu Rubyiruko rw'u Rwanda,politics,0.825,512,True
http://muhabura.rw/amakuru/sport/article/umuyobozi-w-ishyirahamwe-ry-umupira-w-amaguru-ku-isi,sport,Umuyobozi w'Ishyirahamwe ry'umupira w'amaguru ku Isi yihanganishije umuryango wa Katauti,sport,0.9857,512,True
http://muhabura.rw/amakuru/sport/article/kigali-abakinnyi-ba-biri-ba-rayons-sports-barafunzwe,sport,Kigali: Abakinnyi ba biri ba Rayons Sports barafunzwe,sport,0.9325,229,False
http://muhabura.rw/amakuru/sport/article/uwamaho-arashinja-de-gaulle-ku-mukorera-igisa-n-iyicarubozo,sport,Uwamaho arashinja Nzamwita Vincent de Galle ku mukorera igisa n'iyicarubozo mu kazi,sport,0.9755,512,True
http://muhabura.rw/amakuru/sport/article/hakizimana-ambroise-wasifuriye-apr-na-as-kigali,sport,Hakizimana Ambroise wasifuriye APR na AS Kigali yahagaritswe,sport,0.9899,191,False
http://muhabura.rw/amakuru/sport/article/nzamwita-vincent-de-gaule-ubu-arabarizwa-muri-komite-ya-caf,sport,Nzamwita Vincent de Gaule ubu arabarizwa muri komite ya CAF,sport,0.9264,259,False
http://muhabura.rw/amakuru/sport/article/mu-rwanda-hateganyijwe-ibikorwa-byo-gutaha-stade-ibariwa-mu,sport,Mu Rwanda hateganyijwe ibikorwa byo gutaha Stade ibariwa mu ma Stades 10 ya mbere ku isi,sport,0.9829,335,False
http://muhabura.rw/amakuru/sport/article/ntibikunze-gutangazwa-mu-binyamakuru-ariko-hari-icyuho-mu,sport,Ntibikunze gutangazwa mu binyamakuru ariko hari icyuho mu burezi ku Isi- Prof. Silas Lwakabamba,politics,0.7241,512,True
http://muhabura.rw/amakuru/sport/article/abari-bategereje-tuyisenge-jacques-muri-muri-apr-bakureyo,sport,Abari bategereje Tuyisenge Jacques muri muri APR bakureyo amaso,sport,0.9847,184,False
http://muhabura.rw/amakuru/sport/article/amakuru-meza-ku-bakunzi-bikipe-y-ingabo-z-u-rwanda,sport,Amakuru meza ku bakunzi bikipe y'ingabo z'u Rwanda,sport,0.9841,422,False
http://muhabura.rw/amakuru/sport/article/rayon-sports-yongeye-guha-isomo-kiyovu-nyuma-yo-ku-yimanura,sport,Rayon Sports yongeye guha isomo Kiyovu nyuma yo ku yimanura mu cyiciro cya kabiri,sport,0.9908,512,True
http://muhabura.rw/amakuru/sport/article/umukinnyi-w-umunyafurika-uri-ku-rutonde-rumwe-na-messi,sport,"Umukinnyi w'umunyafurika uri ku rutonde rumwe na Messi, Cristiano... yatorewe kuba Perezida",sport,0.9821,512,True
http://muhabura.rw/amakuru/sport/article/uwahoze-ari-kapiteni-w-ikipe-y-igihugu-yo-gusiganwa-ku,sport,Uwahoze ari kapiteni w'ikipe y'igihugu yo gusiganwa ku magare yasabye imbabazi,sport,0.9847,512,True
http://muhabura.rw/amakuru/sport/article/sport-argentine-mu-gikombe-cy-isi-bikozwe-na-messi,sport,Sport: Argentine mu gikombe cy'Isi bikozwe na Messi,sport,0.9924,512,True
http://muhabura.rw/amakuru/sport/article/u-rwanda-ntirukitabiriye-amarushanwa-muri-tanzaniya,sport,U Rwanda ntirukitabiriye amarushanwa muri Tanzaniya,sport,0.9815,485,False
http://muhabura.rw/amakuru/sport/article/rayon-sports-yisubiyeho-ku-cyemezo-yari-yafashe,sport,Rayon Sports yisubiyeho ku cyemezo yari yafashe,sport,0.9884,512,True
http://muhabura.rw/amakuru/sport/article/isesengura-ku-mukino-uribuze-guhuza-apr-fc-na-police-fc,sport,Isesengura ku mukino uribuze guhuza APR FC na Police FC nandi makipe.,sport,0.9895,512,True
http://muhabura.rw/amakuru/sport/article/rwanda-amakipe-y-ibikomerezwa-akomeje-gukorwa-mu-mboni-y,sport,Rwanda: Amakipe y'ibikomerezwa akomeje gukorwa mu mboni y'ijisho,sport,0.9619,512,True
http://muhabura.rw/amakuru/sport/article/mukura-vicotry-sports-yahaye-isomo-rya-ruhago-apr-fc,sport,Mukura vicotry sports yahaye isomo rya ruhago APR FC,sport,0.9919,512,True
http://muhabura.rw/amakuru/sport/article/minisitiri-w-umuco-na-siporo-mu-rwanda-julienne-uwacu,sport,Uwacu Julienne: Impinduka mu mikino binyuze muri minisiteri y'umuco na siporo,sport,0.9849,468,False
http://muhabura.rw/amakuru/sport/article/amakipe-yo-mu-bwongereza-yakomeje-kwibasirwa-bigeze-kuri,sport,Amakipe yo mu bwongereza yakomeje kwibasirwa bigeze kuri Arsenal biba akarusho,sport,0.9917,278,False
http://muhabura.rw/amakuru/sport/article/christiano-ronaldo-akomeje-guha-umwitangirizwa-we-lionel,sport,Christiano Ronaldo akomeje guha umwitangirizwa we Lionel Messi,sport,0.9911,394,False
http://muhabura.rw/amakuru/sport/article/umuriro-watse-hagati-ya-jose-mulihno-na-robert-martinez,sport,Umuriro watse hagati ya Jose Mulihno na Robert Martinez umuherwe w'ikipe ya Everton,sport,0.9875,429,False
http://muhabura.rw/amakuru/sport/article/ikipe-y-igihugu-y-umupira-w-amaguru-amavubi-ikomeje,sport,Ikipe y'igihugu y'umupira w'amaguru Amavubi ikomeje kwibasirwa,sport,0.9902,401,False
http://muhabura.rw/amakuru/sport/article/ikipe-y-u-rwanda-mu-isiganwa-ry-amagare-yaciye-agahigo-mu,sport,"Ikipe y'u Rwanda mu isiganwa ry'amagare yaciye agahigo mu mikino ya ""All Africa Games 2015″ irimo kubera muri Congo ...",sport,0.9886,512,True
http://muhabura.rw/amakuru/sport/article/ikipe-y-igihugu-amavubi-ikorewe-ibya-mfura-mbi,sport,Ikipe y'igihugu Amavubi ikorewe ibya mfura mbi,sport,0.9895,251,False
http://muhabura.rw/amakuru/sport/article/captain-w-amavubi-haruna-niyonzima-yagize-icyo-asaba,sport,Captain w'Amavubi Haruna Niyonzima yagize icyo asaba abanyarwanda mbere y'umukino na Ghana,sport,0.9877,260,False
http://muhabura.rw/amakuru/sport/article/inkuru-mu-mafoto-nigeria-yanditse-amateka-mashya-mu-mukino,sport,Inkuru mu mafoto: Nigeria yanditse amateka mashya mu mukino wa Afro Basket,sport,0.9888,340,False
http://muhabura.rw/amakuru/sport/article/kunshuro-yambere-kibayeho-igikombe-cy-agaciro-development,sport,Kunshuro yambere kibayeho igikombe cy'Agaciro Development Fund cyegukanywe na Police Fc,sport,0.9819,512,True
http://muhabura.rw/amakuru/sport/article/fc-barcelona-yaraye-yikuye-mukimwaro-yagiriye-ku-kibuga-cya,sport,Fc Barcelona yaraye yikuye mukimwaro yagiriye ku kibuga cya Ath Bilbao,sport,0.9921,472,False
http://muhabura.rw/amakuru/sport/article/jose-mulihno-murugamba-rwo-kugeza-pedro-mu-ikipe-ya-chelsea,sport,Jose Mulihno murugamba rwo kugeza Pedro mu ikipe ya Chelsea,sport,0.9874,205,False
http://muhabura.rw/amakuru/sport/article/real-madrid-ikeneye-umunyezamu-wa-manchester-united-bubi-na,sport,Real Madrid ikeneye umunyezamu wa Manchester United bubi na bwiza,sport,0.9743,179,False
http://muhabura.rw/amakuru/sport/article/azam-tv-na-bralirwa-baba-bagiye-kwiyongera-kubaterankunga,sport,Azam tv na Bralirwa baba bagiye kwiyongera kubaterankunga ba Championa y'urwanda,sport,0.9826,387,False
http://muhabura.rw/amakuru/sport/article/kuvuguruzanya-kw-abasinye-ku-ibaruwa-isaba-ibisobanuro-de,sport,Kuvuguruzanya kw'abasinye ku ibaruwa isaba ibisobanuro De Gaulle,sport,0.9768,407,False
http://muhabura.rw/amakuru/sport/article/urubyiruko-rwa-afurika-rufite-impano-nyinshi-perezida,sport,Urubyiruko rwa Afurika rufite impano nyinshi- Perezida Kagame,sport,0.9559,330,False
http://muhabura.rw/amakuru/sport/article/psg-iguze-rutahizamu-neymar-miliyoni-222-za-euros,sport,PSG Iguze Rutahizamu Neymar Miliyoni 222 za Euros,sport,0.986,324,False
http://muhabura.rw/amakuru/sport/article/abakinnyi-ba-rayon-sports-bizeye-ko-bazagerana-kure-na,sport,Abakinnyi ba Rayon Sports bizeye ko bazagerana kure na Karekezi Olivier,sport,0.9849,423,False
http://muhabura.rw/amakuru/sport/article/ngoma-kung-fu-karate-umwe-mu-mikino-yahinduye-byinshi-ku,sport,Ngoma: Kung-fu Karate ya hinduye byinshi ku bana,sport,0.98,512,True
http://muhabura.rw/amakuru/sport/article/umutoza-wa-rayon-sports-yasezera-ku-mirimo-ye,sport,Umutoza wa Rayon Sports Yasezera ku mirimo ye,sport,0.9881,504,False
http://muhabura.rw/amakuru/sport/article/apr-fc-yegukanye-igikombe-cy-amahoro-na-miliyoni-10-frw,sport,APR FC yegukanye igikombe cy'Amahoro na miliyoni 10 Frw itsinze Espoir FC,sport,0.9915,512,True
http://muhabura.rw/amakuru/sport/article/itariki-yo-guhabwa-igikombe-ku-ikipe-ya-rayon-sport,sport,Itariki yo guhabwa igikombe ku ikipe ya Rayon Sport yamenyekanye,sport,0.9895,512,True
http://muhabura.rw/amakuru/sport/article/mayweather-agiye-guhura-na-mcgregor-mu-mukino-bise,sport,Mayweather agiye guhura na McGregor mu mukino bise byendagusetsa,sport,0.9835,390,False
http://muhabura.rw/amakuru/sport/article/amafoto-atangaje-yaranze-umukino-wa-kivu-sport-na-rayon,sport,Amafoto atangaje yaranze umukino wa Kivu Sport na Rayon,sport,0.9906,399,False
http://muhabura.rw/amakuru/sport/article/umurenge-kagame-cup-akarere-ka-ngoma-kasebeye-iwabo,sport,Umurenge Kagame Cup: Akarere ka Ngoma kasebeye iwabo,sport,0.9798,512,True
http://muhabura.rw/amakuru/sport/article/bwa-mbere-mu-mateka-kiyovu-sports-yamanutse-mu-cyiciro-cya,sport,Bwa mbere mu mateka Kiyovu Sports yamanutse mu cyiciro cya kabiri,sport,0.9911,456,False
http://muhabura.rw/amakuru/sport/article/uko-ingengabihe-y-imikino-ya-champiyona-y-ubwongereza-2017,sport,"Uko Ingengabihe y'imikino ya Champiyona y'Ubwongereza 2017-2018 ihagaze, amwe mu makipe yatunguwe",sport,0.9896,512,True
http://muhabura.rw/amakuru/sport/article/amavubi-ntiyahiriwe-n-umukino-wayahuje-na-centrafrica,sport,Amavubi ntiyahiriwe n'umukino wayahuje na Centrafrica,sport,0.9924,512,True
http://muhabura.rw/amakuru/sport/article/perezida-wa-rayon-sport-ari-mu-maboko-ya-polisi,sport,Perezida wa Rayon Sport ari mu maboko ya Polisi,sport,0.3806,374,False
http://muhabura.rw/amakuru/sport/article/umukinnyi-w-umunya-cote-d-ivoire-yitabye-imana,sport,Umukinnyi w'umunya Cote d'Ivoire yitabye Imana,sport,0.9784,396,False
http://muhabura.rw/amakuru/sport/article/amafoto-abatoza-5-beza-ku-isi-wenger-k-umwanya-wa-4-reba,sport,"AMAFOTO:Abatoza 5 beza ku isi,wenger k'umwanya wa 4 ,reba abandi imbere n'inyuma ye",sport,0.99,512,True
http://muhabura.rw/amakuru/sport/article/ese-uzi-ko-zlatan-ibrahimovic-usibye-guconga-ruhago-hari,sport,"Ese,uzi ko Zlatan ibrahimovic usibye guconga ruhago, hari byinshi azwiho? Menya byinshi kuri we",sport,0.9829,512,True
http://muhabura.rw/amakuru/sport/article/rayon-sports-yegukanye-igikombe-cya-shampiyona-itsinze,sport,Rayon Sports yegukanye igikombe cya shampiyona itsinze Mukura,sport,0.99,416,False
http://muhabura.rw/amakuru/sport/article/masoudi-djuma-imbere-ye-hari-umusozi-uhanamye-agomba,sport,Masoudi Djuma imbere ye hari umusozi uhanamye agomba kubanza kuzamuka ngo atware igikombe cya champiyona 2016-2017,sport,0.9889,512,True
http://muhabura.rw/amakuru/sport/article/police-fc-muri-kimwe-cya-kane-cy-igikombe-cy-amahoro,sport,Police FC muri kimwe cya kane cy'igikombe cy'Amahoro,sport,0.9844,357,False
http://muhabura.rw/amakuru/sport/article/amafoto-ibyamamare-10-muri-ruhago-bizwi-ku-isi-bitarakoza,sport,"AMAFOTO: Ibyamamare 10 muri Ruhago bizwi ku isi, bitarakoza intoki ku gikombe cya champions league",sport,0.9921,512,True
http://muhabura.rw/amakuru/sport/article/ubufaransa-mu-makipe-4-y-iburayi-azitabira-copa-america,sport,ubufaransa mu makipe 4 y'iburayi azitabira Copa America muri 2019,sport,0.9773,406,False
http://muhabura.rw/amakuru/sport/article/peace-cup-1-8-rayon-sports-yatomboye-musanze-apr-fc-igiye,sport,"PEACE CUP 1/8: Rayon Sports yatomboye Musanze, APR FC igiye kongera kwesurana na Sunrise",sport,0.9915,350,False
http://muhabura.rw/amakuru/sport/article/lionel-messi-akomeje-kwandika-amateka-kurenza-mugenzi-we,sport,Lionel Messi akomeje kwandika amateka kurenza mugenzi we Ronaldo,sport,0.9876,512,True
http://muhabura.rw/amakuru/sport/article/dore-uko-irushanwa-rya-1-16-ry-igikombe-cy-amahoro-riteye,sport,Dore uko irushanwa rya 1/16 ry'igikombe cy'amahoro riteye kuri uyu wa 19 Mata,sport,0.992,512,True
http://muhabura.rw/amakuru/sport/article/rayon-sports-yongeye-guha-abakunzi-bayo-ibyishimo-inyagira,sport,Rayon Sports yongeye guha abakunzi bayo ibyishimo inyagira Amagaju FC,sport,0.9892,380,False
http://muhabura.rw/amakuru/sport/article/pogba-k-umwanya-wa-10-w-abinjiza-agatubutse-christiano,sport,"Pogba k'umwanya wa 10 w'abinjiza agatubutse , Christiano arayoboye. abandi bimeze bite?",sport,0.9865,512,True
http://muhabura.rw/amakuru/sport/article/nyamasheke-umurenge-kagame-cup-abafite-ubumuga-bashimira-by,sport,Nyamasheke: Umurenge Kagame cup abafite ubumuga bashimira by'umwihariko Perezida Kagame,sport,0.984,512,True
http://muhabura.rw/amakuru/sport/article/nyamasheke-ubuyobozi-n-abakinnyi-bose-barishimira-umusaruro,sport,Nyamasheke: Ubuyobozi n'abakinnyi bose barishimira umusaruro bakuye mu Murenge Kagame Cup,sport,0.923,512,True
http://muhabura.rw/amakuru/sport/article/young-african-yagerewe-mu-gatebo-apr-fc-yagerewemo,sport,Young African yagerewe mu gatebo APR FC yagerewemo,sport,0.99,350,False
http://muhabura.rw/amakuru/sport/article/perezida-wa-caf-yambuwe-ubuyobozi-n-amatora,sport,Perezida wa CAF Yambuwe ubuyobozi n'amatora,sport,0.9789,512,True
http://muhabura.rw/amakuru/sport/article/rayon-sport-yitwaje-ubushyuhe-nk-impamvu-yatumye-batsindwa,sport,Rayon sport yitwaje ubushyuhe nk'impamvu yatumye batsindwa,sport,0.9889,372,False
http://muhabura.rw/amakuru/sport/article/ambasaderi-munyabagisha-valens-yatorewe-kuba-perezida-wa,sport,Ambasaderi Munyabagisha Valens yatorewe kuba Perezida wa Komite Olempike,politics,0.9519,224,False
http://muhabura.rw/amakuru/sport/article/lionel-messi-yagaragaje-umutoza-barcelona-yifuza-mu-minsi,sport,Lionel Messi yagaragaje umutoza Barcelona yifuza mu minsi iri imbere,sport,0.9891,310,False
http://muhabura.rw/amakuru/sport/article/jimmy-mulisa-umutoza-wa-apr-fc-yavumbuye-impamvu-ziri,sport,Jimmy Mulisa Umutoza wa APR FC yavumbuye impamvu ziri gutera ikipe ye kwitwara nabi,sport,0.9877,512,True
http://muhabura.rw/amakuru/sport/article/umutoza-cassa-mbungo-andre-yagiranye-amasezerano-n-ikipe-ya,sport,Umutoza Cassa Mbungo André yagiranye amasezerano n'ikipe ya Sunrise FC,sport,0.9896,393,False
http://muhabura.rw/amakuru/sport/article/ishyirahamwe-ry-umupira-w-amaguru-mu-rwanda-ryasinye,sport,Ishyirahamwe ry'umupira w'amaguru mu Rwanda ryasinye amasezerano n'ishyirahamwe ryo mu Budage,sport,0.9827,370,False
http://muhabura.rw/amakuru/sport/article/nkurunziza-gustave-umuyobozi-wa-federasiyo-ya-volleyball-n,sport,Nkurunziza Gustave umuyobozi wa federasiyo ya volleyball n'uwari umubitsi bari mu maboko ya Police,sport,0.9801,402,False
http://muhabura.rw/amakuru/sport/article/ferwafa-yashyize-umwanya-w-umutoza-w-amavubi-ku-isoko,sport,"FERWAFA yashyize umwanya w'umutoza w'AMAVUBI ku isoko, abasaba bazakora ikizamini",sport,0.9848,331,False
http://muhabura.rw/amakuru/sport/article/apr-fc-iyoboye-shampiyona-nyuma-yo-gutsinda-rayon-sports-1,sport,APR FC iyoboye shampiyona nyuma yo gutsinda Rayon Sports 1-0,sport,0.9908,387,False
http://muhabura.rw/amakuru/sport/article/cristiano-ronaldo-yongeye-guhigika-lionel-messi-yegukana,sport,Cristiano Ronaldo yongeye guhigika Lionel Messi yegukana igihembo cya FIFA,sport,0.9881,512,True
http://muhabura.rw/amakuru/sport/article/nyinawumuntu-marie-grace-umutoza-w-ikipe-y-igihugu-y,sport,As Kigali yamaze Guhagarika Nyinawumuntu Marie Grace wari umutoza wayo,sport,0.9601,248,False
http://muhabura.rw/amakuru/sport/article/gakwaya-olivier-aranyomoza-amakuru-avuga-ko-rayon-sports,sport,Gakwaya Olivier aranyomoza amakuru avuga ko Rayon Sports Yacitsemo ibice bibiri,sport,0.982,336,False
http://muhabura.rw/amakuru/sport/article/lionel-messi-mu-myiteguro-y-ubukwe-ngo-icyo-ataramenya-ni,sport,"Lionel Messi mu myiteguro y'Ubukwe, ngo icyo ataramenya ni umunsi",sport,0.9328,263,False
http://muhabura.rw/amakuru/sport/article/rayon-sport-ihaye-abakunzi-bayo-noheli-nziza-n-ubunani,sport,Rayon Sport ihaye abakunzi bayo Noheli Nziza n'Ubunani,sport,0.9896,512,True
http://muhabura.rw/amakuru/sport/article/cristiano-n-umukunzi-we-bafotowe-bari-gusomanira-mu-ruhame,sport,Cristiano n'umukunzi we bafotowe bari gusomanira mu ruhame-AMAFOTO,entertainment,0.7475,210,False
http://muhabura.rw/amakuru/sport/article/amafoto-nyumo-yo-guca-muri-man-u-na-city-kuki-tevez,sport,"Amafoto! nyumo yo guca muri Man U na City, kuki Tevez yarijije abafana kandi agiye kujya gufata akayabo?",sport,0.9897,343,False
http://muhabura.rw/amakuru/sport/article/nyuma-y-imyaka-ibiri-rayon-sport-imwifuje-mugabo-gabriel,sport,"Nyuma y'imyaka itatu Rayon Sport imwifuje, Mugabo Gabriel birangiye ayisinyiye imyaka ibiri",sport,0.9868,369,False
http://muhabura.rw/amakuru/sport/article/n-ubwo-agiye-kubasiga-yavuze-amagambo-y-ihumure,sport,"N'ubwo agiye kubasiga, yavuze amagambo y'ihumure",sport,0.9872,267,False
http://muhabura.rw/amakuru/sport/article/iyaba-umupira-ari-amatora-man-city-vs-arsenal-wagasubiwemo,sport,"Iyaba umupira ari amatora, Man. City vs Arsenal wagasubiwemo kuko Arsenal yaribwe 100%",sport,0.9902,351,False
http://muhabura.rw/amakuru/sport/article/umukinnyi-w-ukwezi-amarozi-apr-fc-ifata-rayon-sport-espoir,sport,"Umukinnyi w'ukwezi, Amarozi, APR FC ifata Rayon Sport, Espoir FC ikomeza…, Ibintu 5 byaranze shampiyona y'u Rwanda",sport,0.9923,512,True
http://muhabura.rw/amakuru/sport/article/diego-costa-ibitego-50-chalsea-imikino-11-yikurikiranya,sport,"Diego Costa ibitego 50, Chalsea imikino 11 yikurikiranya, Nemanja Matic MOM, amanota y'abakinnyi babonye",sport,0.9901,257,False
http://muhabura.rw/amakuru/sport/article/rayon-sport-yanainwe-gukura-amanota-atatu-i-huye-mu-mukino,sport,Rayon Sport yanainwe gukura amanota atatu i Huye mu mukino waranzwe n'Amarozi,sport,0.9912,262,False
http://muhabura.rw/amakuru/sport/article/zidane-yishongora-cristiano-atsinda-igitego-cya-500-nyuma,sport,"Zidane yishongora, Cristiano atsinda igitego cya 500 nyuma ya Ballon d'Or, Real Madrid yisanga kuri final y'igikombe ...",sport,0.9903,270,False
http://muhabura.rw/amakuru/sport/article/abagororwa-870-bahawe-imbabazi-na-perezida-kagame-bafunguwe,sport,Abagororwa 870 bahawe imbabazi na Perezida Kagame bafunguwe,politics,0.974,512,True
http://muhabura.rw/amakuru/sport/article/shampiyona-y-umupira-w-amaguru-mu-rwanda-irakomeza-uko-3433,sport,Shampiyona y'Umupira w'Amaguru mu Rwanda irakomeza- Uko amakipe azacakirana,sport,0.9921,406,False
http://muhabura.rw/amakuru/sport/article/cristiano-ronaldo-yegukanye-ballon-d-or-ya-kane,sport,Cristiano Ronaldo yegukanye Ballon d'Or ya kane,sport,0.9862,512,True
http://muhabura.rw/amakuru/sport/article/nyuma-yo-gutsinda-sunrise-fc-ibitego-2-1-apr-fc-ikomeje,sport,Nyuma yo gutsinda Sunrise FC ibitego 2-1 APR FC ikomeje gusatira Rayon Sports,sport,0.9918,457,False
http://muhabura.rw/amakuru/sport/article/shampiyona-y-umupira-w-amaguru-mu-rwanda-irakomeza-uko,sport,"Shampiyona y'Umupira w'amaguru mu Rwanda irakomeza- ""Uko amakipe arahura ku munsi wa 8""",sport,0.9902,380,False
http://muhabura.rw/amakuru/sport/article/abakinnyi-barangwe-no-guhatanira-intsinzi-umutoza-seninga,sport,Abakinnyi barangwe no guhatanira intsinzi: Umutoza Seninga,sport,0.9904,457,False
http://muhabura.rw/amakuru/sport/article/el-classic-6-messi-adatsinda-zidane-akomeza-uduhigo-ese-ni,sport,"El clasico 6 Messi adatsinda Zidane akomeza uduhigo, ese ni irihe banga Ramos agira ku mikino ikomeye?",sport,0.9916,343,False
http://muhabura.rw/amakuru/sport/article/niba-atari-amayeri-barcelona-irikwiruka-ku-mukinnyi-wa-real,sport,"Niba atari amayeri, Barcelona irikwiruka ku mukinnyi wa Real Madrid ngo aze kubasimburira Iniesta",sport,0.9843,229,False
http://muhabura.rw/amakuru/sport/article/umwe-mu-bahataniraga-ballon-d-or-yamaze-guha-amahirwe,sport,Umwe mu bahataniraga Ballon d'Or yamaze guha amahirwe bagenzi be,sport,0.9794,334,False
http://muhabura.rw/amakuru/sport/article/ibitangaza-byakomeje-gukoreka-muri-bundes-liga,sport,Ibitangaza byakomeje gukoreka muri Bundes Liga,sport,0.9914,224,False
http://muhabura.rw/amakuru/sport/article/alex-oxlade-chamberlain-yaba-ari-mu-rukundo-n-umuhanzikazi,sport,Alex Oxlade-Chamberlain yaba ari mu rukundo n'umuhanzikazi,sport,0.8903,285,False
http://muhabura.rw/amakuru/sport/article/jay-jay-okocha-yiyoberanyije-yigira-umukozi-ushinzwe-isuku,sport,"JAY-JAY OKOCHA yiyoberanyije, yigira umukozi ushinzwe isuku abona uko atambutsa ubutumwa",sport,0.8175,292,False
http://muhabura.rw/amakuru/sport/article/n-ubwo-nta-gashya-mu-ikipe-y-igihugu-messi-yihembeye,sport,"N'ubwo nta gashya mu ikipe y'igihugu, Messi yihembeye abakozi bananiwe guhembwa na Leta ya Argentina",sport,0.9847,250,False
http://muhabura.rw/amakuru/sport/article/manchester-united-mu-ntambara-itoroshye-na-real-madrid,sport,Manchester United mu ntambara itoroshye na Real Madrid,sport,0.9895,174,False
http://muhabura.rw/amakuru/sport/article/justin-bieber-yateye-abantu-kwibaza-byinshi-nyuma-gukorana-3271,sport,Justin Bieber yateye abantu kwibaza byinshi nyuma yo gukorana imyitoza n'abakinnyi ba Barcelona,sport,0.7814,252,False
http://muhabura.rw/amakuru/sport/article/abafana-ba-rayon-sport-bararanye-ibyishimo-bidasanzwe-naho,sport,Abafana ba Rayon Sport bararanye ibyishimo bidasanzwe naho Sunrise isuzugurirwa iwabo,sport,0.9894,257,False
http://muhabura.rw/amakuru/sport/article/bigoranye-ikipe-ya-arsenal-yishyuye-man-united-mu-minota-ya,sport,Bigoranye ikipe ya Arsenal yishyuye Man United mu minota ya nyuma,sport,0.9912,364,False
http://muhabura.rw/amakuru/sport/article/nyuma-y-amakipe-y-ibihugu-shampiyona-zagarutese-man-u-vs,sport,"Nyuma y'amakipe y'ibihugu, shampiyona zagarutese: Man.U vs Arsenal, Atletico vs Real, Milan vs Inter, Dortmund vs ...",sport,0.992,512,True
http://muhabura.rw/amakuru/sport/article/rwarutabura-yabanje-kwisegura-kuri-mushuti-we-rutamu-ku-byo,sport,Rwarutabura yabanje kwisegura kuri mushuti we Rutamu ku byo Rayon Sport igiye gukora,sport,0.9857,512,True
http://muhabura.rw/amakuru/sport/article/imikino-y-ibihugu-by-i-burayi-isize-amakipe-yo-mu,sport,Imikino y'ibihugu by'I Burayi isize amakipe yo mu Bwongereza mu ihurizo rikomeye,sport,0.9907,512,True
http://muhabura.rw/amakuru/sport/article/ubwongereza-bunyagiye-nigeria-ibitego-8-1,sport,Ubwongereza bunyagiye Nigeria ibitego 8-1,sport,0.9854,173,False
http://muhabura.rw/amakuru/sport/article/ni-nde-mukinnyi-umaze-guhiga-abandi-muri-buri-kipe-yo-mu,sport,Ni nde mukinnyi umaze guhiga abandi muri buri kipe yo mu Bwongereza,sport,0.9807,487,False
http://muhabura.rw/amakuru/sport/article/nyuma-y-imyaka-ibiri-n-igice-liverpool-yafashe-umwanya-wa,sport,"Nyuma y'imyaka ibiri n'igice Liverpool yafashe umwanya wa mbere, ibindi bigugu bihagaze gute?",sport,0.9916,265,False
http://muhabura.rw/amakuru/sport/article/urwishe-yambwa-ruracyayirimo-messie-yakatiwe-gufungwa-amezi,sport,"Urwishe yambwa ruracyayirimo- ""Messie yakatiwe gufungwa amezi 21""",sport,0.9769,285,False
http://muhabura.rw/amakuru/sport/article/christiano-ronaldo-na-gareth-bale-bagiye-guhurira-mu-kibuga,sport,"Christiano Ronaldo na Gareth Bale bagiye guhurira mu kibuga batari muri BBC ahubwo bahanganye,",sport,0.9918,512,True
http://muhabura.rw/amakuru/sport/article/euro-2016-france-yasezereye-iceland-iyitsinze-imvura-y,sport,"Euro 2016: France yasezereye Iceland iyitsinze imvura y'ibitego – ""Reba amafoto""",sport,0.9926,391,False
http://muhabura.rw/amakuru/sport/article/ikipe-imwe-hagati-ya-apr-na-rayon-sport-izegukana-akayabo,sport,Ikipe imwe hagati ya APR na Rayon Sport izegukana akayabo ka Miliyoni 8,sport,0.9604,233,False
http://muhabura.rw/amakuru/sport/article/muhombo-wakiniye-amavubi-u-17-yabonye-ikipe-mu-bwongereza,sport,Muhombo wakiniye Amavubi U-17 yabonye ikipe mu Bwongereza,sport,0.9908,433,False
http://muhabura.rw/amakuru/sport/article/umuhungu-wa-jose-mourinho-ukina-mu-imuzamu-kuri-ubu-yabonye,sport,Umuhungu wa Jose Mourinho ukina mu imuzamu kuri ubu yabonye ikipe nshya,sport,0.9829,325,False
http://muhabura.rw/amakuru/sport/article/rayon-sports-na-apr-fc-zamaze-gukatisha-itike-yo-gukina,sport,Rayon Sports na APR FC zamaze gukatisha itike yo gukina umukino wa nyuma,sport,0.9907,499,False
http://muhabura.rw/amakuru/sport/article/euro-2016-portugal-yamaze-kwicara-muri-1-2-kirangiza,sport,Euro 2016: Portugal yamaze kwicara muri 1/2 kirangiza,sport,0.9927,320,False
http://muhabura.rw/amakuru/sport/article/abahoze-bakinira-amavubi-bihanangirije-abaganda,sport,Abahoze bakinira Amavubi bihanangirije Abaganda,sport,0.9911,512,True
http://muhabura.rw/amakuru/sport/article/zlatan-ibrahimovic-yamaze-guhamya-iby-urugendo-rwe-muri,sport,Zlatan Ibrahimovic yamaze guhamya iby'Urugendo rwe muri Manchester United,sport,0.9848,407,False
http://muhabura.rw/amakuru/sport/article/umutoza-wa-iceland-arahamya-ko-ikipe-ye-imeze-nka-leicester,sport,"Umutoza wa Iceland arahamya ko ikipe ye imeze nka Leicester City – ""Menya impamvu""",sport,0.9928,453,False
http://muhabura.rw/amakuru/sport/article/raheem-sterling-ngo-aracyafitiye-ikipe-y-ubwongereza,sport,Raheem Sterling ngo aracyafitiye ikipe y'Ubwongereza akamaro,sport,0.9894,512,True
http://muhabura.rw/amakuru/sport/article/lionel-messi-nyuma-yo-guhusha-penaliti-byateye-intambara-y,sport,Lionel Messi nyuma yo guhusha penaliti byateye intambara y'amagambo kuri Baloon d'Or,sport,0.9904,512,True
http://muhabura.rw/amakuru/sport/article/espagne-yatsinzwe-n-u-butaliyani-ihita-isezererwa-mu-mikino,sport,Espagne yatsinzwe n'u Butaliyani ihita isezererwa mu mikino ya Euro,sport,0.9927,390,False
http://muhabura.rw/amakuru/sport/article/rutahizamu-wa-barcelona-lionel-messi-yatangaje-ko,sport,"Rutahizamu wa Barcelona, Lionel Messi yatangaje ko atazongera gukinira igihugu cye",sport,0.9915,291,False
http://muhabura.rw/amakuru/sport/article/copa-america-chile-yongeye-kuriza-argentine-kwegukana,sport,Copa America:Chile yongeye kuriza Argentine kwegukana igikombe n'ikipe y'igihugu bikomeza kuba inzozi kuri Messi,sport,0.9928,441,False
http://muhabura.rw/amakuru/sport/article/euro-2016-ikipe-y-igihugu-y-u-bubiligi-ibaye-iya-6-igeze,sport,Euro 2016 : Ikipe y'igihugu y'u Bubiligi ibaye iya 6 igeze muri ¼ ni nyuma yo kunyagira Hungary,sport,0.9923,512,True
http://muhabura.rw/amakuru/sport/article/euro-2016-ikipe-y-igihugu-ya-portugal-ya-cristiano-yinjiye,sport,Euro 2016: Ikipe y'igihugu ya Portugal ya Cristiano yinjiye muri ¼ nyuma yo gusezerera Croatia bigoranye,sport,0.9926,134,False
http://muhabura.rw/amakuru/sport/article/rayon-sports-yatsinze-ibitego-10-mu-mikino-ibiri-y-igikombe,sport,Rayon Sports yatsinze ibitego 10 mu mikino ibiri y'igikombe cy'amahoro yakinnye,sport,0.9901,139,False
http://muhabura.rw/amakuru/sport/article/umutoza-kassa-mbongo-watozaga-polisi-fc-yamaze-gutandukana,sport,Umutoza Kassa Mbongo watozaga Police Fc yamaze gutandukana nayo,sport,0.9842,250,False
http://muhabura.rw/amakuru/sport/article/rayon-sports-yatsinze-ibitego-bibiri-marines-fc-apr-fc,sport,Rayon Sports yatsinze ibitego bibiri Marines FC APR FC izahura na Kiyovu muri ¼,sport,0.9912,512,True
http://muhabura.rw/amakuru/sport/article/umunyezamu-wa-rayon-sports-bakame-arahakana-amakuru-avuga,sport,Umunyezamu wa Rayon Sports Bakame arahakana amakuru avuga ko yaba ari mu biganiro na APR FC,sport,0.9842,376,False
http://muhabura.rw/amakuru/sport/article/gareth-bale-yamaze-kwesa-umuhigo-yari-yitezweho-n-igihugu,sport,Gareth Bale yamaze kwesa umuhigo yari yitezweho n'Igihugu cye,sport,0.9895,511,False
http://muhabura.rw/amakuru/sport/article/de-gaulle-yandikiwe-ibaruwa-imusaba-kwegura-ku-mirimo-ye,sport,De Gaulle yandikiwe ibaruwa imusaba kwegura ku mirimo ye,sport,0.9556,313,False
http://muhabura.rw/amakuru/sport/article/romelu-lukaku-yakuyeho-agahigo-kari-gafitwe-n-umutoza-we,sport,Romelu Lukaku yakuyeho agahigo kari gafitwe n'umutoza we Marc Wilmots,sport,0.9902,512,True
http://muhabura.rw/amakuru/sport/article/imikino-ya-1-16-cy-irushanwa-ry-igikombe,sport,Imikino ya 1/16 cy'irushanwa ry'igikombe cy'amahoro isize inkuru kuri ruhago Nyarwanda,sport,0.9918,425,False
http://muhabura.rw/amakuru/sport/article/euro-2016-ubutaliyani-bwiyongeye-ku-makipe-azakina-1-8,sport,EURO 2016: Ubutaliyani bwiyongeye ku makipe azakina 1/8,sport,0.9928,512,True
http://muhabura.rw/amakuru/sport/article/ikipe-ya-rayon-sport-iracyafite-icyizere-kuri-shampiyona,sport,Ikipe ya Rayon Sport iracyafite Icyizere kuri Shampiyona,sport,0.9905,512,True
http://muhabura.rw/amakuru/sport/article/euro-2016-bigoranye-ubwongereza-butahanye-amanota-atatu,sport,"EURO 2016: Bigoranye Ubwongereza butahanye amanota atatu- Amafoto""",sport,0.9918,214,False
http://muhabura.rw/amakuru/sport/article/uburusiya-bwitabaje-ambasande-y-ubufaransa-kubijyanye-n,sport,Uburusiya bwitabaje ambasande y'Ubufaransa kubijyanye n'umutekano w'abafana babwo.,sport,0.9826,487,False
http://muhabura.rw/amakuru/sport/article/brazil-yamaze-kwirukana-umutoza-dunga-kubera-umusaruro-mubi,sport,Brazil yamaze kwirukana umutoza Dunga kubera umusaruro mubi,sport,0.9915,512,True
http://muhabura.rw/amakuru/sport/article/abakinnyi-ba-rayon-sport-birengagije-ibibazo-bamazemo,sport,Abakinnyi ba Rayon Sport birengagije ibibazo bamazemo iminsi maze banyagira AMAGAJU,sport,0.9903,512,True
http://muhabura.rw/amakuru/sport/article/shampiyona-y-u-rwanda-yakomeje-mukura-itunguwe-na,sport,Shampiyona y'u Rwanda yakomeje mukura itunguwe na Etincelles,sport,0.991,343,False
http://muhabura.rw/amakuru/sport/article/ubutaliyani-bwahaye-isomo-rya-ruhago-abubiligi,sport,Ubutaliyani bwahaye isomo rya Ruhago Ababiligi,sport,0.9906,211,False
http://muhabura.rw/amakuru/sport/article/ivan-minnaert-wahoze-atoza-rayon-sport-agiye-gutwara-undi,sport,Ivan Minnaert wahoze atoza Rayon Sport agiye gutwara Undi mukinnyi wayo muri AFC Leopards,sport,0.9883,374,False
http://muhabura.rw/amakuru/sport/article/sweden-na-ireland-zinaniwe-kwisobanura-mu-mukino-ubanza-wo,sport,Sweden Na Ireland zinaniwe kwisobanura mu mukino ubanza wo mu itsinda E,sport,0.9926,345,False
http://muhabura.rw/amakuru/sport/article/mu-mafoto-urutonde-rw-abakinnyi-10-bakize-kurusha-abandi,sport,"Mu mafoto, urutonde rw' abakinnyi 10 bakize kurusha abandi muri NBA",sport,0.9784,368,False
http://muhabura.rw/amakuru/sport/article/agashya-mu-mikino-ya-euro-abavandimwe-xhaka-s-bagiye,sport,"Agashya mu mikino ya EURO, abavandimwe Xhaka (s) bagiye guhangana umwe akinira Albania undi Ubusuwisi",sport,0.992,512,True
http://muhabura.rw/amakuru/sport/article/abakinnyi-bahagaritswe-nikipe-ya-apr-fc-bashobora-guhabwa,sport,Abakinnyi bahagaritswe nIkipe ya APR FC Bashobora guhabwa imbabazi,sport,0.9889,425,False
http://muhabura.rw/amakuru/sport/article/ferwacy-yatangaje-uduce-tuzanyuramo-tour-du-rwanda-2016,sport,Ferwacy yatangaje uduce tuzanyuramo Tour du Rwanda 2016,sport,0.9782,492,False
http://muhabura.rw/amakuru/sport/article/amabubi-u20-n-ubwo-barajya-mu-misiri-ariko-biragoye-cyane,sport,Amabubi U20: N'ubwo barajya mu Misiri ariko biragoye cyane kuzana Intsinzi,sport,0.992,460,False
http://muhabura.rw/amakuru/sport/article/dan-alves-yagiriye-coutinho-inama-yo-kuva-muri-liverpool,sport,Dan Alves Yagiriye Coutinho inama yo kuva muri Liverpool,sport,0.9904,512,True
http://muhabura.rw/amakuru/sport/article/ese-ni-ikige-ikibazo-kigiye-gutuma-katauti-wahoze-ari,sport,Ese ni ikihe Ikibazo kigiye gutuma Katauti wahoze ari kapiteni w'Amavubi ajya kureba Perezida Kagame?,sport,0.9835,512,True
http://muhabura.rw/amakuru/sport/article/bwa-mbere-mu-mateka-ya-ruhago-neymar-agiye-kwambara-inkweto,sport,"Bwa mbere mu mateka ya Ruhago Neymar agiye kwambara Inkweto zitari zimenyerewe mu kibuga- ""Reba amafoto""",sport,0.9877,399,False
http://muhabura.rw/amakuru/sport/article/robert-lewandowisk-niwe-uzayobora-igihugu-cye-cya-polonye,sport,Robert Lewandowisk niwe uzayobora igihugu cye cya Polonye (Poland) mu Bufaransa -EURO 2016,sport,0.9912,512,True
http://muhabura.rw/amakuru/sport/article/tuyisenge-jacques-yatangaje-ikibura-ngo-atsindire-amavubi,sport,Tuyisenge Jacques yatangaje ikibura ngo atsindire Amavubi ibitego byinshi,sport,0.9873,512,True
http://muhabura.rw/amakuru/sport/article/amakipe-5-yo-hanze-amaze-kwemeza-ko-azitabira-irushanwa,sport,Amakipe 5 yo hanze amaze kwemeza ko azitabira irushanwa ryitiriwe Gisembe,sport,0.9698,336,False
http://muhabura.rw/amakuru/sport/article/real-madrid-ku-nshuro-ya-11-naho-atretic-madrid-ni-iyambere,sport,"Real Madrid ku nshuro ya 11 naho Atretic Madrid ni iyambere- ""byinshi ukwiye kumenya kuri uyu mukino""",sport,0.9928,512,True
http://muhabura.rw/amakuru/sport/article/apr-fc-impamvu-nyamukuru-yatumye-abakinnyi-nka-iranzi-emery,sport,"APR FC : Impamvu nyamukuru yatumye abakinnyi nka Iranzi, Emery Bayisenge n'abandi bahagarikwa",sport,0.989,297,False
http://muhabura.rw/amakuru/sport/article/u-rwanda-rwegukanye-imidali-5-muri-shampiyona-ya-afurika-ya,sport,U Rwanda rwegukanye imidali 5 muri shampiyona ya Afurika ya Taekondo,sport,0.9909,512,True
http://muhabura.rw/amakuru/sport/article/amasaziro-mabi-ku-munyabigwi-wa-chelsea-frank-lampard,sport,Amasaziro mabi ku munyabigwi wa Chelsea Frank Lampard ukomeje kwibasirwa n'abafana be muri USA,sport,0.9898,416,False
http://muhabura.rw/amakuru/sport/article/inkundura-hagati-ya-apr-fc-na-rayon-sport-ku-gikombe-cya,sport,Inkundura hagati ya APR FC na Rayon Sport ku gikombe cya Shampiyona iracyakomeje,sport,0.991,387,False
http://muhabura.rw/amakuru/sport/article/van-gaal-noneho-ubu-ngo-niwe-rukuta-ruri-kuzitira-abakinnyi,sport,Van Gaal noneho ubu ngo niwe rukuta ruri kuzitira abakinnyi kuza muri Manchester United,sport,0.9876,512,True
http://muhabura.rw/amakuru/sport/article/nyuma-yo-gutangaza-ko-azava-muri-psg-zlatan-ibrahimovic,sport,"Nyuma yo gutangaza ko azava muri PSG, Zlatan Ibrahimovic arikuvugwa henshi",sport,0.9889,512,True
http://muhabura.rw/amakuru/sport/article/ku-nshuro-ya-mbere-u-rwanda-rugiye-kwitabira-shampiyona-ya,sport,Ku nshuro ya mbere u Rwanda rugiye kwitabira shampiyona ya Afurika muri Taekwondo,sport,0.99,419,False
http://muhabura.rw/amakuru/sport/article/ikipe-ya-rayon-sport-yaraye-ku-mwanya-wa-mbere-n-ubwo,sport,Ikipe ya Rayon sport yaraye ku mwanya wa mbere n'Ubwo itatsinze,sport,0.9899,397,False
http://muhabura.rw/amakuru/sport/article/ese-koko-ubu-imana-izumva-isengesho-ribi-lionel-messi,sport,Ese koko ubu Imana izumva isengesho ribi Lionel Messi arigusengera Real Madrid?,sport,0.9918,464,False
http://muhabura.rw/amakuru/sport/article/fc-barcelona-yamaze-kubonera-msn-umwunganizi,sport,FC Barcelona yamaze kubonera MSN umwunganizi.,sport,0.9903,426,False
http://muhabura.rw/amakuru/sport/article/kigali-abafana-ba-liverpool-bafashije-abacitse-ku-icumu-rya,sport,"Kigali: Abafana ba Liverpool bafashije Abacitse ku icumu rya Jenoside yakorewe abatutsi 1994- ""Reba amafoto"".",sport,0.9829,491,False
http://muhabura.rw/amakuru/sport/article/urugamba-hagati-ya-apr-fc-na-rayon-sports-rurakomeje,sport,Urugamba hagati ya APR FC na Rayon Sports rurakomeje,sport,0.9914,512,True
http://muhabura.rw/amakuru/sport/article/amafoto-y-ingenzi-yaranze-umukino-w-amahane-wa-chelsea-na,sport,Amafoto y'ingenzi yaranze umukino w'amahane wa Chelsea na Totenham,sport,0.9908,163,False
http://muhabura.rw/amakuru/sport/article/umukinnyi-w-ikipe-y-igihugu-ya-cameroun-patrick-ekeng,sport,"Umukinnyi w'ikipe y'igihugu ya Cameroun, Patrick Ekeng yapfiriye mukibuga",sport,0.9851,465,False
http://muhabura.rw/amakuru/sport/article/ikipe-ya-leicester-city-aho-itwariye-igikombe-yatangiye,sport,Ikipe ya Leicester City aho itwariye igikombe yatangiye amatwara adasanzwe,sport,0.9876,512,True
http://muhabura.rw/amakuru/sport/article/jurgen-kloop-yatunguwe-n-icyo-yise-kubyina-mbere-y-umuziki,sport,Jurgen Kloop yatunguwe n'icyo yise kubyina mbere y'umuziki kwa Villareal,sport,0.9926,462,False
http://muhabura.rw/amakuru/sport/article/amafoto-adasanzwe-yaranze-umukino-wa-rayon-sport-na-apr-fc,sport,Amafoto adasanzwe yaranze umukino wa Rayon Sport na APR FC,sport,0.9894,179,False
http://muhabura.rw/amakuru/sport/article/itungurana-rikabije-mu-batoza-10-bitwaye-neza-mu-bwongereza,sport,Itungurana rikabije mu batoza 10 bitwaye neza mu bwongereza uyu mwaka,sport,0.9897,512,True
http://muhabura.rw/amakuru/sport/article/rayon-sport-yandagaje-apr-ari-nako-davis-kasirye-atsinda,sport,Rayon Sport yandagaje APR ari nako Davis Kasirye atsinda Hat-trick,sport,0.9919,358,False
http://muhabura.rw/amakuru/sport/article/shampiyona-y-ubwongereza-yamaze-kubona-nyirayo-chelsea,sport,"Shampiyona y'ubwongereza yamaze kubona nyirayo, Chelsea yituraga Ranieri ibyiza yabagiriye",sport,0.9913,512,True
http://muhabura.rw/amakuru/sport/article/m-baloteli-na-diego-costa-nibo-ba-rutahizamu-mu-ikipe-y,sport,M. Baloteli na Diego Costa nibo ba rutahizamu mu ikipe y'Abakinnyi bagira amahane mu kibuga,sport,0.9883,512,True
http://muhabura.rw/amakuru/sport/article/gahunda-y-myigaragambyo-irakomeje-ku-bafana-ba-aresenal,sport,Gahunda y'myigaragambyo irakomeje ku bafana ba Aresenal,sport,0.9876,512,True
http://muhabura.rw/amakuru/sport/article/impinduka-zitunguranye-ku-mukino-uzahuza-rayon-sport-na,sport,Impinduka zitunguranye ku mukino uzahuza Rayon sport na Police FC,sport,0.9878,374,False
http://muhabura.rw/amakuru/sport/article/papa-francis-azitabira-umukino-wa-juventus-na-ac-milan-kuwa,sport,Papa Francis azitabira umukino wa Juventus na AC Milan kuwa 21 Gicurasi,sport,0.9923,458,False
http://muhabura.rw/amakuru/sport/article/ese-ikipe-ya-leicester-city-igiye-kwandika-amateka-imbere-y,sport,Ese Ikipe ya Leicester City igiye kwandika amateka imbere y'amakipe y'Ibihangange nka Man U ?,sport,0.9913,512,True
http://muhabura.rw/amakuru/sport/article/apr-fc-iracyari-iya-mbere-ku-rutonde-rwa-shampiyona-naho,sport,APR FC iracyari iya mbere ku rutonde rwa shampiyona naho Rayon Sports ni ya kabiri,sport,0.9908,512,True
http://muhabura.rw/amakuru/sport/article/icyuho-cya-christiano-ronaldo-cyahaye-amahirwe-manchester,sport,Icyuho cya Christiano Ronaldo cyahaye amahirwe Manchester City –Reba Amafoto yaranze umukino,sport,0.9896,106,False
http://muhabura.rw/amakuru/sport/article/ronaldo-na-benzema-bagarutse-muri-real-madrid-iza-guhangana,sport,Ronaldo na Benzema bagarutse muri Real Madrid iza guhangana na Manchester City,sport,0.9891,348,False
http://muhabura.rw/amakuru/sport/article/urutonde-rw-abakinnyi-9-bafite-umuvuduko-udasanzwe-kurusha,sport,Urutonde rw'Abakinnyi 9 bafite umuvuduko udasanzwe kurusha abandi mu gihugu cy'Ubwongereza,sport,0.9864,512,True
http://muhabura.rw/amakuru/sport/article/abakinnyi-10-ba-mbere-bafatwa-nk-abagambanyi-ku-isi-n,sport,Abakinnyi 10 ba mbere bafatwa nk'Abagambanyi ku Isi n'Impamvu bafite icyo cyasha,sport,0.9896,512,True
http://muhabura.rw/amakuru/sport/article/amavubi-y-abatarengeje-imyaka-20-inaniwe-kwikura-imbere-ya,sport,Amavubi y'abatarengeje imyaka 20 inaniwe kwikura imbere ya Uganda,sport,0.9918,460,False
http://muhabura.rw/amakuru/sport/article/ryan-giggs-ku-rutonde-rw-abagomba-kuvamo-umutoza-wa-celtic,sport,Ryan Giggs ku rutonde rw'abagomba kuvamo umutoza wa Celtic.,sport,0.9883,435,False
http://muhabura.rw/amakuru/sport/article/chan-u-rwanda-rwinjije-miyoni-200-rwarasohoye-agera-kuri,sport,CHAN U Rwanda rwinjije miyoni 200 rwarasohoye agera kuri miliyari 16,sport,0.9856,492,False
http://muhabura.rw/amakuru/sport/article/neymar-jr-santos-ntazaserukana-na-bagenzi-be-bagize-msn,sport,Neymar Jr Santos Ntazaserukana na bagenzi be bagize MSN muri Copa America Cetenario (USA),sport,0.9916,512,True
http://muhabura.rw/amakuru/sport/article/apr-fc-yatsinze-mukura-iyisanze-i-huye-ihita-ifata-umwanya,sport,APR FC yatsinze Mukura iyisanze i Huye ihita ifata umwanya wa mbere,sport,0.9914,336,False
http://muhabura.rw/amakuru/sport/article/cesc-fabrigas-yahishuye-ikosa-ryatumye-umutoza-jose,sport,Cesc Fabrigas yahishuye ikosa ryatumye Umutoza Jose Mourinho yirukanwa muri Chelsea,sport,0.987,512,True
http://muhabura.rw/amakuru/sport/article/kamana-bogota-yongeye-gushimisha-abafana-ba-as-muhanga,sport,Kamana Bogota yongeye gushimisha abafana ba AS Muhanga nyuma yo kubahesha intsinzi,sport,0.9914,512,True
http://muhabura.rw/amakuru/sport/article/umukinnyi-uzasimbura-yaya-toure-muri-manchester-city-yamaze,sport,Umukinnyi uzasimbura Yaya Toure muri Manchester City yamaze kumenyekana,sport,0.9866,493,False
http://muhabura.rw/amakuru/sport/article/royon-sport-yisubije-umwanya-wa-mbere-nyuma-yo-kwihererana,sport,Royon Sport yisubije umwanya wa mbere nyuma yo kwihererana Marine FC,sport,0.9917,429,False
http://muhabura.rw/amakuru/sport/article/sergio-aguero-yagiye-kurutonde-rwa-batatu-bamaze-gutsinda,sport,"Sergio Aguero yagiye kurutonde rwa batatu bamaze gutsinda Chelsea FC Hat-trick iwayo -""Reba Amafoto""",sport,0.991,378,False
http://muhabura.rw/amakuru/sport/article/mu-buryo-butunguranye-ikipe-ya-olympique-de-marseille,sport,Mu buryo butunguranye Ikipe ya Olympique de Marseille yashyizwe ku isoko - Menya Impamvu,sport,0.9905,408,False
http://muhabura.rw/amakuru/sport/article/menya-byinshi-15-mata-1989-umunsi-utibagirana-ku-bakunzi-ba,sport,"Menya byinshi 15 Mata, umunsi Utibagirana ku bakunzi ba Liverpool n'Isi ya Ruhago muri rusange.",sport,0.9843,512,True
http://muhabura.rw/amakuru/sport/article/christiano-ronaldo-yaciye-agahigo-katari-kagerwaho-n-undi,sport,Christiano Ronaldo yaciye agahigo katari kagerwaho n'undi mukinnyi muri UEFA Champions league,sport,0.9882,468,False
http://muhabura.rw/amakuru/sport/article/abakinnyi-10-bakina-mu-bwongereza-bakize-kurusha-abandi,sport,Abakinnyi 10 bakina mu Bwongereza bakize kurusha abandi,sport,0.9848,512,True
http://muhabura.rw/amakuru/sport/article/menphis-depay-wa-manchester-united-agiye-kugabanyirizwa,sport,"Menphis Depay wa Manchester United agiye kugabanyirizwa umushahara- ""Impamvu""",sport,0.9867,352,False
http://muhabura.rw/amakuru/sport/article/ronaldinho-ashabora-gusoreza-ruhgo-ye-mu-bushinwa-cyangwa,sport,Ronaldinho ashabora gusoreza ruhgo ye mu bushinwa cyangwa Leta Zunze ubumwe za Amerika,sport,0.9833,400,False
http://muhabura.rw/amakuru/sport/article/menya-byinshi-ku-biremwa-bidasanzwe-byagaraye-ku-ma-stade-y,sport,"Menya byinshi ku biremwa bidasanzwe byagaragaye ku ma stade y'iburayi,bigatangaza abatuye Isi!",sport,0.9828,44,False
http://muhabura.rw/amakuru/sport/article/lionel-messi-yatsinze-igitego-cye-cya-50-mu-ikipe-y-igihugu,sport,Lionel Messi yatsinze Igitego cye cya 50 mu ikipe y'Igihugu,sport,0.9884,114,False
http://muhabura.rw/amakuru/sport/article/christiano-ronaldo-na-swarez-ku-rutonde-rw-abakinnyi,sport,"Christiano Ronaldo na Swarez ku rutonde rw'abakinnyi bakunda kwigusha mu kibuga- ""Reba 10 baza imbere""",sport,0.9895,512,True
http://muhabura.rw/amakuru/sport/article/chelsea-fc-isa-nk-iyamaze-kwemeranywa-n-umutoza-uzayitoza,sport,Chelsea FC isa nk'iyamaze kwemeranywa n'umutoza uzayitoza nayo mu minsi iri imbere,sport,0.9892,478,False
http://muhabura.rw/amakuru/sport/article/nyuma-yo-gukomeza-jurgen-kloop-arasaba-imana-ngo-imurinde,sport,"Nyuma yo gukomeza, Jurgen Kloop arasaba Imana ngo imurinde Dortmund",sport,0.9925,334,False
http://muhabura.rw/amakuru/sport/article/messi-suarez-na-neymar-jr-ni-abanyabugeni-arsene-wenger,sport,"Messi, Suarez na Neymar.Jr ni abanyabugeni –""Arsene Wenger""",sport,0.992,469,False
http://muhabura.rw/amakuru/sport/article/ishema-ry-abongereza-ku-ruhando-rw-i-burayi-bambariye,sport,Ishema ry'abongereza ku ruhando rw'I Burayi bambariye guhigika mukeba Manchester United,sport,0.9912,402,False
http://muhabura.rw/amakuru/sport/article/ikipe-ya-paris-saint-germain-yaciye-agahigo-muri-shampiyona,sport,Ikipe ya Paris Saint Germain yaciye agahigo muri shampiyona y'iwabo,sport,0.9927,490,False
http://muhabura.rw/amakuru/sport/article/gareth-bale-yagarutse-ku-rutonde-rw-intwaro-zidane,sport,Gareth Bale yagarutse ku rutonde rw'intwaro Zidane azifashisha mu gusezerera Roma,sport,0.9913,432,False
http://muhabura.rw/amakuru/sport/article/leicester-city-ikomeje-kwanikira-abakeba-mu-nzira-igana-ku,sport,Leicester city ikomeje kwanikira abakeba mu nzira igana ku gikombe,sport,0.9927,480,False
http://muhabura.rw/amakuru/sport/article/umunyamakuru-eddie-mwerekande-yatangaje-ko-ku-nshuro-ya,sport,Umunyamakuru Eddie Mwerekande yatangaje ko Ku nshuro ya mbere hagiye kuba amarushanwa yo guterura ibiremereye,economy,0.6879,512,True
http://muhabura.rw/amakuru/sport/article/dortmund-itsinze-buyern-munich-urugamba-rwasubira-ibubisi,sport,Dortmund itsinze Buyern Munich urugamba rwasubira ibubisi,sport,0.9924,512,True
http://muhabura.rw/amakuru/sport/article/juventus-yarokokeye-kuri-za-penalite-maze-isanga-miran-ac,sport,Juventus yarokokeye kuri za Penalite maze isanga Miran AC ku mukino wa nyuma Copa Italia,sport,0.993,504,False
http://muhabura.rw/amakuru/sport/article/yakubiwe-umushahara-inshuro-10-nyuma-yo-gutsindira,sport,"yakubiwe umushahara inshuro 10, Nyuma yo gutsindira Manchester ibitego 4 mu mikino ibiri",sport,0.9893,316,False
http://muhabura.rw/amakuru/sport/article/abavandimwe-toure-kolo-na-yaya-bagiye-guhuririra-mi-kubuga,sport,Abavandimwe Toure (kolo na Yaya) bagiye guhuririra mu kubuga bahanganye,sport,0.99,457,False
http://muhabura.rw/amakuru/sport/article/ubuyobozi-n-abafana-ba-rayon-sport-bakomeje-kwitana-ba,sport,Ubuyobozi n'Abafana ba Rayon Sport bakomeje kwitana ba mwana,sport,0.9809,308,False
http://muhabura.rw/amakuru/sport/article/inararibonye-muri-ruhago-david-beckham-yagize-icyo-avuga-ku,sport,Inararibonye muri ruhago David Beckham yagize icyo avuga ku mutoza wa Manchester United,sport,0.9792,512,True
http://muhabura.rw/amakuru/sport/article/ingamba-zidasanzwe-fc-barcelona-yifatiye-ikipe-ya-arsenal,sport,Ingamba zidasanzwe FC Barcelona yifatiye ikipe ya Arsenal ziraza gucakirana uyu munsi,sport,0.9923,512,True
http://muhabura.rw/amakuru/sport/article/kuba-kapiteni-wa-police-fc-byazamuye-umusaruro-yatangaga-mu,sport,Kuba kapiteni wa police Fc byazamuye umusaruro yatangaga mu kibuga,sport,0.9873,351,False
http://muhabura.rw/amakuru/sport/article/nyuma-yo-kuba-kapiteni-wa-ukaine-yamaze-no-kuba-umutoza,sport,Nyuma yo kuba kapiteni wa Ukaine yamaze no kuba umutoza wayo wungirije,sport,0.9882,512,True
http://muhabura.rw/amakuru/sport/article/isesengura-impamvu-chelsea-ihabwa-amahirwe-yo-gutsinda,sport,Isesengura: Impamvu Chelsea ihabwa amahirwe yo gutsinda kurenza PSG,sport,0.9915,512,True
http://muhabura.rw/amakuru/sport/article/ubutatu-bwa-fc-barcelona-hatangiye-kuzamo-ipingana-n,sport,Ubutatu bwa Fc Barcelona hatangiye kuzamo ipingana n'ihangana,sport,0.9907,511,False
http://muhabura.rw/amakuru/sport/article/ikibazo-cyo-kubura-abakinnyi-gitumye-ikipe-ya-rayon-sport,sport,Ikibazo cyo kubura abakinnyi gitumye Ikipe ya Rayon Sport ititabira amarushanwa,sport,0.9901,421,False
http://muhabura.rw/amakuru/sport/article/luis-suarez-agiye-kongera-kwambara-umwenda-w-igihugu-cye,sport,"Luis Suarez agiye kongera kwambara umwenda w'igihugu cye- ""Soma inkuru irambuye""",sport,0.9909,512,True
http://muhabura.rw/amakuru/sport/article/abafana-bakoze-ibara-binatuma-ikipe-yabo-yishyurwa-ibitego,sport,Abafana Bakoze ibara binatuma ikipe yabo yishyurwa ibitego 2,sport,0.9904,450,False
http://muhabura.rw/amakuru/sport/article/nyuma-yo-kwirukanwa-na-mancherster-united-akomeje-kwiharira,sport,Nyuma yo kwirukanwa na Mancherster united akomeje kwiharira ibihembo by'umukinnyi mwiza,sport,0.9906,441,False
http://muhabura.rw/amakuru/sport/article/ikipe-y-igihugu-amavubi-ikomeje-kwesa-imihigo,sport,Ikipe y'igihugu Amavubi ikomeje kwesa imihigo,sport,0.9883,445,False
http://muhabura.rw/amakuru/sport/article/congo-ku-mukino-wanyuma-reba-amafoto-y-ingenzi-yaranze-uyu,sport,Congo ku mukino wanyuma- Reba amafoto y'ingenzi yaranze uyu mukino wa Guinea na Congo,sport,0.9919,263,False
http://muhabura.rw/amakuru/sport/article/christiano-ronaldo-yavuze-imyato-zinedine-zidane-ku,sport,Christiano Ronaldo yavuze imyato Zinedine Zidane ku ikubitiro,sport,0.9897,413,False
http://muhabura.rw/amakuru/sport/article/pep-guardiola-agiye-kongera-guhurira-mu-kazi-na-jurgen,sport,Pep Guardiola agiye kongera guhurira mu kazi na Jurgen Kloop,sport,0.99,358,False
http://muhabura.rw/amakuru/sport/article/perezida-kagame-yakiriye-amavubi-muri-village-urugwiro,sport,"Perezida Kagame yakiriye Amavubi muri Village Urugwiro mbere y'uko bakina na Congo ""Amafoto""",sport,0.9761,332,False
http://muhabura.rw/amakuru/sport/article/nyuma-yo-guhabwa-imbabazi-byateje-impagarara-mu-ikipe-yanga,sport,"Nyuma yo guhabwa imbabazi, byateje impagarara mu'ikipe Yanga Africans",sport,0.9846,418,False
http://muhabura.rw/amakuru/sport/article/kapiteni-w-amavubi-tuyisenge-jacques-haricyo-yasabye,sport,"Kapiteni w' Amavubi, Tuyisenge Jacques, haricyo yasabye Abanyarwanda !soma inkuru",sport,0.9908,386,False
http://muhabura.rw/amakuru/sport/article/congo-iteye-ikirenge-muri-%C2%BC-cya-chan-reba-amafoto,sport,"Congo iteye ikirenge muri ¼ cya CHAN ""Reba Amafoto""",sport,0.9906,116,False
http://muhabura.rw/amakuru/sport/article/reba-amafoto-y-ingenzi-yatumye-amavubi-abona-itike-ya-1-4,sport,Reba amafoto y'ingenzi yatumye Amavubi abona itike ya 1/4,sport,0.9911,363,False
http://muhabura.rw/amakuru/sport/article/amafoto-yaranze-ibirori-byo-gufungura-chan-2016,sport,Amafoto yaranze Ibirori byo gufungura CHAN 2016,sport,0.9809,212,False
http://muhabura.rw/amakuru/sport/article/ntawe-ugomba-kwirengangiza-amategeko-mu-gihe-cyo-kwishimira,sport,Ntawe ugomba kwirengangiza amategeko mu gihe cyo kwishimira no gufana umupira muri CHAN,sport,0.9869,429,False
http://muhabura.rw/amakuru/sport/article/lionel-messi-yatwaye-igikombe-5-cy-umukinnyi-mwiza-ku-isi,sport,Lionel Messi yatwaye igikombe 5 cy'umukinnyi mwiza ku Isi (Ballon d'or 2015) Ronaldo byanze,sport,0.9887,512,True
http://muhabura.rw/amakuru/sport/article/kugera-ku-mukino-wa-nyuma-nicyo-uwacy-julienne-asaba,sport,Kugera ku mukino wa nyuma nicyo Uwacu Julienne asaba Amavubi,sport,0.9879,405,False
http://muhabura.rw/amakuru/sport/article/fifa-yakoze-agashya-itangaza-uwegukanye-ballon-d-or-igihe,sport,Fifa yakoze agashya itangaza uwegukanye Ballon d'Or igihe kitaragera,sport,0.983,271,False
http://muhabura.rw/amakuru/sport/article/minisitiri-mushikiwabo-yahaye-ikaze-ibihugu-bije-kwitabira,sport,Minisitiri Mushikiwabo yahaye ikaze ibihugu bije kwitabira CHAN 206,sport,0.9889,503,False
http://muhabura.rw/amakuru/sport/article/kagame-cup-ya-mbere-nziza-igiye-kubaho-nubwo-kwitwara-nabi,sport,"Kagame Cup ya mbere nziza igiye kubaho, nubwo Kwitwara nabi kwa APR FC byagarutse u Rwanda",sport,0.9888,512,True
http://muhabura.rw/amakuru/sport/article/umutoza-wa-mavubi-yatangaje-icyatumye-asaba-ko-mashami,sport,Umutoza wa Mavubi yatangaje icyatumye asaba ko Mashami yirukanwa .,sport,0.9855,512,True
http://muhabura.rw/amakuru/sport/article/amateka-aranze-aba-amateka-hagati-y-amavubi-na-uganda,sport,Amateka aranze aba amateka hagati y'Amavubi na Uganda Cranes,sport,0.9921,512,True
http://muhabura.rw/amakuru/sport/article/ikipe-y-igihugu-amavubi-irakina-na-uganda-uyu-munsi-menya,sport,Ikipe y'igihugu Amavubi irakina na Uganda uyu munsi! Menya byinshi ku mateka yaranze aya makipe,sport,0.9907,512,True
http://muhabura.rw/amakuru/sport/article/rayon-sport-nyuma-yo-gutsinda-kiyovu-ubu-iri-muri-kiwe-cya,sport,Rayon Sport nyuma yo gutsinda Kiyovu ubu iri muri kiwe cya kabiri,sport,0.9901,508,False
http://muhabura.rw/amakuru/sport/article/ferwafa-yemeje-ko-irushanwa-ritegurwa-na-rayon-sport-rizaba,sport,FERWAFA Yemeje ko Irushanwa ritegurwa na Rayon Sport rizaba,sport,0.9862,447,False
http://muhabura.rw/amakuru/sport/article/umutoza-w-ikipe-y-igihugu-amavubi-john-mckinstry-yatangiye,sport,Umutoza w'ikipe y'igihugu Amavubi John Mckinstry yatangiye kwikura mu kimwaro,sport,0.9905,303,False
http://muhabura.rw/amakuru/sport/article/tour-du-rwanda-eritrea-ikomeje-kwigaranzura-u-rwanda,sport,Tour du Rwanda: Eritrea ikomeje kwigaranzura u Rwanda,sport,0.9482,257,False
http://muhabura.rw/amakuru/sport/article/umunya-eritrea-debesay-mekseb-niwe-wegukanye-agace-ka-tour,sport,"Umunya Eritrea, Debesay Mekseb niwe wegukanye agace Musanze- Nyanza Tour Du Rwanda 2015",sport,0.9806,263,False
http://muhabura.rw/amakuru/sport/article/ferwafa-iyirukanwa-ry-umutoza-w-ikipe-y-igihugu-amavubi,sport,FERWAFA: Iyirukanwa ry'Umutoza w'ikipe y'igihugu Amavubi ni ibihuha,sport,0.9888,512,True
http://muhabura.rw/amakuru/sport/article/impano-y-abanyarwanda-iri-mu-magare-kurusha-umupira-w,sport,Impano y'Abanyarwanda iri mu Magare kurusha umupira w'amaguru:Impamvu,sport,0.9886,378,False
http://muhabura.rw/amakuru/sport/article/tour-du-rwanda-ku-ikubitiro-ibintu-byatangiye-guhindura,sport,Tour du Rwanda ku ikubitiro ibintu byatangiye guhindura isura,sport,0.9835,426,False
http://muhabura.rw/amakuru/sport/article/hatangajwe-abakinnyi-5-bazatoranywamo-umukinnyi-w-umwaka,sport,Hatangajwe Abakinnyi 5 bazatoranywamo umukinnyi w'umwaka muri Afurika,sport,0.9816,262,False
http://muhabura.rw/amakuru/sport/article/chan-u-rwanda-rwisanze-mu-itsinda-rikakaye,sport,Perezida Paul Kagame yatanze ikaze ku makipe azitabira amarushanwa ya CHAN,sport,0.9842,512,True
http://muhabura.rw/amakuru/sport/article/bidasubirwaho-umutoza-mushya-wa-rayon-sport-yamaze-kugera,sport,Bidasubirwaho Umutoza mushya wa Rayon Sport yamaze kugera mu Rwanda,sport,0.9879,497,False
http://muhabura.rw/amakuru/sport/article/umukinnyi-umwe-niwe-uzaserukira-u-rwanda-mu-marushanwa,sport,Umukinnyi umwe niwe uzaserukira u Rwanda mu marushanwa mpuzamahanga kubw'ikibazo cy'amikoro,sport,0.9856,372,False
http://muhabura.rw/amakuru/sport/article/imitungo-ya-ferwafa-yatangiye-gutezwa-cyamunara-kubera,sport,Imitungo ya FERWAFA yatangiye gutezwa cyamunara kubera imyenda,sport,0.8816,408,False
http://muhabura.rw/amakuru/sport/article/ikipe-ya-rayon-sport-irajije-abafana-n-abakunzi-bayo-ku,sport,Ikipe ya Rayon Sport irajije abafana n'abakunzi bayo ku byishimo bidasanzwe,sport,0.9886,289,False
http://muhabura.rw/amakuru/sport/article/ferwafa-yishyuye-abasifuzi-imishahara-y-ibirarane,sport,FERWAFA yishyuye abasifuzi imishahara y'ibirarane,sport,0.983,512,True
http://muhabura.rw/amakuru/sport/article/amaraso-mashya-mu-batoza-b-ikipe-ya-apr-fc,sport,Amaraso mashya mu batoza b'ikipe ya APR Fc,sport,0.9886,379,False
http://muhabura.rw/amakuru/sport/article/abakinnyi-23-bazafasha-ikipe-y-igihugu-amavubi-mu-mukino,sport,Abakinnyi 23 bazafasha Ikipe y'Igihugu Amavubi mu mukino uzahuza U Rwanda na Libya,sport,0.9914,512,True
http://muhabura.rw/amakuru/sport/article/shampiyona-y-ikiciro-cya-mbere-mu-mupira-w-amaguru,sport,Shampiyona y'ikiciro cya mbere irakomeza mu mpera z'iki cyumweru dore uko amakipe azahura,sport,0.9907,293,False
http://muhabura.rw/amakuru/sport/article/imyiteguro-irakomeje-ku-makipe-azitabira-shampiyona-y-u,sport,Imyiteguro irakomeje ku makipe azitabira Shampiyona y'U Rwanda mu mukino wa Basketball,sport,0.9635,367,False
http://muhabura.rw/amakuru/sport/article/inkuru-mu-mafoto-amakipe-y-i-manchester-yesuranye-amaherezo,sport,Inkuru mu mafoto: Amakipe y'I Manchester yesuranye amaherezo Rubura Gica,sport,0.9919,301,False
http://muhabura.rw/amakuru/sport/article/ibintu-bitangaje-utari-uzi-kuri-rayon-sport-na-apr-fc,sport,Ibintu bitangaje utari uzi kuri Rayon Sport na APR Fc ziraza gucakirana mu masa ari imbere,sport,0.9907,512,True
http://muhabura.rw/amakuru/sport/article/ronaldihno-aribaza-impamvu-nta-bamyugariro-bari-mu,sport,Ronaldinho aribaza impamvu nta ba myugariro bari mu bahatnira ballon d'Or,sport,0.9897,512,True
http://muhabura.rw/amakuru/sport/article/umunyayordaniya-aziyamamariza-kuyobora-fifa,sport,Umunya Yordaniya Aziyamamariza Kuyobora FIFA,sport,0.9769,294,False
http://muhabura.rw/amakuru/sport/article/umutoza-wa-rayon-sport-donai-yavuze-ko-yamaze-kubona-itike,sport,Umutoza wa Rayon Sport Donai yavuze ko yamaze kubona itike izamugarura ikigali,sport,0.9869,446,False
http://muhabura.rw/amakuru/sport/article/nyuma-yo-gutaha-amara-masa-umutoza-w-ikipe-y-igihugu-y-u,sport,"Nyuma yo gutaha amara masa Umutoza w'ikipe y'igihugu y'u Rwanda Amavubi, aremeza ko agiye kwikosora",sport,0.9917,512,True
http://muhabura.rw/amakuru/sport/article/tony-alexander-wabaye-kapiteni-wa-arsenal-igihe-kinini-ubu,sport,Tony Alexander wabaye kapiteni wa Arsenal igihe kinini ubu ari gutegura uruzinduko mu Rwanda,sport,0.9699,385,False
http://muhabura.rw/amakuru/sport/article/abakinnyi-babiri-bafite-ubumuga-bagiye-guserukira-u-rwanda,sport,Abakinnyi babiri bafite ubumuga bagiye guserukira u Rwanda mu mikino y'Isi,sport,0.9832,358,False
http://muhabura.rw/amakuru/sport/article/ikipe-y-igihugu-amavubi-igiye-kongera-kurira-indege,sport,Ikipe y'Igihugu Amavubi igiye kongera kurira indege,sport,0.9843,379,False
http://muhabura.rw/amakuru/sport/article/umutoza-wa-apr-fc-yatanze-ubutumwa-kubafana,sport,Umutoza wa APR FC yatanze ubutumwa kubafana bamushidikanyaho.,sport,0.9904,512,False
http://muhabura.rw/amakuru/sport/article/tour-de-cote-d-ivoire-team-rwanda-yegukanye-umwanya-wa,sport,Team Rwanda ikomeje guserukana ishema imbere y'amahanga mu isiganwa ry'amagare,sport,0.99,276,False
http://muhabura.rw/amakuru/sport/article/fifa-ikipe-y-igihugu-amavubi-yatunguranye-uburyo-yamanutse,sport,FIFA: Ikipe y'igihugu amavubi yatunguranye uburyo yamanutse kurutonde burenze urugero,sport,0.9909,394,False
http://muhabura.rw/amakuru/sport/article/nyuma-ya-chelsea-yahawe-isomo-rya-ruhago-na-arsenal,sport,Nyuma ya Chelsea yahawe isomo rya Ruhago na Arsenal yakubitiwe mu gatebo,sport,0.9925,512,True
http://muhabura.rw/amakuru/sport/article/police-fc-yatsinze-gicumbi-yishyira-mu-mwanya-mwiza-n-ubwo,sport,Police FC yatsinze Gicumbi yishyira mu mwanya Mwiza n'ubwo andi makipe atarakina,sport,0.9869,386,False
http://muhabura.rw/amakuru/sport/article/amafoto-noneho-tottoo-iri-ku-kaguru-ka-david-beckham-ni,sport,Amafoto: Noneho Tottoo iri ku kaguru ka David Beckham ni agatangaza,entertainment,0.9645,166,False
http://muhabura.rw/amakuru/sport/article/amayobera-icyari-ballon-d-or-ngo-cristiano-na-messi,sport,Amayobera! Icyari Ballon d'Or ngo Cristiano na Messi bazakigabana,sport,0.9814,312,False
http://muhabura.rw/amakuru/sport/article/cricket-irushanwa-rya-uae-exchange-50-overs-premiere-league,sport,Cricket: Irushanwa rya UAE EXCHANGE 50 OVERS PREMIERE LEAGUE ryakomeje,sport,0.9847,281,False
http://muhabura.rw/amakuru/sport/article/ese-ni-nde-myugariro-c-ronaldo-atinya-ni-gute-afata-messi,sport,"Ese ni nde myugariro C.Ronaldo atinya, ni gute afata Messi dore n'impamvu yita Ferguson papa we",sport,0.9807,326,False
http://muhabura.rw/amakuru/sport/article/yaramaze-amezi-umunani-yinangikira-ku-muryango-wa-stade,sport,Yaramaze amezi umunani yigangikira ku muryango wa stade none bahamuhaye akazi,sport,0.9826,179,False
http://muhabura.rw/amakuru/sport/article/sekamana-maxime-yahetse-apr-ayihesha-amanota-atatu-imbere,sport,Sekamana Maxime yahetse APR ayihesha amanota atatu imbere ya Mukura,sport,0.9906,512,False
http://muhabura.rw/amakuru/sport/article/amafoto-ni-neymar-usa-nk-uyu-mukobwa-cyangwa-ni-umukobwa,sport,Amafoto: Ni Neymar usa nk'uyu mukobwa cyangwa ni umukobwa usa nka Neymar?,sport,0.9083,119,False
http://muhabura.rw/amakuru/sport/article/umukinnyi-wa-real-madrid-yatsinze-igitego-kidasanzwe-ku,sport,Umukinnyi wa Real Madrid yatsinze igitego kidasanzwe ku buryo n'abafana ba Barca bemeye,sport,0.9914,177,False
http://muhabura.rw/amakuru/sport/article/nyuma-yo-gusezererwa-kwa-chelsea-na-city-dore-uko-amakipe,sport,"Nyuma yo gusezererwa kwa Chelsea na City, dore uko amakipe azahura muri ¼ cya EFL Cup mu Bwongereza",sport,0.99,138,False
http://muhabura.rw/amakuru/sport/article/arsenal-2-0-reading-ubanza-uyu-mwaka-arsene-na-arsenal,sport,"Arsenal 2-0 Reading: Ubanza uyu mwaka Arsene na Arsenal bazakora ikintu, dore uko Abakinnyi bitwaye",sport,0.9867,246,False
http://muhabura.rw/amakuru/sport/article/n-ubu-kugira-ngo-tottenham-itsinde-liverpool-biracyari,sport,"N'ubu kugira ngo Tottenham itsinde Liverpool biracyari inzozi, dore amanota y'abakinnyi",sport,0.9884,278,False
http://muhabura.rw/amakuru/sport/article/ni-ronaldo-ni-messi-ni-nde-30-bahatanira-ballon-d-or-2016,sport,"Ni Ronaldo, ni Messi, ni nde? 30 bahatanira Ballon d'Or y'uyu mwaka bashyizwe hanze",sport,0.9856,346,False
http://muhabura.rw/amakuru/sport/article/amag-the-black-yakinnye-rayon-sport-ku-mubyimba,sport,Amag The Black yakinnye Rayon Sport ku mubyimba,sport,0.8626,187,False
http://muhabura.rw/amakuru/sport/article/real-madrid-ku-rwego-rwo-hejuru-ibitego-birenga-10-mu,sport,"Real Madrid ku rwego rwo hejuru, ibitego birenga 10 mu mikino ibiri gusa, ariko se Ronaldo ari he?",sport,0.9891,182,False
http://muhabura.rw/amakuru/sport/article/mourihno-yageze-ku-ntego,sport,Mourihno yageze ku ntego,sport,0.9904,224,False
http://muhabura.rw/amakuru/sport/article/ibintu-bitanu-dusigiwe-n-umunsi-wa-mbere-wa-shampiyona-y-u,sport,Ibintu bitanu byagaragaye ku munsi wa mbere wa shampiyona y'u Rwanda,sport,0.9908,512,True
http://muhabura.rw/amakuru/sport/article/cricket-uae-exchange-50-overs-league-ku-ikubitiro-rca,sport,"Cricket: UAE EXCHANGE 50 OVERS LEAGUE ku ikubitiro RCA Development yatsinze Kerala Hunters- ""Amafoto""",sport,0.9846,359,False
http://muhabura.rw/amakuru/sport/article/aka-guardiola-na-city-karashobotse-kuko-na-messi-yabajemo,sport,Aka Guardiola na City karashobotse kuko na Messi yabijemo,sport,0.9906,252,False
http://muhabura.rw/amakuru/sport/article/dore-amafoto-y-umujyamideli-christiano-ronaldo-yateretewe,sport,Dore amafoto y'umujyamideli Christiano Ronaldo yateretewe na David,sport,0.4946,223,False
http://muhabura.rw/amakuru/sport/article/nyuma-yo-kuba-umukinnyi-w-umwaka-muri-shampiyona-ishize,sport,"Nyuma yo kuba Umukinnyi w'Umwaka muri shampiyona ishize, Pierrot yashyizeho akandi gahigo",sport,0.9888,199,False
http://muhabura.rw/amakuru/sport/article/abarundi-pierrot-na-shassir-bafashije-rayon-sport,sport,Abarundi Pierrot na Shassir bafashije Rayon Sport gutangirana Insinzi imbere ya Police FC,sport,0.9879,414,False
http://muhabura.rw/amakuru/sport/article/abakunzi-b-umukino-wa-cricket-mu-rwanda-bagiye-kongera,sport,Abakunzi b'umukino wa Cricket mu Rwanda bagiye kongera kwibonera ibyiza,sport,0.9816,300,False
http://muhabura.rw/amakuru/sport/article/nyuma-y-imikino-ibiri-gusa-ntibashoboye-kumvikana-n-umutoza,sport,Nyuma y'imikino ibiri gusa ntibashoboye kumvikana n'umutoza,sport,0.9901,228,False
http://muhabura.rw/amakuru/sport/article/ku-nshuro-ya-mbere-jordan-henderson-aba-captain-w,sport,"Ku nshuro ya mbere Jordan Henderson aba Captain w' Ubwongereza, Liverpool ica agahigo",sport,0.9782,512,True
http://muhabura.rw/amakuru/sport/article/abafana-ba-liverpool-mu-rwanda-rwanda-reds-besheje-umuhigo,sport,"Abafana ba Liverpool mu Rwanda, besheje umuhigo",sport,0.9842,232,False
http://muhabura.rw/amakuru/sport/article/umwanzuro-wa-gerard-pique-ni-ukwiumbura-nyuma-yo-gushinjwa,sport,Umwanzuro wa Gerard Pique ni ukwiumbura nyuma yo gushinjwa gukambanira igihugu,sport,0.9896,348,False
http://muhabura.rw/amakuru/sport/article/alex-iwobi-na-kelechi-iheanocho-icyizere-cya-nigeria-supper,sport,"Alex iwobi na Kelechi Iheanacho, icyizere cya Nigeria (Supper Eagles)",sport,0.9894,265,False
http://muhabura.rw/amakuru/sport/article/pep-guardiola-mu-bite-byo-kuribwa-n-umutima,sport,Pep Guardiola mu bihe byo kuribwa n'umutima,sport,0.9911,271,False
http://muhabura.rw/amakuru/sport/article/police-handball-club-yatwaye-igikombe-cya-shampiyona-2016,sport,Police Handball Club yatwaye igikombe cya shampiyona 2016,sport,0.9902,512,True
http://muhabura.rw/amakuru/sport/article/christiano-ronaldo-yaciye-akandi-gahigo-afashije-portugal,sport,"Christiano Ronaldo yaciye akandi gahigo, afashije Portugal kumanyagira Andorra ibitego 6-0",sport,0.9899,357,False
http://muhabura.rw/amakuru/sport/article/ni-akababaro-gakomeye-kubakinnyi-ndetse,sport,Ibyago byakomeje kwibasira umuryango wa Nyagatare WFC,sport,0.9728,387,False
http://muhabura.rw/amakuru/sport/article/imyiteguro-ya-shampiyona-irarimbanyije-muri-espoir-fc,sport,"Imyiteguro ya Shampiyona irarimbanyije muri Espoir FC, kugeza ubu byifashe bite?",sport,0.9919,512,True
http://muhabura.rw/amakuru/sport/article/bari-kubarira-iminsi-ku-ntoki-ari-na-ko-bashimagiza,sport,Bari kubarira iminsi ku ntoki ari na ko bashimagiza perezida Kagame,sport,0.923,512,True
http://muhabura.rw/amakuru/sport/article/amwe-mu-mafoto-y-indege-ya-christiano-ronald-yakoreye,sport,Amwe mu mafoto y'Indege ya Christiano Ronald yakoreye impanuka i Barcelona,sport,0.979,198,False
http://muhabura.rw/amakuru/sport/article/umunyarwanda-yahagurukije-stade-yose-i-kinshasa,sport,Umunyarwanda yahagurukije stade yose I Kinshasa,sport,0.9869,186,False
http://muhabura.rw/amakuru/sport/article/ivunika-rya-kevin-de-bryne-rihangayikishije-guardiola,sport,Ivunika rya Kevin De Bryne rihangayikishije Guardiola,sport,0.9895,225,False
http://muhabura.rw/amakuru/sport/article/mu-mafoto-pogba-yinyaye-mu-isunzu-manchester-united,sport,"Mu Mafoto: Pogba yinyaye mu isunzu, Manchester United yandagaza Leicester",sport,0.9871,194,False
http://muhabura.rw/amakuru/sport/article/ruhago-ihombye-umuntu-uwahoze-ari-kapiteni-w-ubufaransa,sport,"Ruhago ihombye umuntu, uwahoze ari kapiteni w' Ubufaransa yitabye Imana",sport,0.9846,238,False
http://muhabura.rw/amakuru/sport/article/robert-sentongo-ntakije-muri-rwanda-gusa-ngo-hari-uzaza,sport,"Robert Sentongo ntakije muri Rwanda, gusa ngo hari uzaza kumusimbura",sport,0.9861,241,False
http://muhabura.rw/amakuru/sport/article/amafoto-abahungu-ba-messi-suarez-na-pique-batangiye-ishuri,sport,"Amafoto: Abahungu ba Messi, Suarez na Pique batangiye ishuri rya ruhago muri Barcelona",sport,0.983,217,False
http://muhabura.rw/amakuru/sport/article/gerard-yarishije-imitima-abakunzi-ba-liverpool,sport,Gerrard yarishije imitima abakunzi ba Liverpool,sport,0.9804,333,False
http://muhabura.rw/amakuru/sport/article/umunsi-wa-5-premier-umunsi-wa-league-ibintu-umunani,sport,Umunsi wa 5 wa Premier League: ibintu umunani twahishuriwe muri iyi shampiyona,sport,0.9896,512,True
http://muhabura.rw/amakuru/sport/article/ni-iyihe-shusho-as-kigali-pre-season-tournement-isigiye,sport,Ni iyihe shusho AS Kigali Pre-season Tournement isigiye abakunzi ba ruhago nyarwanda?,sport,0.9902,512,True
http://muhabura.rw/amakuru/sport/article/apr-fc-yegukanye-igikombe-nyuma-yo-kwisengerera-vita-club,sport,APR FC yegukanye igikombe nyuma yo kwisengerera Vita Club,sport,0.9913,488,False
http://muhabura.rw/amakuru/sport/article/pep-guardiola-ni-we-special-one-nta-bya-jose-mourinho-roy,sport,"""Pep Guardiola ni we Special One- nta bya Jose Mourinho"" Roy Keane",sport,0.9748,202,False
http://muhabura.rw/amakuru/sport/article/urutonde-ngaruka-kwezi-rwa-fifa-u-rwanda-rugeze-he-5-biza,sport,"Urutonde ngaruka kwezi rwa FIFA, U Rwanda rugeze he, 5 biza imbere muri Afurika no ku Isi",sport,0.9921,257,False
http://muhabura.rw/amakuru/sport/article/abakinnyi-ba-manchester-united-bamugezeho-mbere-y-iminota,sport,Abakinnyi ba Manchester United bamugezeho mbere y'iminota 45 ngo yitabe Imana,sport,0.9753,341,False
http://muhabura.rw/amakuru/sport/article/lionel-messi-yatsinze-hat-trick-ye-ya-gatandatu-muri,sport,"Lionel Messi yatsinze Hat-trick ye ya gatandatu muri Champions league, uko imikino ya genze",sport,0.9907,211,False
http://muhabura.rw/amakuru/sport/article/apr-na-rayon-sport-imwe-ishobora-kuba-icitse-indi,sport,"APR na Rayon Sport, imwe ishobora kuba icitse indi",sport,0.992,512,True
http://muhabura.rw/amakuru/sport/article/amafoto-atandatu-y-ingenzi-yaranze-deribi-y-i-manchester,sport,Amafoto atandatu y'ingenzi yaranze deribi y'I Manchester,sport,0.9892,239,False
http://muhabura.rw/amakuru/sport/article/apr-yatanze-isomo-rya-ruhago-ari-na-ko-kiyovu-sport,sport,APR yatanze isomo rya ruhago ari na ko Kiyovu Sport yandagarijwe imbere y'abafana,sport,0.9924,512,True
http://muhabura.rw/amakuru/sport/article/undi-munyamali-atabaye-rayon-sport-mu-minota-ya-nyuma-as,sport,"Undi munyamali atabaye Rayon sport mu minota ya nyuma, AS Kigali yo yatangiye itsindwa",sport,0.9915,381,False
http://muhabura.rw/amakuru/sport/article/ibibazo-by-amikoro-bishobora-kubatera-gutangira-shampiyona,sport,Ibibazo by'amikoro bishobora gutuma bagira urugendo rubi muri shampiyona,sport,0.9873,424,False
http://muhabura.rw/amakuru/sport/article/ese-kuba-leta-itemerewe-kwinjira-mu-bya-ruhago-byaba,sport,"Ese kuba leta itemerewe kwinjira mu bya ruhago, byaba igisobanuro cy'ibyo tubona mu Rwanda?",sport,0.9876,512,True
http://muhabura.rw/amakuru/sport/article/lukaku-yasabye-chelsea-everton-liverpool-na-crystal-palace,sport,"Lukaku yasabye Chelsea, Everton, Liverpool na Crystal Palace gushima Thiery Henry",sport,0.9824,318,False
http://muhabura.rw/amakuru/sport/article/bomboribombori-muri-real-madrid-isenyuka-rya-bbc,sport,"Bomboribombori muri Real Madrid, isenyuka rya BBC",sport,0.9859,349,False
http://muhabura.rw/amakuru/sport/article/jamie-vardy-yashyize-hanze-ibye-na-arsenal,sport,Jamie Vardy yashyize hanze ibye na Arsenal,sport,0.9852,319,False
http://muhabura.rw/amakuru/sport/article/uretse-kuzamura-amatike-n-umutekano-wakajiwe-ku-mukino,sport,"Uretse kuzamura amatike, n'umutekano wakajijwe ku mukino udasanzwe muri Uganda.",sport,0.9866,449,False
http://muhabura.rw/amakuru/sport/article/icyegeranyo-ni-bande-binjjiye-cyangwa-basohotse-muri-buri,sport,Icyegeranyo: ni bande binjjiye cyangwa basohotse muri buri kipe yo mu Bwongereza,sport,0.9791,512,True
http://muhabura.rw/amakuru/sport/article/ikipe-y-igihugu-amavubi-ntiyitaye-ku-bivungwa-ko-ghana,sport,Ikipe y'igihugu Amavubi ntiyitaye ku bivungwa ko Ghana itazakina umukino wo kwishyura,sport,0.9886,413,False
http://muhabura.rw/amakuru/sport/article/chelsea-yamaze-kutanga-miliyoni-30l-ngo-irebe-ko-yagarura,sport,Chelsea yamaze kutanga miliyoni 30£ ngo irebe ko yagarura David Luiz,sport,0.984,386,False
http://muhabura.rw/amakuru/sport/article/byarangiye-sebukwe-wa-gareth-bale-akatiwe-imyaka-6-no,sport,Byarangiye sebukwe wa Gareth Bale akatiwe imyaka 6 no kwishyura miliyoni 2.2 £ kubera uburiganya,sport,0.9773,512,True
http://muhabura.rw/amakuru/sport/article/kuza-kwa-pogba-na-zlatan-byatumye-urutonde-rw-ahembwa,sport,"Kuza kwa Pogba na Zlatan byatumye urutonde rw'ahembwa menshi hazamo impinduka, dore 10 baza imbere",sport,0.9839,512,True
http://muhabura.rw/amakuru/sport/article/umusore-yabenze-umukunzi-we-asohoka-mu-rusengero-yiruka,sport,Umusore yabenze umukunzi we asohoka mu rusengero yiruka,entertainment,0.4948,356,False
http://muhabura.rw/amakuru/sport/article/lt-col-rugambwa-patrice-yagize-icyo-atangaza-ku-iyirukanwa,sport,Lt. Col. Rugambwa Patrice yagize icyo atangaza ku iyirukanwa rya Kanyankore na Eric,sport,0.9888,512,True
http://muhabura.rw/amakuru/sport/article/abatoza-baherutse-guhabwa-gutoza-amavubi-mu-gihe-cy,sport,Abatoza baherutse guhabwa gutoza Amavubi mu gihe cy'inzibacyuho bamaze guhagarikwa,sport,0.9865,268,False
http://muhabura.rw/amakuru/sport/article/umunyamabanga-mukuru-wa-rayon-sports-gakwaya-olivier-ya,sport,"Umunyamabanga Mukuru wa Rayon Sports, Gakwaya Olivier,ya atangaje ko bamaze kugura abakinnyi 3",sport,0.9866,266,False
http://muhabura.rw/amakuru/sport/article/kanyankore-gilbert-yaounde-na-eric-nshimiyimana-nibo-batoza,sport,Kanyankore Gilbert Yaoundé na Eric Nshimiyimana nibo batoza bashya b'ikipe y'igihugu,sport,0.9871,320,False
http://muhabura.rw/amakuru/sport/article/general-james-kabarebe-minisitiri-w-ingabo-yashyikirije,sport,General James Kabarebe Minisitiri w'ingabo Yashyikirije igikombe Ulinzi nyuma y'uko APR naniwe gutsinda,sport,0.8795,456,False
http://muhabura.rw/amakuru/sport/article/gatsibo-polisi-yifatanyije-n-urubyiruko-mu-gushaka-abafite,sport,Gatsibo: Polisi yifatanyije n'urubyiruko mu gushaka abafite impano mu gutwara amagare,economy,0.4127,477,False
http://muhabura.rw/amakuru/sport/article/ikipe-y-ingabo-z-u-rwanda-yegukanye-igikombe,sport,Ikipe y'Ingabo z'u Rwanda yegukanye igikombe,sport,0.9895,512,True
http://muhabura.rw/amakuru/sport/article/minisitiri-uwacu-julienne-yashimiye-abakinnyi-b-ikipe-y,sport,Minisitiri Uwacu Julienne yashimiye Abakinnyi b'ikipe y'igihugu y'abatarengeje imyaka 18,sport,0.9889,512,True
http://muhabura.rw/amakuru/sport/article/mu-mikino-ya-gisirikare-kenya-yegukanye-imidali-yose,sport,Mu mikino ya Gisirikare Kenya yegukanye imidali yose,sport,0.9814,512,True
http://muhabura.rw/amakuru/sport/article/rayon-sport-ntago-yari-yava-ku-isoko-ry-abakinnyi-gakwaya,sport,"Rayon Sport ntago yari yava ku isoko ry'abakinnyi- ""Gakwaya Olivier""",sport,0.9873,439,False
http://muhabura.rw/amakuru/sport/article/urutonde-rw-abakinnyi-21-bazakinira-ikipe-ya-apr-fc-mu,sport,Urutonde rw'Abakinnyi 21 bazakinira ikipe ya APR Fc mu mikino ya Gisirikare,sport,0.9869,362,False
http://muhabura.rw/amakuru/sport/article/umutoza-mushya-wa-chelsea-mu-gihirahiro-ku-hazaza-ha-diego,sport,Umutoza mushya wa Chelsea mu gihirahiro ku hazaza ha Diego Costa,sport,0.988,471,False
http://muhabura.rw/amakuru/sport/article/ubuyobozi-bwa-apr-fc-bwamaze-kwemeza-ko-bwatandukanye-n,sport,Ubuyobozi bwa APR FC bwamaze kwemeza ko bwatandukanye n'umunyezamu Kwizera Olivier,sport,0.9873,419,False
http://muhabura.rw/amakuru/sport/article/perezida-mushya-wa-fifa-yagaragaje-imigambi-myiza-afitiye,sport,Perezida mushya wa FIFA yagaragaje imigambi myiza afitiye Afurika mu mupira w'Amaguru,sport,0.9821,512,True
http://muhabura.rw/amakuru/sport/article/ku-nshuro-ya-mbere-u-rwanda-rubonye-umusifuzi-uruhagararira,sport,Ku nshuro ya mbere u Rwanda rubonye umusifuzi uruhagararira mu mikino mpuzamahanga,sport,0.9909,512,True
http://muhabura.rw/amakuru/sport/article/kuba-manchester-united-yarandagajwe-na-dortmund-ntibyabuza,sport,Kuba Manchester United yarandagajwe na Dortmund ntibyabuza Mourinho gusinzira,sport,0.9911,512,True
http://muhabura.rw/amakuru/sport/article/u-rwanda-rugiye-kwakira-imikino-ihuza-ingabo-zo-mu-muryango,sport,U Rwanda rugiye kwakira imikino ihuza ingabo zo mu Muryango w'Ibihugu by'Afurika,sport,0.9512,405,False
http://muhabura.rw/amakuru/sport/article/police-fc-ikomeje-kwiyubaka-igura-abakinny,sport,Police FC ikomeje kwiyubaka igura abakinnyi,sport,0.9808,415,False
http://muhabura.rw/amakuru/sport/article/iranzi-ombalenga-na-rachid-intego-ni-ugukina-europa-league,sport,"Iranzi, Ombalenga na Rachid intego ni ugukina Europa League",sport,0.981,512,True
http://muhabura.rw/amakuru/sport/article/muhadjili-na-onesme-bakiniraga-as-kigali-babaze-kwekeza,sport,Muhadjili na Onesme bakiniraga AS Kigali bamaze kwekeza muri APR Fc,sport,0.9841,320,False
http://muhabura.rw/amakuru/sport/article/amakipe-yo-mu-cyiciro-cya-kabiri-ahatanira-kuzamuka-mu,sport,Amakipe yo mu cyiciro cya kabiri ahatanira kuzamuka mu cyambere,sport,0.9918,491,False
http://muhabura.rw/amakuru/sport/article/ikipe-ya-apr-fc-yashyikirijwe-igikombe-cya,sport,Ikipe ya APR FC yashyikirijwe igikombe cya shampiyona,sport,0.9871,338,False
http://muhabura.rw/amakuru/sport/article/innocent-seninga-umutoza-mushya-w-ikipe-y-umupira-w-amaguru,sport,Innocent Seninga Umutoza mushya w'Ikipe y'umupira w'amaguru ya Police FC,sport,0.9752,104,False
http://muhabura.rw/amakuru/sport/article/umwamikazi-wa-ruhago-yatoranyijwe-mu-ikipe-ya-brazil,sport,Umwamikazi wa ruhago yatoranyijwe mu ikipe ya Brazil (Amafoto),sport,0.9864,482,False
http://muhabura.rw/amakuru/sport/article/apr-fc-yasinyishije-abakinnyi-4-bose-bahawe-amasezerano-y,sport,APR FC yasinyishije abakinnyi 4 bose bahawe amasezerano y'imyaka ibiri,sport,0.9877,512,True
http://muhabura.rw/amakuru/sport/article/marcus-rashford-yakiriye-impano-idasanzwe-ivuye-kwa-david,sport,Marcus Rashford yakiriye impano idasanzwe ivuye Kwa David Beckham,sport,0.9691,396,False
http://muhabura.rw/amakuru/sport/article/rayon-sport-igiye-gutakaza-abakinnyi-babiri-bakomeye,sport,Rayon sport igiye gutakaza abakinnyi babiri bakomeye,sport,0.9892,407,False
http://muhabura.rw/amakuru/sport/article/imyaka-10-irashize-materazzi-yahishuye-impamvu-yatumye,sport,"Imyaka 10 irashize: ""Materazzi yahishuye impamvu yatumye Zinedine Zidane amukubita umutwe""",sport,0.9859,372,False
http://muhabura.rw/amakuru/sport/article/umutoza-wa-etincelles-yahamije-ko-ari-kurambagizwa-n,sport,Umutoza wa Etincelles yahamije ko ari kurambagizwa n'amakipe atanu,sport,0.9899,414,False
http://muhabura.rw/amakuru/sport/article/antoine-griezmann-yongeye-guhura-na-christiano-ku-mukino-wa,sport,Antoine Griezmann yongeye guhura na Christiano ku mukino wa nyuma,sport,0.9909,512,True
http://muhabura.rw/amakuru/sport/article/euro-2016-christiano-ronaldo-n-ikipe-ye-portugal-bageze-ku,sport,Euro 2016: Christiano Ronaldo n'ikipe ye Portugal bageze ku mukino wa nyuma,sport,0.9924,276,False
http://kigalipost.com/Umwiraburakazi-wo-muri-Afurika-y-Epfo-niwe-wegukanye-ikamba-rya-Miss-Universe.html,entertainment,Umwiraburakazi wo muri Afurika y'Epfo niwe wegukanye ikamba rya Miss Universe (Amafoto),entertainment,0.6894,355,False
http://kigalipost.com/Umugore-wa-Tom-Close-yahishuye-ko-bibarutse-umwana-wa-3-bagize-bane.html,entertainment,"Umugore wa Tom Close yahishuye ko bibarutse umwana wa 3, bagize bane!",entertainment,0.7083,512,True
http://kigalipost.com/Umugabo-wanjye-ahora-anyanduza-indwara-zo-mu-myanya-ndangagitsina-Miss-Shanel.html,entertainment,Umugabo wanjye ahora anyanduza indwara zo mu myanya ndangagitsina- Miss Shanel aratabariza Mukamana,entertainment,0.9308,363,False
http://kigalipost.com/Michael-Sengazi-yahawe-igihembo-cy-Umunyarwenya-w-umwaka-muri-Afurika.html,entertainment,Michaël Sengazi yahawe igihembo cy'Umunyarwenya w'umwaka muri Afurika,entertainment,0.9697,512,True
http://kigalipost.com/Abahatanye-na-Nimwiza-Meghan-muri-Miss-World-bashyizwe-mu-matsinda.html,entertainment,Abahatanye na Nimwiza Meghan muri Miss World bashyizwe mu matsinda,fashion,0.3665,354,False
http://kigalipost.com/Miss-Rwanda-2020-Abifuza-guhatanira-ikamba-rya-Nyampinga-batangiye.html,entertainment,Miss Rwanda 2020: Abifuza guhatanira ikamba rya Nyampinga batangiye kwiyandikisha -Ibisabwa,entertainment,0.9424,512,True
http://kigalipost.com/John-Legend-ni-we-mugabo-mwiza-kuruta-abariho-bose-Dore-abamubanjirije-Urutonde.html,entertainment,John Legend ni we mugabo mwiza kuruta abariho bose. Dore abamubanjirije(Urutonde&Amafoto),entertainment,0.9772,512,True
http://kigalipost.com/T-I-asuzumisha-ubusugi-bw-umukobwa-we-w-imyaka-18-buri-mwaka.html,entertainment,T.I. asuzumisha ubusugi bw'umukobwa we w'imyaka 18 buri mwaka,entertainment,0.6889,337,False
http://kigalipost.com/Taylor-Swift-ni-we-winjije-menshi-muri-2019-akubye-inshuro-Beyonce-umukurikira.html,entertainment,"Taylor Swift ni we winjije menshi muri 2019, akubye inshuro Beyoncé umukurikira- Urutonde",entertainment,0.9446,320,False
http://kigalipost.com/Nicki-Minaj-yakoze-ubukwe-ahindura-n-izina.html,entertainment,Nicki Minaj yakoze ubukwe ahindura n'izina,entertainment,0.9776,316,False
http://kigalipost.com/Meddy-yatwe-muri-yombi-afungiye-i-Remera.html,entertainment,"Meddy yatawe muri yombi, afungiye i Remera",entertainment,0.9868,264,False
http://kigalipost.com/Amabanga-10-afasha-Beyonce-kuba-umuhanzikazi-ukomeye-ku-isi.html,entertainment,Amabanga 10 afasha Beyoncé kuba umuhanzikazi ukomeye ku isi,entertainment,0.9883,512,True
http://kigalipost.com/Chabade-ubarizwa-muri-Finland-yashyize-hanze-indirimbo-Friends-Zone-yakoranye.html,entertainment,Chabade ubarizwa muri Finland yashyize hanze indirimbo 'Friends Zone' yakoranye na Oda Paccy -Video,entertainment,0.9871,386,False
http://kigalipost.com/Corneille-yongeye-kugaruka-ku-rukumbuzi-afitiye-u-Rwanda.html,entertainment,Corneille yongeye kugaruka ku rukumbuzi afitiye u Rwanda,entertainment,0.9794,345,False
http://kigalipost.com/Celine-Dion-niwe-muntu-wambaye-neza-kurusha-abandi-mu-mwaka-wa-2019.html,entertainment,Céline Dion niwe muntu wambaye neza kurusha abandi mu mwaka wa 2019(AMAFOTO),entertainment,0.9836,235,False
http://kigalipost.com/Nicki-Minaj-yabaye-ahagaritse-umuziki-kubera-umuryango.html,entertainment,Nicki Minaj yabaye ahagaritse umuziki kubera umuryango,entertainment,0.9904,325,False
http://kigalipost.com/Ne-Yo-yageze-i-Kigali-aje-mu-gitaramo-no-mu-muhango-wo-Kwita-Izina-ingagi.html,entertainment,Ne-Yo yageze i Kigali aje mu gitaramo no mu muhango wo Kwita Izina ingagi,entertainment,0.9827,417,False
http://kigalipost.com/Nsanzamahoro-wamamaye-nka-Rwasa-muri-filime-yitabye-Imana.html,entertainment,Nsanzamahoro wamamaye nka 'Rwasa' muri filime yitabye Imana,health,0.7408,402,False
http://kigalipost.com/Chris-Brown-ni-umuhanzi-mwiza-kurenza-Michael-Jackson-50-Cent.html,entertainment,Chris Brown ni umuhanzi mwiza kurenza Michael Jackson- 50 Cent,entertainment,0.9887,312,False
http://kigalipost.com/Barinze-ubusugi-n-ubumanzi-bwabo-bategereje-kurushinga.html,entertainment,"Ciara, Mariah Carey, Nick Canon, Jordin Sparks,... Barinze ubusugi n'ubumanzi bwabo bategereje kurushinga",entertainment,0.9462,512,True
http://kigalipost.com/Tijara-Kabendera-yambuwe-amafaranga-n-umutekamutwe-RIB-iratabara.html,entertainment,"Tijara Kabendera yambuwe amafaranga n'umutekamutwe, RIB iratabara",politics,0.9883,455,False
http://kigalipost.com/Shania-Twain-yujuje-imyaka-54-Dore-amwe-mu-mateka-y-ubuzima-bugoye-cyane.html,entertainment,Shania Twain yujuje imyaka 54. Dore amwe mu mateka y'ubuzima bugoye cyane yaciyemo,entertainment,0.9727,512,True
http://kigalipost.com/Zari-yise-imbwa-abakomeza-kumuhatira-gushyira-Diamond-abana-be-muri-Tanzania.html,entertainment,Zari yise imbwa abakomeza kumuhatira gushyira Diamond abana be muri Tanzania,entertainment,0.9554,392,False
http://kigalipost.com/Scarlett-Johansson-ayoboye-urutonde-rw-abagore-bakina-filime-binjije-menshi.html,entertainment,Scarlett Johansson ayoboye urutonde rw'abagore bakina filime binjije menshi muri 2019 (URUTONDE),entertainment,0.7279,337,False
http://kigalipost.com/Young-Grace-yibarutse-umwana-w-umukobwa.html,entertainment,Young Grace yibarutse umwana w'umukobwa,entertainment,0.9852,248,False
http://kigalipost.com/Kigali-Louis-Van-Gaal-Tony-Adams-Ne-Yo-na-Meddy-bazaza-Kwita-Izina.html,entertainment,"Kigali: Louis Van Gaal, Tony Adams, Ne-Yo na Meddy bazaza Kwita Izina",entertainment,0.9348,512,True
http://kigalipost.com/Shaddy-Boo-ni-nka-mushiki-wanjye-Diamond.html,entertainment,Shaddy Boo ni nka mushiki wanjye - Diamond,entertainment,0.9879,455,False
http://kigalipost.com/Katy-Perry-yashinjijwe-n-umusore-yakoresheje-mu-mashusho-y-indirimbo-ye.html,entertainment,Katy Perry yashinjijwe n'umusore yakoresheje mu mashusho y'indirimbo ye 'ihohotera rishingiye ku gitsina',entertainment,0.9876,512,True
http://kigalipost.com/Cote-d-Ivoire-Umuhanzi-w-icyamamare-DJ-Arafat-yagonzwe-n-umunyamakuru-arapfa.html,entertainment,"Côte d'Ivoire: Umuhanzi w'icyamamare, DJ Arafat yagonzwe n'umunyamakuru arapfa",entertainment,0.9768,512,True
http://kigalipost.com/Nigeria-Umuhanzi-Tekno-yatawe-muri-yombi-azira-kubyinira-mu-ruhame-n-abakobwa.html,entertainment,Tekno yatawe muri yombi azira kubyinira mu ruhame n'abakobwa bambaye ubusa (Video),entertainment,0.9886,512,True
http://kigalipost.com/Meghan-Markle-Ku-isabukuru-ye-ab-ibwami-bamwifurije-isakukuru-nziza-umugabo-we.html,entertainment,"Meghan Markle: Ku isabukuru ye, ab'ibwami bamwifurije isakukuru nziza, umugabo we arushaho",relationship,0.5318,300,False
http://kigalipost.com/Sonia-Rolland-yifotoje-yambaye-ubusa-buriburi-anasobanura-impamvu-adahisha-ubwambure-bwe-AMAFOTO.html,entertainment,"Sonia Rolland yifotoje yambaye ubusa buriburi, anasobanura impamvu adahisha ubwambure bwe (AMAFOTO)",entertainment,0.9863,474,False
http://kigalipost.com/John-Legend-yise-Trump-umwanda-amusabira-kweguzwa.html,entertainment,John Legend yise Trump 'umwanda' amusabira kweguzwa,entertainment,0.983,327,False
http://kigalipost.com/Nsengiyumva-Igisupusupu-yashyize-hanze-indirimbo-Rwagitima-VIDEO.html,entertainment,Nsengiyumva 'Igisupusupu' yashyize hanze indirimbo 'Rwagitima' -VIDEO,entertainment,0.9897,264,False
http://kigalipost.com/Ifoto-yafotorewe-muri-Tanzaniya-yegukanye-igihembo-cy-ifoto-y-umwaka-ya-iPhone.html,entertainment,Ifoto yafotorewe muri Tanzaniya yegukanye igihembo cy'ifoto y'umwaka ya iPhone,technology,0.9629,423,False
http://kigalipost.com/Rihanna-yatangajwe-n-umwana-basa-amukabiriza-inzozi.html,entertainment,"Rihanna yatangajwe n'umwana basa, amukabiriza inzozi",entertainment,0.9794,512,True
http://kigalipost.com/Afurika-y-Epfo-Umuhanzi-Johnny-Clegg-bitaga-Umuzulu-w-umuzungu-yapfuye-Amwe-mu.html,entertainment,Afurika y'Epfo: Umuhanzi Johnny Clegg bitaga 'Umuzulu w'umuzungu' yapfuye -Amwe mu mateka ye,entertainment,0.9776,512,True
http://kigalipost.com/Kigali-Hateguwe-amarushanwa-yo-kubyina-agamije-gufasha-abanyeshuri-baje-mu.html,entertainment,Kigali: Hateguwe amarushanwa yo kubyina agamije gufasha abanyeshuri baje mu biruhuko,entertainment,0.925,408,False
http://kigalipost.com/James-Bond-Agent-007-azaba-ari-umugore-w-umwirabura.html,entertainment,James Bond: 'Agent 007' azaba ari umugore w'umwirabura,entertainment,0.9483,411,False
http://kigalipost.com/Amerika-Rutamu-Elie-Joe-yashyize-hanze-amafoto-y-ubukwe-bwe.html,entertainment,Amerika: Rutamu Elie Joe yashyize hanze amafoto y'ubukwe bwe,entertainment,0.8692,512,True
http://kigalipost.com/R-Kelly-yongeye-gufungwa-azira-gukinisha-abana-filimi-z-imibonano-mpuzabitsina.html,entertainment,R. Kelly yongeye gufungwa azira gukinisha abana filimi z'imibonano mpuzabitsina,politics,0.6257,169,False
http://kigalipost.com/Wema-Sepetu-yakuye-muri-gereza-indwara-yayobeye-abaganga.html,entertainment,Wema Sepetu yakuye muri gereza indwara yayobeye abaganga,entertainment,0.9659,366,False
http://kigalipost.com/Umupira-Princess-Diana-yakoranaga-siporo-uragurishwa-asaga-miliyoni-5.html,entertainment,Umupira Princess Diana yakoranaga siporo uragurishwa asaga miliyoni 5,entertainment,0.9284,234,False
http://kigalipost.com/Taylor-Swift-arashinja-Big-Machine-kumwiba-album-6-Justin-Bieber-n-abandi-babyinjiyemo.html,entertainment,Taylor Swift arashinja Big Machine kumwiba album 6. Justin Bieber n'abandi babyinjiyemo,entertainment,0.9876,512,True
http://kigalipost.com/Will-Smith-Agelina-na-Brad-Pitt-Abana-babo-ni-abatinganyi-AMAFOTO.html,entertainment,"Will Smith, Agelina na Brad Pitt,… Abana babo ni abatinganyi (AMAFOTO)",entertainment,0.9463,496,False
http://kigalipost.com/Pamela-Anderson-yahishuye-amabaruwa-ye-n-uwari-umugore-wa-Adil-Rami.html,entertainment,Pamela Anderson yahishuye amabaruwa ye n'uwari umugore wa Adil Rami,entertainment,0.9548,512,True
http://kigalipost.com/Willow-umukobwa-wa-Will-Smith-yatangaje-ko-ari-umutinganyi-w-imvange-Bisexuel.html,entertainment,"Willow, umukobwa wa Will Smith yatangaje ko ari umutinganyi w'imvange (Bisexuel)",entertainment,0.9314,330,False
http://kigalipost.com/Miss-Tanja-Dexters-wabaye-nyampinga-w-Ububiligi-yatawe-muri-yombi-mu-mukwabo-w.html,entertainment,Miss Tanja Dexters wabaye nyampinga w'Ububiligi yatawe muri yombi mu mukwabo w'abacuruza ibiyobyabwenge,entertainment,0.9632,317,False
http://kigalipost.com/BET-Awards-19-Abanyafurika-bigaragaje-Cardi-B-atarwa-ibihembo-byinshi-URUTONDE.html,entertainment,"BET Awards 19: Abanyafurika bigaragaje, Cardi B akurirwa ingofero (URUTONDE)",entertainment,0.9854,512,True
http://kigalipost.com/Justin-Bieber-na-Tom-Cruise-baba-bagiye-kurwanira-muri-octogon.html,entertainment,Justin Bieber na Tom Cruise baba bagiye kurwanira muri 'octagon',entertainment,0.8824,512,True
http://kigalipost.com/Rayon-Sports-yasezereye-Manzi-Thierry-na-Niyonzima-Olivier-Sefu.html,entertainment,Rayon Sports yasezereye Manzi Thierry na Niyonzima Olivier Sefu,sport,0.9812,490,False
http://kigalipost.com/Kanyombya-yashyinguye-nyina-uherutse-kwitaba-Imana.html,entertainment,Kanyombya yashyinguye nyina uherutse kwitaba Imana,entertainment,0.7978,260,False
http://kigalipost.com/Adele-yaguriye-inzu-y-agatangaza-uwahoze-ari-umugabo-we-Amafoto.html,entertainment,Adele yaguriye inzu y'agatangaza uwahoze ari umugabo we -Amafoto,entertainment,0.9883,512,True
http://kigalipost.com/Umuraperi-Tupac-iyo-aza-kuba-akiriho-aba-yujuje-imyaka-48-y-amavuko-Amateka-n.html,entertainment,Umuraperi Tupac iyo aza kuba akiriho aba yujuje imyaka 48 y'amavuko -Amateka n'impaka k'urupfu rwe,entertainment,0.9598,512,True
http://kigalipost.com/Diamond-na-Tanasha-baritegura-kwibaruka-umwana-wabo-wa-mbere-AMAFOTO.html,entertainment,Diamond na Tanasha baritegura kwibaruka umwana wabo wa mbere (AMAFOTO),entertainment,0.9817,416,False
http://kigalipost.com/Amafoto-Perezida-wa-Turikiya-Erdogan-yambariye-Mesut-Ozil-mu-bukwe-bwe-na-Miss.html,entertainment,"Amafoto: Perezida wa Turikiya, Erdogan yambariye Mesut Ozil mu bukwe bwe na Miss Emine",entertainment,0.7158,378,False
http://kigalipost.com/Iby-ingenzi-wamenya-kuri-Najila-Trindade-umugore-ushinja-Neymar-kumufata-ku.html,entertainment,"Iby'ingenzi wamenya kuri Najila Trindade, umugore ushinja Neymar kumufata ku ngufu",sport,0.8815,512,True
http://kigalipost.com/Akoresheje-amagambo-yo-mu-ndirimbo-Rideman-yibukije-Nadia-urwo-amukunda.html,entertainment,"Akoresheje amagambo yo mu ndirimbo, Rideman yibukije Nadia urwo amukunda",entertainment,0.9776,362,False
http://kigalipost.com/Yavugishije-Jay-Z-imbere-ya-Beyonce-biramurakaza-aterwa-ubwoba-bwo-kwicwa.html,entertainment,"Yavugishije Jay Z imbere ya Beyoncé biramurakaza, aterwa ubwoba bwo kwicwa",entertainment,0.9905,371,False
http://kigalipost.com/Lionel-Sentore-Ingangare-yashyize-hanze-indirimbo-yakoze-atari-kumwe-na-mugenzi.html,entertainment,Lionel Sentore (Ingangare) yashyize hanze indirimbo yakoze atari kumwe na mugenzi we -Yumve Hano,entertainment,0.9877,510,False
http://kigalipost.com/Schwarzenegger-Commando-yadukiriwe-n-umufana-amukubitira-mu-kivunge-cy-abantu.html,entertainment,Schwarzenegger 'Commando' yadukiriwe n'umufana wamwubikiriye akamukubitira imbere y'abantu (Video),entertainment,0.9837,365,False
http://kigalipost.com/Hollywood-Jennifer-Lopez-na-Card-B-mu-b-imbere-bafite-ibibuno-byiza-yaba.html,entertainment,Hollywood: Jennifer Lopez na Card B mu b'imbere bafite ibibuno byiza yaba karemano n'ibyongerewe -Urutonde&Amafoto,entertainment,0.9796,512,True
http://kigalipost.com/Umunyafurika-y-epfo-yabaye-umugore-wa-mbere-wo-muri-Afurika-y-Abirabura-ugeze.html,entertainment,Umunyafurika-y'epfo yabaye umugore wa mbere wo muri Afurika y'Abirabura ugeze ku gasongero ka Everest,entertainment,0.4691,512,True
http://kigalipost.com/Britney-Spears-uri-kwitabwaho-n-ibitaro-by-indwara-zo-mu-mutwe-ashobora.html,entertainment,Britney Spears uri kwitabwaho n'ibitaro by'indwara zo mu mutwe ashobora kutazongera gutaramira abafana,entertainment,0.9876,507,False
http://kigalipost.com/Barack-Obama-n-umugore-we-bagiye-gutangira-gutambutsa-filime-y-uruhererekane.html,entertainment,Barack Obama n'umugore we bagiye gutangira gutambutsa filime y'uruhererekane (série) yabo kuri Netflix,entertainment,0.9652,486,False
http://kigalipost.com/Umunyamakuru-wa-BBC-yirukanwe-nyuma-yo-kugereranya-umwana-wa-Prince-Harry-na.html,entertainment,Umunyamakuru wa BBC yirukanwe nyuma yo kugereranya umwana wa Prince Harry na Meghan 'n'inguge',entertainment,0.9397,512,True
http://kigalipost.com/Umunyamakuru-Usher-Olivier-agiye-kurushingana-n-umunyarwandakazi-utuye-muri.html,entertainment,Umunyamakuru Usher Olivier agiye kurushingana n'umunyarwandakazi utuye muri Norvège,entertainment,0.9536,474,False
http://kigalipost.com/Filime-iterwa-inkunga-na-Selana-Gomez-yongereye-kwiyahura-kw-abana.html,entertainment,Filime iterwa inkunga na Selana Gomez yongereye kwiyahura kw'abana,entertainment,0.969,512,True
http://kigalipost.com/Ibi-byamamare-ni-inshuti-magara-AMAFOTO.html,entertainment,Ibi byamamare ni inshuti magara (AMAFOTO),entertainment,0.9835,512,True
http://kigalipost.com/Miss-Muhikira-wari-uherutse-kurushinga-na-mukuru-wa-Buravan-yitabye-Imana.html,entertainment,Miss Muhikira wari uherutse kurushinga na mukuru wa Buravan yitabye Imana,entertainment,0.9322,377,False
http://kigalipost.com/Itsinda-Souls-rikora-ubugeni-bwo-gushushanya-ryateguye-exhibition.html,entertainment,Kigali: Itsinda Souls rikora ubugeni bwo gushushanya ryateguye 'exhibition',entertainment,0.9829,395,False
http://kigalipost.com/Turaza-kubireba-neza-niba-koko-Gahongayire-ntacyo-tumumariye-Urugaga-rw.html,entertainment,Turaza kubireba neza niba koko Gahongayire ntacyo tumumariye -Ikiganiro n'Urugaga rw'Abanyamakuru b'Imyidagaduro,entertainment,0.6114,512,True
http://kigalipost.com/Umunyamakuru-Christelle-yabaye-iciro-ry-imigani-kubera-kuza-mu-kiganiro-kuri.html,entertainment,Umunyamakuru Christelle yabaye iciro ry'imigani kubera kuza mu kiganiro kuri Televiziyo y'igihugu yasinze,entertainment,0.9654,512,True
http://kigalipost.com/Uwahoze-ari-umurinzi-wa-Michael-Jackson-yakomoje-ku-rukundo-yakundaga-princesse.html,entertainment,Uwahoze ari umurinzi wa Michael Jackson yakomoje ku rukundo yakundaga 'princesse Diana',entertainment,0.9854,512,True
http://kigalipost.com/VIDEO-Alain-Muku-yashyize-hanze-indirimbo-Tona-Tona-yanononsorewe-muri-Cote-d.html,entertainment,VIDEO: Alain Muku yashyize hanze indirimbo 'Tona Tona' yanononsorewe muri Côte d'Ivoire,entertainment,0.9877,364,False
http://kigalipost.com/Ubutumwa-bwa-Anita-Pendo-kuri-se-w-abana-be-wizihiza-isabukuru-batakibana.html,entertainment,"Ubutumwa bwa Anita Pendo kuri se w'abana be wizihiza isabukuru, batakibana",entertainment,0.9887,479,False
http://kigalipost.com/Hakoreshejwe-ibyuka-biryana-mu-maso-Polisi-yataye-muri-yombi-Bobi-Wine.html,entertainment,"Hakoreshejwe ibyuka biryana mu maso, Polisi yataye muri yombi Bobi Wine",entertainment,0.7377,311,False
http://kigalipost.com/Umuhanzikazi-Adele-yatandukanye-n-umugabo-we.html,entertainment,Umuhanzikazi Adele yatandukanye n'umugabo we,entertainment,0.9879,298,False
http://kigalipost.com/Game-of-Thrones-Jon-Snow-yenze-gucika-agasabo-k-intanga.html,entertainment,Game of Thrones: Jon Snow yenze gucika agasabo k'intanga,entertainment,0.9279,323,False
http://kigalipost.com/Angelina-Jolie-na-Brad-Pitt-babonye-gatanya-yemewe-n-amategeko.html,entertainment,Angelina Jolie na Brad Pitt babonye gatanya yemewe n'amategeko,entertainment,0.9697,263,False
http://kigalipost.com/Yvan-Buravan-yataramiye-i-Paris-anashyikirizwa-igihembo-cye-cya-Prix.html,entertainment,Yvan Buravan yataramiye i Paris anashyikirizwa igihembo cye cya Prix Découvertes RFI 2018,entertainment,0.9779,442,False
http://kigalipost.com/Dusenge-Honore-yashyize-hanze-indirimbo-ikomoza-ku-mateka-nyakuri-y-ubuzima-bwe.html,entertainment,Dusenge Honoré yashyize hanze indirimbo ikomoza ku mateka nyakuri y'ubuzima bwe,entertainment,0.9859,250,False
http://kigalipost.com/Kwibuka-25-Ishavu-rya-Senderi-wamenye-umubabaro-ukomeye-nyina-yishwemo.html,entertainment,Kwibuka 25: Ishavu rya Senderi wamenye umubabaro ukomeye nyina yishwemo,entertainment,0.9309,494,False
http://kigalipost.com/Ubwongereza-Umunyarwenya-yapfiriye-ku-rubyiniro-abantu-bakeka-ko-ari-urwenya.html,entertainment,Ubwongereza: Umunyarwenya yapfiriye ku rubyiniro abantu bakeka ko ari urwenya,entertainment,0.6782,247,False
http://kigalipost.com/Ubuhamya-bwa-Ally-Soudy-wavuze-uko-interahamwe-zabakuye-mu-kazu-k-imbwa-bari.html,entertainment,Ubuhamya bwa Ally Soudy wavuze uko interahamwe zabakuye mu kazu k'imbwa bari bihishemo,health,0.9091,512,True
http://kigalipost.com/Corneille-uteganya-igitaramo-i-Kigali-yahishuye-uburyo-mu-bukwe-bwe-umugore-we.html,entertainment,"Corneille uteganya igitaramo i Kigali, yahishuye uburyo mu bukwe bwe, umugore we yazirikanye umuryango we wishwe muri Jenoside",entertainment,0.8343,512,True
http://kigalipost.com/Asinah-yibasiye-Riderman-aramutuka-aramwandagaza.html,entertainment,Asinah yibasiye Riderman aramutuka aramwandagaza,entertainment,0.9894,512,True
http://kigalipost.com/Tom-Close-yagizwe-Umuyobozi-w-Ikigo-gishinzwe-gutanga-amaraso-Ishami-rya-Kigali.html,entertainment,"Tom Close yagizwe Umuyobozi w'Ikigo gishinzwe gutanga amaraso, Ishami rya Kigali",health,0.7406,344,False
http://kigalipost.com/Justin-Bieber-yabeshye-abafana-be-ko-we-n-umukunzi-we-bitegura-umwana.html,entertainment,"Justin Bieber yabeshye abafana be ko we n'umukunzi we bitegura umwana, ababyizeye abereka akabwana",entertainment,0.9843,512,True
http://kigalipost.com/Salax-Awards-2019-Bruce-Melodi-yatwaye-ibyo-yahataniraga-byose-Dore-abandi.html,entertainment,Salax Awards 2019: Bruce Melodie yatwaye ibyo yahataniraga byose-Dore abandi batsinze,entertainment,0.9704,389,False
http://kigalipost.com/Nicolas-Cage-yasabye-gatanya-nyuma-y-iminsi-4-gusa-akoze-ubukwe-ngo-yabukoze.html,entertainment,Nicolas Cage yasabye gatanya nyuma y'iminsi 4 gusa akoze ubukwe 'ngo yabukoze yasinze!',entertainment,0.9809,512,True
http://kigalipost.com/Umukobwa-wa-Michael-Jackson-Paris-Jackson-yanyomoje-ibyo-kwiyahura-TMZ.html,entertainment,"Umukobwa wa Michael Jackson, Paris Jackson yanyomoje ibyo kwiyahura, TMZ irabishimangira",entertainment,0.9887,361,False
http://kigalipost.com/Young-Grace-yahishuye-ko-atwite.html,entertainment,Young Grace yahishuye ko atwite,entertainment,0.9849,380,False
http://kigalipost.com/R-Kelly-yahakanye-ibyo-aregwa-ariko-aguma-muri-gereza-ku-bwo-kubura-ibihumbi.html,entertainment,R Kelly yahakanye ibyo aregwa ariko aguma muri gereza 'ku bwo kubura ibihumbi 100 $',entertainment,0.9288,512,True
http://kigalipost.com/Ku-myaka-5-y-amavuko-imfura-ya-Kim-Kardashian-na-Kanye-West-yinjiye-mu-mideri.html,entertainment,"Ku myaka 5 y'amavuko, imfura ya Kim Kardashian na Kanye West yinjiye mu mideri, ishyirwa ku gifuniko cy'ikinyamakuru",entertainment,0.9579,351,False
http://kigalipost.com/R-Kelly-yamaze-gutabwa-muri-yombi-kubera-guhohotera-no-gusambanya-abarimo.html,entertainment,R.Kelly yamaze gutabwa muri yombi kubera guhohotera no gusambanya abarimo abangavu,entertainment,0.977,512,True
http://kigalipost.com/Kim-Kardashian-yatamajwe-n-ifoto-ishaje-yashyize-ku-mbuga-nkoranyambaga-abeshya.html,entertainment,Kim Kardashian yatamajwe n'ifoto ishaje yashyize ku mbuga nkoranyambaga abeshya ko ari nshya,entertainment,0.9759,131,False
http://kigalipost.com/Rayon-Sports-yirukanye-uwari-umutoza-wayo-Javier-Martinez-Espinoza-nyuma-yo.html,sport,Rayon Sports yirukanye uwari umutoza wayo Javier Martinez Espinoza nyuma yo gutsindwa na APR FC,sport,0.9883,512,True
http://kigalipost.com/APR-FC-itsinze-Rayon-Sports-iha-Noheli-n-Ubunani-abakunzi-bayo.html,sport,APR FC itsinze Rayon Sports iha Noheli n'Ubunani abakunzi bayo,sport,0.9854,512,True
http://kigalipost.com/Mikel-Arteta-yagizwe-umutoza-mushya-wa-Arsenal.html,sport,Mikel Arteta yagizwe umutoza mushya wa Arsenal,sport,0.9809,217,False
http://kigalipost.com/UCL-R-Madrid-na-Man-City-A-Madrid-na-Liverpool-bimwe-mu-bigugu-byatomboranye.html,sport,"UCL: R. Madrid na Man City, A. Madrid na Liverpool…bimwe mu bigugu byatomboranye -Uko tombola ya 1/8 yagenze",sport,0.9917,512,True
http://kigalipost.com/Rayon-Sports-yanyagiye-Mukura-ikomeza-kurya-isataburenge-APR-FC-mbere-gato-yo.html,sport,"Rayon Sports yanyagiye Mukura, ikomeza kurya isataburenge APR FC mbere gato yo gucakirana",sport,0.989,512,True
http://kigalipost.com/Munyaneza-Didier-bita-Mbappe-yasezeranye-n-umukunzi-we.html,sport,"Munyaneza Didier bita Mbappe, yasezeranye n'umukunzi we",entertainment,0.7966,355,False
http://kigalipost.com/Amagare-Iperereza-kuri-ruswa-n-ihohotera-rishingiye-ku-gitsina-kuri-Aimable.html,sport,Amagare: Iperereza kuri ruswa n'ihohotera rishingiye ku gitsina kuri Aimable Bayingana weguye ku buyobozi bwa FERWACY,sport,0.9146,462,False
http://kigalipost.com/U-Rwanda-rwasinye-amasezerano-n-ikipe-ya-PSG-yo-mu-Bufaransa.html,sport,U Rwanda rwasinye amasezerano n'ikipe ya PSG yo mu Bufaransa,sport,0.9883,512,True
http://kigalipost.com/Lionel-Messi-yahigitse-Virgil-van-Dijk-na-Cristiano-Ronaldo-yegukana-Ballon-d.html,sport,Lionel Messi yahigitse Virgil van Dijk na Cristiano Ronaldo yegukana 'Ballon d'Or' ya 6,sport,0.9822,512,True
http://kigalipost.com/Salomon-Nirisarike-yamaze-kongera-amasezerano-muri-FC-Pyunik.html,sport,Salomon Nirisarike yamaze kongera amasezerano muri FC Pyunik,sport,0.9893,411,False
http://kigalipost.com/UEFA-Euro-2020-Ubufaransa-Ubudage-na-Portugal-mu-itsinda-ry-urupfu-Uko-tombola.html,sport,"UEFA Euro 2020: Ubufaransa, Ubudage na Portugal mu itsinda ry'urupfu - Uko tombola yagenze",sport,0.9912,512,True
http://kigalipost.com/Rayon-Sports-yakubise-ahababaza-Kiyovu-SC-ihita-isingira-umwanya-wa-kabiri-Uko.html,sport,"Rayon Sports yakubise ahababaza Kiyovu SC, ihita isingira umwanya wa kabiri -Uko shampiyona yagenze",sport,0.99,421,False
http://kigalipost.com/Arsenal-yirukanye-Unai-Emery-n-abari-bamwungirije.html,sport,Arsenal yirukanye Unai Emery n'abari bamwungirije,sport,0.9844,362,False
http://kigalipost.com/Jose-Mourinho-ni-we-wasimbuye-Mauricio-Pochettino-muri-Tottenham.html,sport,José Mourinho ni we wasimbuye Mauricio Pochettino muri Tottenham,sport,0.9829,512,True
http://kigalipost.com/CAN2021-Amavubi-yaherewe-isomo-rya-ruhango-muri-Mozambique.html,sport,CAN2021: Amavubi yaherewe isomo rya ruhango muri Mozambique,sport,0.9884,512,True
http://kigalipost.com/Klyian-Mbappe-wifuzwa-bikomeye-na-Real-Madrid-ashobora-guca-agahigo-ko-kugurwa.html,sport,Klyian Mbappe wifuzwa bikomeye na Real Madrid ashobora guca agahigo ko kugurwa akayabo,sport,0.9882,512,True
http://kigalipost.com/Rwatubyaye-yatowe-n-abafana-nk-umukinnyi-w-umwaka-wa-Switchbacks-FC.html,sport,Rwatubyaye yatowe n'abafana nk'umukinnyi w'umwaka wa Switchbacks FC,sport,0.9808,436,False
http://kigalipost.com/Ibigo-10-birimo-Rwandair-na-Radisson-Blu-bigiye-guhurira-mu-irushanwa-ry.html,sport,Ibigo 10 birimo Rwandair na Radisson Blu bigiye guhurira mu irushanwa ry'umupira w'amaguru,sport,0.9202,512,True
http://kigalipost.com/Afurika-y-Epfo-izahurira-n-Ubwongereza-ku-mukino-wa-nyuma-w-igikombe-cy-isi-cya.html,sport,Afurika y'Epfo izahurira n'Ubwongereza ku mukino wa nyuma w'igikombe cy'isi cya Rugby,sport,0.989,399,False
http://kigalipost.com/Umunsi-wa-5-wa-shampiyona-usize-APR-FC-ku-isonga-AS-kigali-ibona-itsinzi-yayo.html,sport,"Umunsi wa 5 wa shampiyona usize APR FC ku isonga, AS kigali ibona itsinzi yayo ya mbere, Rayon Sports yo iratsikira -Urutonde",sport,0.9912,512,True
http://kigalipost.com/APR-FC-yahagaritse-Sugira-Ernest.html,sport,APR FC yahagaritse Sugira Ernest,sport,0.988,512,True
http://kigalipost.com/Sugira-yongeye-gucungura-Amavubi-yasezereye-Etiyopiya-agakatisha-itike-ya-CHAN.html,sport,Sugira yongeye gucungura Amavubi yasezereye Etiyopiya agakatisha itike ya CHAN 2020,sport,0.9918,512,True
http://kigalipost.com/Amerika-Umuteramakofi-yishwe-n-ibikomere-yakuye-mu-murwano-Video.html,sport,Amerika:Umuteramakofi yishwe n'ibikomere yakuye mu murwano (Video),entertainment,0.6652,512,True
http://kigalipost.com/Visi-Perezida-wa-mbere-wa-Rayon-Sports-Twagirayezu-Thadee-na-we-yeguye.html,sport,"Visi Perezida wa mbere wa Rayon Sports, Twagirayezu Thadée na we yeguye",sport,0.9464,277,False
http://kigalipost.com/Jacques-Tuyisenge-na-Kagere-Meddie-mu-bakinnyi-27-Amavubi-yahamagaye-yitegura.html,sport,Jacques Tuyisenge na Kagere Meddie mu bakinnyi 27 Amavubi yahamagaye yitegura Tanzaniya,sport,0.9886,512,True
http://kigalipost.com/David-Luiz-yageze-mu-Rwanda-aherekejwe-na-nyina-n-umukunzi-we.html,sport,David Luiz yageze mu Rwanda aherekejwe na nyina n'umukunzi we,entertainment,0.7891,318,False
http://kigalipost.com/Kigali-Ibikubiye-mu-mpanuro-Didier-Drogba-yahaye-urubyiruko.html,sport,Kigali: Ibikubiye mu mpanuro Didier Drogba yahaye urubyiruko,sport,0.8638,512,True
http://kigalipost.com/David-Luiz-wa-Arsenal-ategerejwe-mu-Rwanda-kuri-uyu-wa-Kane.html,sport,David Luiz wa Arsenal ategerejwe mu Rwanda kuri uyu wa Kane,sport,0.9795,306,False
http://kigalipost.com/Rayon-Sports-yigaranzuye-AS-Kigali-irarara-ku-isonga-APR-FC-nayo-itsinda.html,sport,"Rayon Sports yigaranzuye AS Kigali, irarara ku isonga, APR FC nayo itsinda Bugesera",sport,0.9896,512,True
http://kigalipost.com/AS-Kigali-na-APR-FC-zigabanye-amanota-y-umunsi-wa-mbere-wa-shampiyona.html,sport,AS Kigali na APR FC zigabanye amanota y'umunsi wa mbere wa shampiyona,sport,0.9895,412,False
http://kigalipost.com/Super-Cup-AS-Kigali-yatsinze-Rayon-Sports-kuri-penaliti-iyitwara-igikombe.html,sport,Super Cup: AS Kigali yatsinze Rayon Sports kuri penaliti iyitwara igikombe kiruta ibindi,sport,0.9903,512,True
http://kigalipost.com/CAF-Confederation-Cup-AS-Kigali-na-yo-yasezerewe-mu-marushanwa-nyafurika.html,sport,CAF Confederation Cup: AS Kigali na yo yasezerewe mu marushanwa nyafurika,sport,0.9894,385,False
http://kigalipost.com/Bitunguranye-Lionel-Messi-yatowe-nk-umukinnyi-w-umwaka-mu-bihembo-FIFA-The-Best.html,sport,"Bitunguranye, Lionel Messi yatowe nk'umukinnyi w'umwaka mu bihembo 'FIFA The Best'",sport,0.9879,512,True
http://kigalipost.com/Amavubi-yakiriwe-neza-ubwo-yagarukaga-i-Kigali-akubutse-muri-Etiyopiya-Amafoto.html,sport,Amavubi yakiriwe neza ubwo yagarukaga i Kigali akubutse muri Etiyopiya -Amafoto,sport,0.9853,500,False
http://kigalipost.com/CHAN-2020-Amavubi-yatsindiye-Etiyopiya-iwayo-atera-intambwe-yerekeza-muri.html,sport,"CHAN 2020: Amavubi yatsindiye Etiyopiya iwayo, atera intambwe yerekeza muri Cameroun",sport,0.9909,402,False
http://kigalipost.com/Javier-Martinez-Espinoza-ni-we-wagizwe-umutoza-wa-Rayon-Sports.html,sport,Javier Martinez Espinoza ni we wagizwe umutoza wa Rayon Sports,sport,0.9842,231,False
http://kigalipost.com/CHAN-2020-AMAVUBI-yageze-muri-Etiyopiya.html,sport,CHAN 2020: AMAVUBI yageze muri Etiyopiya,sport,0.9904,439,False
http://kigalipost.com/Amavubi-yageze-muri-DR-Congo-AMAFOTO.html,sport,Amavubi yageze muri DR Congo (AMAFOTO),sport,0.9907,334,False
http://kigalipost.com/Cristiano-yasutse-amarira-y-agahinda-aterwa-no-gutwara-ibikombe-se-adahari.html,sport,Cristiano yasutse amarira y'agahinda aterwa no gutwara ibikombe se adahari (VIDEO),sport,0.9716,261,False
http://kigalipost.com/Lionel-Messi-yahishuye-uko-yakiriye-kuba-Barcelona-itarabashije-kugura-Neymar.html,sport,Lionel Messi yahishuye uko yakiriye kuba Barcelona itarabashije kugura Neymar,sport,0.9859,512,True
http://kigalipost.com/Xenophobe-Abanya-Nigeria-ba-mbere-bageze-i-Lagos-bahunze-urugomo-rw.html,sport,Xénophobe: Abanya-Nigeria ba mbere bageze i Lagos bahunze urugomo rw'Abanyafurika y'Epfo,politics,0.5135,365,False
http://kigalipost.com/CHAN-2020-Mashami-Vincent-yahamagaye-abakinnyi-26-bitegura-Congo-Kinshasa-na.html,sport,CHAN 2020: Mashami Vincent yahamagaye abakinnyi 26 bitegura Congo Kinshasa na Etiyopiya,sport,0.9891,512,True
http://kigalipost.com/Qatar-2022-Amavubi-yanyagiye-Seychelles-ibitego-10-mu-mikino-ibiri-ahita.html,sport,Qatar 2022: Amavubi yanyagiye Seychelles ibitego 10 mu mikino ibiri ahita yerekeza mu matsinda,sport,0.9928,512,True
http://kigalipost.com/AMAVUBI-yanyagiye-Ibirwa-bya-Seychelles-ibitego-3-0-yizera-kwinjira-mu-rugamba.html,sport,"AMAVUBI yanyagiye Ibirwa bya Seychelles ibitego 3-0, yizera kwinjira mu rugamba rw'Igikombe cy'isi -Video",sport,0.9916,512,True
http://kigalipost.com/Amavubi-yageze-muri-Seychelles-nyuma-y-iminsi-ibiri-y-urugendo-rw-inzitane.html,sport,Amavubi yageze muri Seychelles nyuma y'iminsi ibiri y'urugendo rw'inzitane,sport,0.9801,512,True
http://kigalipost.com/Haruna-Niyonzima-mu-batoza-12-babonye-Licence-C-ya-CAF.html,sport,Haruna Niyonzima mu batoza 12 babonye Licence C ya CAF,sport,0.9755,512,True
http://kigalipost.com/Perezida-Macron-yihanije-Perezida-wa-Brazil-amushinja-gutuka-umugore-we.html,sport,Perezida Macron yihanije Perezida wa Brazil amushinja gutuka umugore we,politics,0.7229,512,True
http://kigalipost.com/All-African-Games-Mugisha-Moise-yegukanye-umudali-w-Umuringa.html,sport,All-African Games: Mugisha Moïse yegukanye umudali w'Umuringa,sport,0.9824,437,False
http://kigalipost.com/Mashami-Vincent-yahamagaye-abakinnyi-25-bitegura-Seychelles-Urotonde.html,sport,Mashami Vincent yahamagaye abakinnyi 25 bitegura Seychelles -Urotonde,sport,0.9908,512,True
http://kigalipost.com/Rayon-Sports-yasezerewe-na-Al-Hilal-itarenze-umutaru-muri-CAF-Champions-League.html,sport,Rayon Sports yasezerewe na Al Hilal itarenze umutaru muri CAF Champions League,sport,0.9874,175,False
http://kigalipost.com/CAF-Confederation-Cup-AS-Kigali-yatsindiye-KMC-i-Dar-es-Salaam-irayisezerera.html,sport,CAF Confederation Cup: AS Kigali yatsindiye KMC i Dar es Salaam irayisezerera,sport,0.9915,257,False
http://kigalipost.com/Cristiano-Ronaldo-arateganya-kuzatumira-Messi-bagasangira-ifunguro.html,sport,Cristiano Ronaldo arateganya kuzatumira Messi bagasangira ifunguro,sport,0.9857,512,True
http://kigalipost.com/UEFA-Super-Cup-Amarangamutima-ya-Stephanie-Frappart-umugore-usifura-umukino-wa.html,sport,"UEFA Super Cup: Amarangamutima ya Stéphanie Frappart, umugore usifura umukino wa Liverpool na Chelsea",sport,0.9781,512,True
http://kigalipost.com/Bidasubirwaho-Robertinho-yamaze-gutandukana-na-Rayon-Sports.html,sport,Bidasubirwaho Robertinho yamaze gutandukana na Rayon Sports,sport,0.9872,459,False
http://kigalipost.com/Kigali-Arena-iratahwa-ku-mugaragaro-kuri-uyu-wa-Gatanu.html,sport,Kigali Arena iratahwa ku mugaragaro kuri uyu wa Gatanu,sport,0.9662,366,False
http://kigalipost.com/Hatanzwe-miliyari-1-41-y-amapawundi-mu-igura-n-igurishwa-ry-abakinnyi-Arsenal.html,sport,"Hatanzwe miliyari 1.41 y'amapawundi mu igura n'igurishwa ry'abakinnyi, Arsenal ni yo yasohoye menshi",sport,0.9767,512,True
http://kigalipost.com/Nicolas-Pepe-yabaye-umukinnyi-wa-mbere-uhenze-Arsenal-n-umunyafurika-uguzwe.html,sport,Nicolas Pepe yabaye umukinnyi wa mbere uhenze Arsenal n'umunyafurika uguzwe menshi,sport,0.9882,457,False
http://kigalipost.com/Abanyafurika-batatu-mu-bahatanira-ibihembo-bya-FIFA-by-abakinnyi-n-abatoza.html,sport,Abanyafurika batatu mu bahatanira ibihembo bya FIFA by'abakinnyi n'abatoza bahize abandi 2018/19,sport,0.9823,512,True
http://kigalipost.com/Brazil-Ronaldinho-wugarijwe-n-imyenda-ubutabera-bwafatiriye-pasiporo-ye.html,sport,"Brazil: Ronaldinho wugarijwe n'imyenda, ubutabera bwafatiriye pasiporo ye",sport,0.9782,425,False
http://kigalipost.com/Amavubi-azacakirana-na-Seychelles-mu-ijonjora-rya-mbere-ryo-gushaka-itike-y.html,sport,Amavubi azacakirana na Seychelles mu ijonjora rya mbere ryo gushaka itike y'igikombe cy'isi 2022,sport,0.9899,354,False
http://kigalipost.com/Gasogi-United-na-Heroes-zazamutse-mu-cyiciro-cya-mbere.html,sport,Gasogi United na Heroes zazamutse mu cyiciro cya mbere,sport,0.9913,420,False
http://kigalipost.com/Video-Umuteramakofe-w-Umurusiya-yishwe-n-ingumi-yakubiswe.html,sport,Video: Umuteramakofe w'Umurusiya yishwe n'ingumi yakubiswe,sport,0.8308,512,True
http://kigalipost.com/Imikino-nyafurika-Rayon-Sports-yatomboye-Al-Hilal-naho-AS-Kigali-itombola-KMC.html,sport,Imikino nyafurika: Rayon Sports yatomboye Al Hilal naho AS Kigali itombola KMC,sport,0.9892,419,False
http://kigalipost.com/KCCA-y-i-Bugande-ni-yo-yegukanye-CECAFA-Kagame-Cup-2019.html,sport,KCCA y'i Bugande ni yo yegukanye CECAFA Kagame Cup 2019,sport,0.9906,372,False
http://kigalipost.com/Algeria-yatsinze-Senegal-yegukana-igikombe-cya-Afurika-cya-kabiri-mu-mateka.html,sport,"Algeria yatsinze Senegal, yegukana igikombe cya Afurika cya kabiri mu mateka yayo -Amafoto",sport,0.9868,512,True
http://kigalipost.com/CECAFA-Kagame-Cup-KCCA-na-Azam-FC-nizo-zizahurira-ku-mukino-wa-nyuma.html,sport,CECAFA Kagame Cup: KCCA na Azam FC nizo zizahurira ku mukino wa nyuma,sport,0.9906,358,False
http://kigalipost.com/Amavubi-mu-itsinda-rimwe-na-Cameroun-mu-gushaka-itike-y-igikombe-cya-Afurika.html,sport,Amavubi mu itsinda rimwe na Cameroun mu gushaka itike y'igikombe cya Afurika cya 2021 -Uko amatsinda ateye,sport,0.9868,512,True
http://kigalipost.com/CAN-2019-Nigeria-yatsinze-Tuniziya-yegukana-umwanya-wa-3.html,sport,"CAN 2019: Nigeria yatsinze Tuniziya, yegukana umwanya wa 3",sport,0.987,247,False
http://kigalipost.com/CECAFA-Kagame-Cup-APR-FC-nayo-yasezerewe-amakipe-yo-mu-Rwanda-yose-abura-muri-1.html,sport,"CECAFA Kagame Cup: APR FC nayo yasezerewe, amakipe yo mu Rwanda yose abura muri 1/2",sport,0.9899,442,False
http://kigalipost.com/CECAFA-Kagame-Cup-Ibigugu-Rayon-Sports-na-TP-Mazembe-byasezerewe-Azam-FC-na.html,sport,"CECAFA Kagame Cup: Ibigugu Rayon Sports na TP Mazembe byasezerewe, Azam FC na KCCA zikatisha itike ya 1/2",sport,0.9909,494,False
http://kigalipost.com/Umwaka-w-imikino-ushize-Rayon-Sports-yinjije-miliyoni-323-149-135-Frw-ikoresha.html,sport,"Umwaka w'imikino ushize Rayon Sports yinjije miliyoni 323,149,135 Frw, ikoresha 322,740,450, yunguka ibihumbi 408 Frw",sport,0.9551,512,True
http://kigalipost.com/Munyakazi-Sadate-watorewe-kuyobora-Rayon-Sports-yijeje-kuyigeza-muri-1-2-cya.html,sport,"Munyakazi Sadate watorewe kuyobora Rayon Sports, yijeje kuyigeza muri 1/2 cya 'Champion League'",sport,0.9604,512,True
http://kigalipost.com/CAN-2019-Algerie-na-Senegal-zageze-ku-mukino-wa-nyuma.html,sport,CAN 2019: Algerie na Senegal zageze ku mukino wa nyuma,sport,0.989,470,False
http://kigalipost.com/CECAFA-Kagame-Cup-2019-Gahunda-y-uko-amakipe-azahura-muri-1-4.html,sport,CECAFA Kagame Cup 2019: Gahunda y'uko amakipe azahura muri 1/4,sport,0.9877,512,True
http://kigalipost.com/Antoine-Griezmann-yamaze-kwerekeza-muri-FC-Barcelona-Atletico-yo-igiye-kugana.html,sport,"Antoine Griezmann yamaze kwerekeza muri FC Barcelona, Atletico yo igiye kugana inkiko",sport,0.9896,512,True
http://kigalipost.com/CAN-2019-Algerie-yasezereye-Cote-d-Ivoire-Madagascar-ihagarikwa-na-Tunisie-Uko.html,sport,"CAN 2019: Algerie yasezereye Cote d'Ivoire, Madagascar ihagarikwa na Tunisie -Uko imikino ya 1/2 izakinwa",sport,0.9845,512,True
http://kigalipost.com/CECAFA-Kagame-Cup-Rayon-Sports-yatsinze-Atlabala-isanga-APR-FC-muri-1-4.html,sport,CECAFA Kagame Cup: Rayon Sports yatsinze Atlabala isanga APR FC muri 1/4,sport,0.9918,512,True
http://kigalipost.com/CAN-2019-Tuniziya-na-Cote-d-Ivoire-ziyongereye-ku-makipe-yakatishije-itike-ya-1.html,sport,CAN 2019: Tuniziya na Cote d'Ivoire ziyongereye ku makipe yakatishije itike ya 1/4 - Uko amakipe azahura,sport,0.99,497,False
http://kigalipost.com/Leta-Zunze-Ubumwe-za-Amerika-zisubije-igikombe-cy-isi-cy-abagore-muri-ruhago.html,sport,Leta Zunze Ubumwe za Amerika zisubije igikombe cy'isi cy'abagore muri ruhago zitsinze Ubuholande -Amafoto,sport,0.8771,512,True
http://kigalipost.com/CAN-2019-Cameroun-na-Misiri-zahuriye-ku-mukino-wa-nyuma-uheruka-zasezerewe.html,sport,"CAN 2019: Cameroun na Misiri zahuriye ku mukino wa nyuma uheruka, zasezerewe",sport,0.9912,512,True
http://kigalipost.com/CECAFA-Kagame-Cup-2019-APR-FC-na-Rayon-Sports-zatangiye-neza-Mukura-iratsikira.html,sport,"CECAFA Kagame Cup 2019: APR FC na Rayon Sports zatangiye neza, Mukura iratsikira -Uko imikino yose yagenze",sport,0.991,512,True
http://kigalipost.com/AS-Kigali-yegukanye-igikombe-cy-Amahoro-itsinze-Kiyovu-ku-mukino-wa-nyuma.html,sport,AS Kigali yegukanye igikombe cy'Amahoro itsinze Kiyovu ku mukino wa nyuma,sport,0.9917,512,True
http://kigalipost.com/Frank-Lampard-yamaze-kugirwa-umutoza-mushya-wa-Chelsea.html,sport,Frank Lampard yamaze kugirwa umutoza mushya wa Chelsea,sport,0.9865,455,False
http://kigalipost.com/CAN-2019-Urutonde-rw-amakipe-16-yakomeje-n-uburyo-azahura-muri-1-8.html,sport,CAN 2019: Urutonde rw'amakipe 16 yakomeje n'uburyo azahura muri 1/8,sport,0.9726,426,False
http://kigalipost.com/Igikombe-cy-Amahoro-AS-Kigali-isezereye-Rayon-Sports-yerekeza-ku-mukino-wa.html,sport,"Igikombe cy'Amahoro: AS Kigali isezereye Rayon Sports, yerekeza ku mukino wa nyuma",sport,0.9915,512,True
http://kigalipost.com/APR-FC-yirukanye-abakinnyi-16-Miggy-Iranzi-Savio-mu-birukanywe-Urutonde.html,sport,"APR FC yirukanye abakinnyi 16! Miggy, Iranzi, Savio,…mu birukanywe -Urutonde",sport,0.9844,405,False
http://kigalipost.com/Cecafa-Kagame-Cup-Rayon-Sports-na-TP-Mazembe-zizacakirana-ku-munsi-wa-kabiri.html,sport,Cecafa Kagame Cup: Rayon Sports na TP Mazembe zizacakirana ku munsi wa kabiri -Ingengabihe y'imikino yose,sport,0.9867,166,False
http://kigalipost.com/Igikombe-cy-Amahoro-Kiyovu-SC-yatsinze-Police-FC-itera-intambwe-ikomeye.html,sport,Igikombe cy'Amahoro: Kiyovu SC yatsinze Police FC itera intambwe ikomeye yerekeza kuri finali,sport,0.9904,302,False
http://kigalipost.com/Iran-Umugabo-arashinjwa-kuryamana-n-abakobwa-barenga-20-yitwaje-ko-asa-na-Messi.html,sport,Iran: Umugabo arashinjwa kuryamana n'abakobwa barenga 20 ababeshya ko ari Messi,sport,0.5719,434,False
http://kigalipost.com/CAN-2019-Nigeria-na-Misiri-zamaze-kwizera-itike-ya-1-8-RD-Congo-ijya-mu-mazi.html,sport,"CAN 2019: Nigeria na Misiri zamaze kwizera itike ya 1/8, RD Congo ijya mu mazi abira",sport,0.9903,512,True
http://kigalipost.com/Igikombe-cy-Amahoro-Rayon-Sports-y-abakinnyi-10-itsinze-AS-Kigali-mu-mukino.html,sport,Igikombe cy'Amahoro: Rayon Sports y'abakinnyi 10 itsinze AS Kigali mu mukino ubanza wa 1/2,sport,0.9896,321,False
http://kigalipost.com/Igikombe-cy-Amahoro-Rayon-Sports-na-AS-Kigali-zigiye-kongera-gucakiranira-muri.html,sport,Igikombe cy'Amahoro: Rayon Sports na AS Kigali zigiye kongera gucakiranira muri 1/2,sport,0.9907,476,False
http://kigalipost.com/Uko-byari-byifashe-mu-birori-byo-gufungura-CAN-Misiri-yatangiye-itsinda.html,sport,"Uko byari byifashe mu birori byo gufungura CAN, Misiri yatangiye itsinda Zimbabwe -Amafoto",sport,0.975,471,False
http://kigalipost.com/CECAFA-Kagame-Cup-2019-Rayon-Sports-na-TP-Mazembe-mu-itsinda-ry-urupfu.html,sport,CECAFA Kagame Cup 2019: Rayon Sports na TP Mazembe mu itsinda ry'urupfu,sport,0.9773,372,False
http://kigalipost.com/CAN-2019-Ndikumana-Seleman-yirukanwe-mu-kipe-y-igihugu-y-u-Burundi-iri-mu.html,sport,CAN 2019: Ndikumana Seleman yirukanwe mu kipe y'igihugu y'u Burundi iri mu Misiri,sport,0.9511,281,False
http://kigalipost.com/Igikombe-cy-Amahoro-1-4-Rayon-Sports-yanyagiye-Gicumbi-FC-7-1-Kiyovu-nayo-itera.html,sport,"Igikombe cy'Amahoro 1/4: Rayon Sports yanyagiye Gicumbi FC 7-1, Kiyovu nayo itera intambwe ikomeye",sport,0.9911,445,False
http://kigalipost.com/Rayon-Sports-yatumiye-abanyamuryango-mu-nama-y-inteko-rusange-izasiga-hatowe.html,sport,"Rayon Sports yatumiye abanyamuryango ba yo mu nama y'inteko rusange, izasiga hatowe inzego za komite nshya",sport,0.9826,472,False
http://kigalipost.com/Nzamwita-Vincent-DeGaule-yahamije-ko-urupfu-arirwo-rwamubuza-gutsindira.html,sport,Nzamwita Vincent DeGaule yahamije ko 'urupfu' arirwo rwamubuza gutsindira kuyobora Ferwafa!,sport,0.9777,512,True
http://kigalipost.com/Kanyankore-Gilbert-Yawunde-yahambirijwe-muri-Bugesera-FC.html,sport,Kanyankore Gilbert Yawunde yahambirijwe muri Bugesera FC,sport,0.9889,475,False
http://kigalipost.com/Ku-busabe-bwa-FIFA-ishyirahamwe-ry-umupira-w-amaguru-mu-Rwanda-FERWAFA-ryimuye.html,sport,"Ku busabe bwa FIFA, ishyirahamwe ry'umupira w'amaguru mu Rwanda(FERWAFA) ryimuye amatora",sport,0.9853,460,False
http://kigalipost.com/Ikipe-y-igihugu-y-Ubudage-yamaganye-abafana-baranzwe-n-imico-y-abanazi-ku.html,sport,Ikipe y'igihugu y'Ubudage yamaganye abafana baranzwe n'imico y'abanazi ku mukino wabahuje na Repubulika ya Tcheque,sport,0.9842,512,True
http://kigalipost.com/ICASA-2019-Abagore-b-abakuru-b-ibihugu-by-Afurika-mu-cyerekezo-kugira-Afurika.html,health,ICASA 2019: Abagore b'abakuru b'ibihugu by'Afurika mu cyerekezo kugira Afurika izira SIDA,health,0.641,512,True
http://kigalipost.com/Dore-impamvu-4-zifatwa-nk-izoroheje-nyamara-zimunga-umubano-kugeza-kuri-gatanya.html,health,Dore impamvu 4 zifatwa nk'izoroheje nyamara zimunga umubano kugeza kuri gatanya (divorce),relationship,0.9342,512,True
http://kigalipost.com/Ni-gute-wakwirinda-cyangwa-ukivura-uburwayi-bwo-kunuka-mu-kanwa.html,health,Ni gute wakwirinda cyangwa ukivura uburwayi bwo kunuka mu kanwa,health,0.9865,512,True
http://kigalipost.com/Ku-myaka-73-yibarutse-impanga.html,health,Ku myaka 73 yibarutse impanga,health,0.6638,376,False
http://kigalipost.com/Huye-Umugore-afunzwe-akekwaho-kwica-umwana-we-w-ukwezi-kumwe-amuroze.html,health,Huye: Umugore afunzwe akekwaho kwica umwana we w'ukwezi kumwe amuroze,politics,0.9904,374,False
http://kigalipost.com/Algerie-Impinja-umunani-zapfiriye-mu-nkongi-y-umuriro-yibasiye-ibitaro.html,health,Algerie: Impinja umunani zapfiriye mu nkongi y'umuriro yibasiye ibitaro,health,0.6458,279,False
http://kigalipost.com/Nyarugenge-Imibiri-irenga-100-imaze-gutabururwa-mu-rugo-rwiciwemo-abantu-muri.html,health,Nyarugenge: Imibiri irenga 100 imaze gutabururwa mu rugo rwiciwemo abantu muri Jenoside,politics,0.7848,512,True
http://kigalipost.com/Video-Ustha-Ituze-uvukana-na-Liza-Kamikazi-yasubiyemo-indirimbo-Naraye-ndose.html,health,Video: Ustha Ituze yasubiyemo indirimbo 'Naraye ndose' ya Kamaliza,entertainment,0.9301,415,False
http://kigalipost.com/Abagore-babiri-bo-muri-Kenya-baguranye-abagabo-babo.html,health,Abagore babiri bo muri Kenya baguranye abagabo babo,entertainment,0.5493,512,True
http://kigalipost.com/Kirehe-Imvura-idasanzwe-yasenye-inzu-52-n-insengero-eshatu.html,health,Kirehe: Imvura idasanzwe yasenye inzu 52 n'insengero eshatu,health,0.7168,422,False
http://kigalipost.com/Nagambanye-na-basaza-banjye-ngo-twice-umugabo-wanjye-kuko-yancaga-inyuma.html,health,Nagambanye na basaza banjye ngo twice umugabo wanjye kuko yancaga inyuma,politics,0.9633,512,True
http://kigalipost.com/RIB-yafashe-abakekwaho-kwica-umugabo-bakamusiga-mu-ivatiri-barimo-umugore-we-n.html,health,RIB yafashe abakekwaho kwica umugabo bakamusiga mu ivatiri barimo umugore we n'abasaza be,politics,0.9923,512,True
http://kigalipost.com/Umugore-n-umwana-we-bakize-Ebola-berekanywe-i-Goma-muri-Congo.html,health,Umugore n'umwana we bakize Ebola berekanywe i Goma muri Congo,health,0.9848,397,False
http://kigalipost.com/Kayonza-Umusore-yishe-mukase-amukase-umutwe.html,health,Kayonza: Umusore yishe mukase amukase umutwe,politics,0.4984,370,False
http://kigalipost.com/Gicumbi-Babiiri-bapfuye-harakekwa-ubushera-banyoye.html,health,"Gicumbi: Babiiri bapfuye, harakekwa ubushera banyoye",politics,0.848,201,False
http://kigalipost.com/Abagore-baburiwe-nyuma-y-uko-hari-uhiye-igitsina-ari-kucyotesha.html,health,Abagore baburiwe nyuma y'uko hari uhiye igitsina ari 'kucyotesha',entertainment,0.4128,512,True
http://kigalipost.com/Nyabihu-Hadutse-uburwayi-bufata-abanyeshuri-bakagwa-hasi-bakabyukana-imbaraga.html,health,Nyabihu: Hadutse uburwayi bufata abanyeshuri bakagwa hasi bakabyukana imbaraga zidasanzwe,health,0.9317,393,False
http://kigalipost.com/Ebola-Abaganga-batatu-bakekwaho-kwicisha-mugenzi-wabo-muri-RDC-batawe-muri.html,health,Ebola: Abaganga batatu bakekwaho kwicisha mugenzi wabo muri RDC batawe muri yombi,health,0.9747,511,False
http://kigalipost.com/Burundi-Abantu-1800-bamaze-guhitanwa-na-malaria-mu-2019.html,health,Burundi: Abantu 1800 bamaze guhitanwa na malaria mu 2019,health,0.9753,395,False
http://kigalipost.com/Ku-myaka-107-arahamya-ko-kudashaka-ari-ibanga-ryo-kurama.html,health,"Ku myaka 107, arahamya ko kudashaka ari ibanga ryo kurama",entertainment,0.5891,370,False
http://kigalipost.com/Umupaka-wa-Rubavu-na-Goma-uhuza-u-Rwanda-na-RDC-wafunzwe-kubera-Ebola.html,health,Umupaka wa Rubavu na Goma uhuza u Rwanda na RDC wafunzwe kubera Ebola,health,0.9695,424,False
http://kigalipost.com/RDC-Umurwayi-wa-kabiri-wagaragaweho-Ebola-i-Goma-yapfuye.html,health,"RDC: Umurwayi wa kabiri wagaragaweho Ebola i Goma, yapfuye",health,0.9667,290,False
http://kigalipost.com/Basize-isomo-ry-urukundo-Bapfuye-ku-munsi-umwe-nyuma-y-imyaka-71-bashyingiranwe.html,health,"Basize isomo ry'urukundo: Bapfuye ku munsi umwe, nyuma y'imyaka 71 bashyingiranwe",entertainment,0.6577,512,True
http://kigalipost.com/RDC-Wa-mu-pasiteri-wanduye-Ebola-wagaragaye-i-Goma-byarangiye-apfuye.html,health,"RDC: Wa mu pasiteri wanduye Ebola wagaragaye i Goma, byarangiye apfuye",health,0.9827,397,False
http://kigalipost.com/Goma-Bwa-mbere-hagaragaye-umurwayi-wa-Ebola.html,health,Goma: Bwa mbere hagaragaye umurwayi wa Ebola,health,0.98,237,False
http://kigalipost.com/Uganda-Mzee-Mukwano-nyiri-Mukwano-Group-of-Companies-yapfuye.html,health,Uganda: Mzee Mukwano nyiri 'Mukwano Group of Companies' yapfuye,health,0.9032,459,False
http://kigalipost.com/Muhanga-Umupolisi-witeguraga-ubukwe-yagonzwe-n-imodoka-yitaba-Imana.html,health,"Muhanga: Umupolisi witeguraga ubukwe, yagonzwe n'imodoka yitaba Imana",health,0.5611,241,False
http://kigalipost.com/Ibanga-ry-umunezero-w-abashakanye-mu-nama-za-Michelle-Obama.html,health,Ibanga ry'umunezero w'abashakanye mu nama za Michelle Obama,entertainment,0.8452,383,False
http://kigalipost.com/Yifashishije-Bibiliya-Ange-Kagame-yavuze-uko-yiyumva-nyuma-y-ubukwe-bwe.html,health,Yifashishije Bibiliya Ange Kagame yavuze uko yiyumva nyuma y'ubukwe bwe,entertainment,0.549,337,False
http://kigalipost.com/Ubushakashatsi-Abagabo-baryama-kare-bagira-intanga-nziza.html,health,Ubushakashatsi: Abagabo baryama kare bagira intanga nziza,health,0.9005,364,False
http://kigalipost.com/Gicumbi-Umukecuru-w-imyaka-78-arakekwaho-kwica-umugabo-we-w-imyaka-85.html,health,Gicumbi: Umukecuru w'imyaka 78 arakekwaho kwica umugabo we w'imyaka 85,health,0.6623,334,False
http://kigalipost.com/Akazi-ukora-wicaye-hamwe-kagira-ingaruka-nyinshi-mbi-ku-buzima-Menya-icyo.html,health,Akazi ukora wicaye hamwe kagira ingaruka nyinshi mbi ku buzima. Menya icyo wakora,health,0.9857,512,True
http://kigalipost.com/Afurika-y-Epfo-Bakura-amenyo-y-imbere-ngo-biyongerere-ubwiza-n-igikundiro.html,health,Afurika y'Epfo: Bakura amenyo y'imbere ngo biyongerere ubwiza n'igikundiro,relationship,0.8396,472,False
http://kigalipost.com/Uganda-Ebola-yahitanye-undi-muntu-abandi-3-mu-10-bari-mu-kato-baratoroka.html,health,"Uganda: Ebola yahitanye undi muntu, abandi 3 mu 10 bari mu kato baratoroka",health,0.9286,322,False
http://kigalipost.com/Etiyopiya-Umugore-yakoze-ikizamini-nyuma-y-iminota-30-abyaye.html,health,Etiyopiya: Umugore yakoze ikizamini nyuma y'iminota 30 abyaye,health,0.9055,423,False
http://kigalipost.com/Uganda-Hagaragaye-umurwayi-wa-Ebola.html,health,Uganda: Hagaragaye umurwayi wa Ebola,health,0.983,242,False
http://kigalipost.com/Yategetswe-n-urukiko-guhembera-umugore-we-imirimo-yo-mu-rugo-yakoze-yose.html,health,Yategetswe n'urukiko guhembera umugore we imirimo yo mu rugo yakoze yose,politics,0.9764,429,False
http://kigalipost.com/Kwizera-uheruka-kurushinga-n-umugore-umurusha-imyaka-27-afunzwe-akurikiranyweho.html,health,"Kwizera uheruka kurushinga n'umugore umurusha imyaka 27, afunzwe akurikiranyweho gutera inda umwana",politics,0.9952,391,False
http://kigalipost.com/VIDEO-Dr-Murugu-yazanye-ibisubizo-ku-ndwara-y-igicuri-kutabyara-umubyibuho.html,health,"VIDEO: Dr Murugu yazanye ibisubizo ku ndwara y'igicuri, kutabyara, umubyibuho ukabije n'izindi zananiranye",health,0.9825,288,False
http://kigalipost.com/Binyavanga-wari-impirimbanyi-y-uburenganzira-bw-abatinganyi-muri-Kenya-yapfuye.html,health,Binyavanga wari impirimbanyi y'uburenganzira bw'abatinganyi muri Kenya yapfuye,entertainment,0.574,512,True
http://kigalipost.com/Muhanga-Yabwiwe-ko-babyaye-umwana-upfuye-bagiye-kureba-umurambo-basanga-ni.html,health,"Muhanga: Yabwiwe ko babyaye umwana upfuye, bagiye kureba umurambo basanga ni muzima",health,0.9475,512,True
http://kigalipost.com/Isomo-ry-ubuzima-wakwigira-kuri-Cassidy-umwana-wavutse-nta-zuru-n-amaso-agira.html,health,"Isomo ry'ubuzima wakwigira kuri Cassidy, umwana wavutse nta zuru n'amaso agira",health,0.9515,512,True
http://kigalipost.com/Ku-myaka-81-y-amavuko-yabonanye-bwa-mbere-na-nyina-umubyara.html,health,Ku myaka 81 y'amavuko yabonanye bwa mbere na nyina umubyara,entertainment,0.497,501,False
http://kigalipost.com/Batandukanijwe-ku-myaka-5-bongera-kubonana-nyuma-y-imyaka-12-baza-kurushinga.html,health,"Bakundanye mu bwana, ku myaka 5 baraburana, bongera kubonana nyuma y'imyaka 12, baza kurushinga",entertainment,0.9808,512,True
http://kigalipost.com/Igitera-impatwe-constipation-ku-ruhinja-iterwa-uko-yakwirindwa-n-uko-ivurwa.html,health,"Igitera impatwe (constipation) ku ruhinja, uko yakwirindwa n'uko ivurwa",health,0.9859,512,True
http://kigalipost.com/Kenya-Impanga-zatandukanyijwe-zikivuka-zongeye-guhuzwa-na-Facebook-nyuma-y.html,health,Kenya: Impanga zatandukanyijwe zikivuka zongeye guhuzwa na Facebook nyuma y'imyaka 19 (VIDEO),entertainment,0.7221,512,True
http://kigalipost.com/Inyungu-5-umubiri-ukura-mu-gufatana-ifunguro-ubwitonzi.html,health,Inyungu 5 umubiri ukura mu gufatana ifunguro ubwitonzi,health,0.9854,512,True
http://kigalipost.com/Icyo-umubyeyi-yakora-ngo-yirinde-kwangiriza-umugongo-nyuma-yo-kubyara.html,health,Icyo umubyeyi yakora ngo yirinde kwangiriza umugongo nyuma yo kubyara,health,0.9838,512,True
http://kigalipost.com/Dr-Murugu-uvura-yifashishije-ibimera-yabwiye-abifuza-gutakaza-ibiro-mu-gihe.html,health,Dr Murugu uvura yifashishije ibimera yabwiye abifuza gutakaza ibiro mu gihe gito ko bacikanwe,health,0.9865,458,False
http://kigalipost.com/Kamonyi-Hari-abakirarana-n-amatungo-batinya-ubujura-bwayakorerwa-araye-hanze.html,health,Kamonyi : Hari abakirarana n'amatungo batinya ubujura bwayakorerwa araye hanze,economy,0.8647,428,False
http://kigalipost.com/Umwana-w-imyaka-10-yapfuye-nyuma-yo-kurwanira-ku-ishuri.html,health,Umwana w'imyaka 10 yapfuye nyuma yo kurwanira ku ishuri,entertainment,0.767,246,False
http://kigalipost.com/Kamonyi-Abavuye-Iwawa-barahamagarirwa-kwishyira-hamwe-bakerekwa-uburyo-bafashwa.html,health,Kamonyi: Abavuye Iwawa barahamagarirwa kwishyira hamwe bakerekwa uburyo bafashwa,economy,0.7093,512,True
http://kigalipost.com/Muhanga-Ubuyobozi-buravuga-ko-mu-kuvugutira-umuti-indaya-ziri-gusenya-ingo.html,health,"Muhanga: Ubuyobozi buravuga ko mu kuvugutira umuti indaya ziri gusenya ingo, bahereye mu muryango",health,0.9591,512,True
http://kigalipost.com/Kamonyi-Bamwe-mu-babyeyi-bafite-abana-bafite-ikibazo-cy-imirire-mibi.html,health,Kamonyi: Bamwe mu babyeyi bafite abana bafite ikibazo cy'imirire mibi bacumbikiwe mu bitaro,health,0.9711,512,True
http://kigalipost.com/Nyagatare-Umugabo-yasanganywe-imirambo-y-abana-bane-mu-nzu.html,health,Nyagatare: Umugabo yasanganywe imirambo y'abana bane mu nzu,politics,0.9903,328,False
http://kigalipost.com/Kubyara-ubazwe-Cesarienne-bishobora-gushwanyura-umura-Dore-ingaruka-nyinshi.html,health,Kubyara ubazwe (Césarienne) bishobora gushwanyura umura. Dore ingaruka nyinshi zabyo,health,0.9588,512,True
http://kigalipost.com/Asipirine-ikinini-kigabanya-ibyago-byo-kurwara-kanseri-zitandukanye.html,health,"Asipirine, ikinini kigabanya ibyago byo kurwara kanseri zitandukanye",health,0.9841,278,False
http://kigalipost.com/Umunya-Kenya-Dr-Murugu-arahamagarira-abanyarwanda-bafite-indwara-zananiranye.html,health,"Umunya-Kenya, Dr Murugu arahamagarira abanyarwanda bafite indwara zananiranye kumugana ku ivuriro rye rishya i Nyarutarama",health,0.9864,418,False
http://kigalipost.com/Nyagatare-Yatwikishije-umugore-Essence-amuziza-ko-yamuteranyije-n-umukunzi-we.html,health,Nyagatare: Yatwikishije umugore Essence amuziza ko yamuteranyije n'umukunzi we,relationship,0.6226,339,False
http://kigalipost.com/Umunya-Kenya-Dr-Murugu-uvurisha-ibimera-azatangira-gukorera-mu-Rwanda-mu.html,health,"Umunya-Kenya, Dr Murugu uvurisha ibimera azatangira gukorera mu Rwanda mu cyumweru gitaha",health,0.9819,512,True
http://kigalipost.com/Gatsata-Umurambo-w-umuturage-wakuwe-mu-musarani.html,health,Gatsata: Umurambo w'umuturage wakuwe mu musarani,politics,0.6065,512,True
http://kigalipost.com/Ubukwe-bwa-Mukaperezida-n-umusore-arusha-imyaka-27-bwatashye-ikinege-cye.html,health,"Ubukwe bwa Mukaperezida n'umusore arusha imyaka 27 bwatashye, ikinege cye kitabishaka -AMAFOTO",health,0.6911,512,True
http://kigalipost.com/Umunya-Kenya-Dr-Murugu-uvura-yifashishije-ibimera-yamaze-kwandikisha-ibitaro.html,health,"Umunya-Kenya, Dr Murugu uvura yifashishije ibimera yamaze kwandikisha ibitaro bye mu Rwanda",health,0.9807,512,True
http://kigalipost.com/Burera-Umunyeshuri-w-imyaka-12-yafatiwe-ku-ngufu-muri-dortoire-mu-gicuku.html,health,"Burera: Umunyeshuri w'imyaka 12, yafatiwe ku ngufu muri 'dortoire' mu gicuku",politics,0.5834,410,False
http://kigalipost.com/Dr-Murugu-wamamaye-muri-Kenya-mu-kuvura-indwara-zananiranye-yifashishije.html,health,Dr Murugu wamamaye muri Kenya mu kuvura indwara zananiranye yifashishije ibiribwa n'ibimera yageze n'i Kigali,health,0.9846,512,True
http://kigalipost.com/Gasabo-Umugabo-yishe-umugore-we-amushyingura-mu-rugo.html,health,Gasabo: Umugabo yishe umugore we amushyingura mu rugo,health,0.6653,512,True
http://kigalipost.com/RDB-yanditse-ishoramari-rirenga-gato-miliyari-2-z-amadorali-ya-Amerika-mu-2018.html,health,RDB yanditse ishoramari rirenga gato miliyari 2 z'amadorali ya Amerika mu 2018,economy,0.9899,512,True
http://kigalipost.com/Kuki-havuka-abahungu-benshi-kurusha-abakobwa-buri-mwaka.html,health,Kuki havuka abahungu benshi kurusha abakobwa buri mwaka?,relationship,0.2946,379,False
http://kigalipost.com/USA-Ababarirwa-muri-40-bamaze-kwicwa-n-icyorezo-cy-ibicurane-i-Californie.html,health,USA: Ababarirwa muri 40 bamaze kwicwa n'icyorezo cy'ibicurane,politics,0.8185,158,False
http://kigalipost.com/Philippines-Abantu-68-bamaze-guhitanwa-n-imvura-idasanzwe-Amafoto.html,health,Philippines: Abantu 68 bamaze guhitanwa n'imvura idasanzwe -Amafoto,health,0.9742,372,False
http://kigalipost.com/Umugore-yijugunye-muri-Nyabarongo-ahetse-umwana.html,health,Umugore yijugunye muri Nyabarongo ahetse umwana,relationship,0.6073,247,False
http://kigalipost.com/Umunyamakuru-Benjamin-GICUMBI-yateye-ivi-yambika-impeta-Delphine-Umuhoza.html,health,Umunyamakuru Benjamin 'GICUMBI' yateye ivi yambika impeta Delphine Umuhoza bakoranaga -Amafoto,entertainment,0.9183,512,True
http://kigalipost.com/Kamonyi-Abantu-5-bari-baheze-mu-nda-y-isi-amasaha-asaga-30-bakuwemo-ari-bazima.html,health,"Kamonyi: Abantu 5 bari baheze mu nda y'isi amasaha asaga 30, bakuwemo ari bazima -Amafoto",health,0.9834,512,True
http://kigalipost.com/Ku-rukundo-rw-ubuzima-bwanjye-Umutoma-Ange-Kagame-yandikiye-Billy-nyuma-yo.html,health,Amagambo yuje imitoma ya Ange Kagame ku mugabo wamusabye ndetse no ku muryango we,health,0.3777,512,True
http://kigalipost.com/NTIBISANZWE-I-Rusizi-umukecuru-usatira-imyaka-70-aratwite.html,health,"NTIBISANZWE: I Rusizi, umukecuru usatira imyaka 70 aratwite",health,0.8808,512,True
http://kigalipost.com/Menya-uko-wakwita-ku-ruhu-rw-umwana-kuva-akivuka.html,health,Menya uko wakwita ku ruhu rw'umwana kuva akivuka,health,0.9814,512,True
http://kigalipost.com/Kigeme-Abasigajwe-inyuma-n-amateka-banduye-SIDA-bazahazwa-no-kubura-indyo.html,health,Kigeme: Abasigajwe inyuma n'amateka banduye SIDA bazahazwa no kubura indyo yuzuye,health,0.988,512,True
http://kigalipost.com/Huye-Hari-abagabo-bumva-ko-uburinganire-bwaje-kubangamira-ubutware-bwabo-mu-ngo.html,health,Huye: Hari abagabo bumva ko uburinganire bwaje kubangamira ubutware bwabo mu ngo,health,0.7313,512,True
http://kigalipost.com/Thailand-Abana-b-impanga-bafite-imyaka-6-y-amavuko-bashyingiranywe.html,health,"Thailand: Abana b'impanga bafite imyaka 6 y'amavuko, bashyingiranywe",health,0.5352,364,False
http://kigalipost.com/Umukecuru-Zula-Karuhimbi-warokoye-Abatutsi-barenga-100-muri-Jenoside.html,health,"Umukecuru Zula Karuhimbi warokoye Abatutsi barenga 100 muri Jenoside, yatabarutse",health,0.8419,334,False
http://kigalipost.com/Sobanukirwa-n-uko-imiti-yo-kuboneza-urubyaro-ikora-n-ukuri-ku-bihuha-bivugwa-ku.html,health,Sobanukirwa n'uko imiti yo kuboneza urubyaro ikora n'ukuri ku bihuha bivugwa ku ngaruka zayo,health,0.9866,292,False
http://kigalipost.com/Kicukiro-Umugabo-n-umugore-baketsweho-gusambana-hitabazwa-gupima-amakariso-yabo.html,health,Kicukiro: Umugabo n'umugore baketsweho gusambana hitabazwa gupima amakariso yabo,health,0.9817,490,False
http://kigalipost.com/Burera-Umugabo-yishe-umugore-we-amutemesheje-umuhoro.html,health,Burera: Umugabo yishe umugore we amutemesheje umuhoro,politics,0.9903,472,False
http://kigalipost.com/Perezida-Kagame-yasabye-ko-hafatwa-ingamba-zikumira-amavuta-atukuza.html,health,Perezida Kagame yasabye ko hafatwa ingamba zikumira amavuta atukuza,health,0.9371,272,False
http://kigalipost.com/Kirehe-Umunyeshuri-wakoraga-ibizamini-bya-leta-yitabye-Imana.html,health,Kirehe: Umunyeshuri wakoraga ibizamini bya leta yitabye Imana,health,0.9718,355,False
http://kigalipost.com/Uburyo-abagabo-bica-buhoro-buhoro-ariko-nta-gushidikanya-urukundo-rw-abagore-babo.html,health,Uburyo abagabo bica buhoro buhoro ariko nta gushidikanya urukundo rw'abagore babo,relationship,0.959,512,True
http://kigalipost.com/Kwambara-inkweto-ndende-uburyo-bwo-kuberwa-ariko-butera-uburwayi-bukomeye.html,health,"Kwambara inkweto ndende, uburyo bwo kuberwa ariko butera uburwayi bukomeye",health,0.9801,512,True
http://kigalipost.com/Kigali-RIB-yatangije-iperereza-k-umugore-wahanutse-mu-igorofa-ya-10-muri-Hotel.html,health,"Kigali: RIB yatangije iperereza k'umugore wahanutse mu igorofa ya 10 muri Hotel, bikekwa ko yiyahuye",politics,0.9872,316,False
http://kigalipost.com/Ibibazo-6-by-ingenzi-wibaza-kugira-ngo-wubake-umubano-uhamye-n-uwo-muzarushinga.html,health,Ibibazo 6 by'ingenzi wibaza kugira ngo wubake umubano uhamye n'uwo muzarushinga,relationship,0.9677,512,True
http://kigalipost.com/Uretse-SIDA-menya-indwara-umubyeyi-yakwanduza-umwana-mu-gihe-amutwite.html,health,"Uretse SIDA, menya indwara umubyeyi yakwanduza umwana mu gihe amutwite",health,0.9865,512,True
http://kigalipost.com/Rusizi-Umugabo-ari-gushakishwa-nyuma-yo-gusambanya-umwana-w-imyaka-14-akamuha.html,health,Rusizi: Umugabo ari gushakishwa nyuma yo gusambanya umwana w'imyaka 14 akamuha 2000Frw,politics,0.9886,512,True
http://kigalipost.com/Kuma-mu-kanwa-xerostomie-indwara-isuzugurwa-kandi-yica.html,health,"Kuma mu kanwa, xérostomie; indwara isuzugurwa kandi yica",health,0.9863,512,True
http://kigalipost.com/Imiterere-y-abantu-ukurikije-ubwoko-bw-amaraso-yabo-Groupe-Sanguin.html,health,Imiterere y'abantu ukurikije ubwoko bw'amaraso yabo(Groupe Sanguin),health,0.9869,512,True
http://kigalipost.com/RIB-yaburijemo-umugambi-wo-kwica-umugore-witwa-Nzitukuze-wacuzwe-n-umugabo-we.html,health,"RIB yaburijemo umugambi wo kwica umugore witwa Nzitukuze wacuzwe n'umugabo we, amoko kimwe mu byo bapfaga!",politics,0.9954,512,True
http://kigalipost.com/Gakenke-Yasanzwe-mu-mazi-yapfuye-apfunyitswe-mu-mufuka-Amafoto.html,health,Gakenke: Yasanzwe mu mazi yapfuye apfunyitswe mu mufuka (Amafoto),health,0.6932,353,False
http://kigalipost.com/Dore-uburyo-10-bwagufasha-kugabanya-ibinure-n-ubunini-bwo-mu-nda.html,health,Dore uburyo 10 bwagufasha kugabanya ibinure n'ubunini bwo mu nda,health,0.979,512,True
http://kigalipost.com/Birashyushye-Safi-Madiba-nyuma-yo-kubengwa-na-Knowless-na-Parfine-birangiye.html,health,"Birashyushye, Safi Madiba nyuma yo kubengwa na Knowless na Parfine, birangiye arushinze na Judithe",entertainment,0.9843,512,True
http://kigalipost.com/Nyuma-y-imyaka-75-babana-umusaza-warwanye-intambara-ya-2-y-isi-n-umukecuru-we.html,health,"Nyuma y'imyaka 75 babana, umusaza warwanye intambara ya 2 y'isi n'umukecuru we batabarukiye rimwe",health,0.9678,512,True
http://kigalipost.com/Gisagara-Umugabo-n-umwana-w-imyaka-7-bishwe-batemaguwe.html,health,Gisagara: Umugabo n'umwana w'imyaka 7 bishwe batemaguwe,politics,0.5141,512,True
http://kigalipost.com/MOMBASA-Esther-Mbabazi-umunyarwandakazi-wa-mbere-watwaye-indeye-yarushinganye-n.html,health,"MOMBASA: Esther Mbabazi, umunyarwandakazi wa mbere watwaye indege yarushinganye n'umunyamuziki -AMAFOTO",religion,0.5135,408,False
http://kigalipost.com/Burera-Inkuba-yakubise-abana-babiri-bavukana-umwe-ahasiga-ubuzima.html,health,Burera: Inkuba yakubise abana babiri bavukana umwe ahasiga ubuzima,health,0.9734,315,False
http://kigalipost.com/Rulindo-Umugabo-yishe-umwana-wa-mukuru-we-amujombaguye-ibyuma-mu-mutwe.html,health,Rulindo: Umugabo yishe umwana wa mukuru we amujombaguye ibyuma mu mutwe,health,0.971,512,True
http://kigalipost.com/Ibyago-biterwa-no-kwishushanya-ku-mubiri-tattoo.html,health,Ibyago biterwa no kwishushanya ku mubiri (tattoo),health,0.902,314,False
http://kigalipost.com/Ibibazo-10-ugomba-kubaza-umuganga-mbere-yo-kubagwa.html,health,Ibibazo 10 ugomba kubaza umuganga mbere yo kubagwa,health,0.9826,512,True
http://kigalipost.com/Nyagatare-Umugore-yataye-umwana-mu-bwogero-bw-umukuru-w-umudugudu-ahita-acika.html,health,Nyagatare: Umugore yataye umwana mu bwogero bw'umukuru w'umudugudu ahita acika,health,0.9697,512,True
http://kigalipost.com/Amakosa-akomeye-akorerwa-ku-meza-agatera-uburwayi-bw-igifu.html,health,Amakosa akomeye akorerwa ku meza agatera uburwayi bw'igifu,health,0.9852,302,False
http://kigalipost.com/Nyaruguru-Amakimbirane-yo-mu-ngo-yatumye-hashyirwaho-inzu-rusange-yo.html,health,Nyaruguru: Amakimbirane yo mu ngo yatumye hashyirwaho inzu rusange yo kwahukaniramo,health,0.9628,512,True
http://kigalipost.com/Perezida-Kagame-yageneye-ubutumwa-busoza-umwaka-igisirikare-n-inzego-z.html,politics,"Perezida Kagame yageneye ubutumwa busoza umwaka, igisirikare n'inzego z'umutekano -Dore ibikubiyemo",politics,0.9939,512,True
http://kigalipost.com/Col-Byabagamba-na-Rusagara-urukiko-rw-ubujurire-rwabagabanyirije-igifungo.html,politics,"Col Byabagamba na Rusagara urukiko rw'ubujurire rwabagabanyirije igifungo, bakatirwa 15",politics,0.9954,512,True
http://kigalipost.com/RDC-Muzito-wahoze-ari-Minisitiri-w-Intebe-yasabye-Congo-gutera-u-Rwanda.html,politics,RDC: Muzito wahoze ari Minisitiri w'Intebe yasabye Congo gutera u Rwanda ikarwegukana,politics,0.9946,512,True
http://kigalipost.com/Abagize-umuryango-wa-Perezida-Kagame-na-bo-bitanze-mu-gikorwa-cyo-gufasha-buri.html,politics,Abagize umuryango wa Perezida Kagame na bo bitanze mu gikorwa cyo gufasha buri rugo gutunga Smart Phone,economy,0.9327,512,True
http://kigalipost.com/Urubanza-rwa-Nsabimana-Callixte-Sankara-rwasubitswe.html,politics,Urubanza rwa Nsabimana Callixte 'Sankara' rwasubitswe,politics,0.9954,512,True
http://kigalipost.com/Kamonyi-Umurambo-w-umuturage-wasanzwe-mu-biro-by-Akagari.html,politics,Kamonyi: Umurambo w'umuturage wasanzwe mu biro by'Akagari,politics,0.868,512,True
http://kigalipost.com/Urukiko-rwemeje-ko-uburaya-atari-icyaha-muri-Nigeria.html,politics,Urukiko rwemeje ko uburaya atari icyaha muri Nigeria,politics,0.9837,294,False
http://kigalipost.com/Igihugu-gihagaze-neza-Pe-Perezida-Kagame.html,politics,Igihugu gihagaze neza Pe!-Perezida Kagame,politics,0.9927,512,True
http://kigalipost.com/Leta-ifitiye-abaturage-miliyari-zisaga-17-z-imitungo-yangijwe-n-ibikorwa-by.html,politics,Leta ifitiye abaturage miliyari zisaga 17 z'imitungo yangijwe n'ibikorwa by'inyumgu rusange,politics,0.9867,503,False
http://kigalipost.com/Abadepite-bateguye-igikorwa-cyo-gusura-abaturage-mu-gihugu-hose-hibandwa-ku.html,politics,Abadepite bateguye igikorwa cyo gusura abaturage mu gihugu hose hibandwa ku bikorwa remezo,economy,0.6489,512,True
http://kigalipost.com/Dr-Nteziryayo-Faustin-yagizwe-Perezida-w-Urukiko-rw-Ikirenga-asimbuye-Prof-Sam.html,politics,Dr Nteziryayo Faustin yagizwe Perezida w'Urukiko rw'Ikirenga asimbuye Prof Sam Rugege,politics,0.9946,388,False
http://kigalipost.com/Politiki-nziza-n-imiyoborere-myiza-ni-ibyita-ku-buzima-muri-byose-Perezida.html,politics,"Politiki nziza n'imiyoborere myiza, ni ibyita ku buzima muri byose-Perezida Kagame",health,0.9469,512,True
http://kigalipost.com/Ibyemezo-by-Inama-y-Abaminisitiri-idasanzwe-yateranye-kuwa-Kane-tariki-ya-28.html,politics,Ibyemezo by'Inama y'Abaminisitiri idasanzwe yateranye kuwa Kane tariki ya 28 Ugushyingo 2019,politics,0.9947,512,True
http://kigalipost.com/Bugesera-Sena-y-u-Rwanda-yateguye-umwiherero-no-kwifatanya-n-abaturage-mu.html,politics,Bugesera: Sena y'u Rwanda yateguye umwiherero no kwifatanya n'abaturage mu muganda rusange,politics,0.9925,512,True
http://kigalipost.com/Gahunda-yo-kwimurira-mu-ntara-bimwe-mu-bigo-bya-Leta-igeze-he.html,politics,Gahunda yo kwimurira mu ntara bimwe mu bigo bya Leta igeze he?,politics,0.9919,512,True
http://kigalipost.com/U-Rwanda-ku-isonga-mu-kugira-abagore-benshi-mu-buyobozi-muri-Afurika.html,politics,U Rwanda ku isonga mu kugira abagore benshi mu buyobozi muri Afurika,politics,0.9936,512,True
http://kigalipost.com/Irindi-tsinda-ry-impunzi-117-zivuye-muri-Libya-zageze-mu-Rwanda.html,politics,Irindi tsinda ry'impunzi 117 zivuye muri Libya zageze mu Rwanda,politics,0.5283,512,True
http://kigalipost.com/Min-Nduhungirehe-yakuyeho-urujijo-ku-cyateye-isubikwa-ry-inama-ya-EAC.html,politics,Min Nduhungirehe yakuyeho urujijo ku cyateye isubikwa ry'inama ya EAC,politics,0.9853,512,True
http://kigalipost.com/Perezida-Kagame-yahamagariye-ibihugu-bigize-G20-gushora-imari-mu-Rwanda.html,politics,Perezida Kagame yahamagariye ibihugu bigize G20 gushora imari mu Rwanda,politics,0.9813,512,True
http://kigalipost.com/Muraza-kutubona-Perezida-Kagame-yaburiye-abari-imbere-mu-gihugu-bagambirira.html,politics,Muraza kutubona! Perezida Kagame yaburiye abari imbere mu gihugu bagambirira guhungabanya umudendezo wacyo,politics,0.9935,512,True
http://kigalipost.com/U-Rwanda-rwashyikirije-Uganda-imibiri-y-abaturage-bayo-barashwe-bashaka.html,politics,U Rwanda rwashyikirije Uganda imibiri y'abaturage bayo barashwe bashaka kwinjiza magendu,politics,0.9538,512,True
http://kigalipost.com/Perezida-Kagame-yasabye-ko-hakemurwa-ikibazo-cy-imanza-zitarangizwa-zarabaye.html,politics,Perezida Kagame yasabye ko hakemurwa ikibazo cy'imanza zitarangizwa zarabaye itegeko,politics,0.995,512,True
http://kigalipost.com/Perezida-Kagame-yakoze-impinduka-nyinshi-muri-Guverinoma-hagaragara-Minisiteri.html,politics,"Perezida Kagame yakoze impinduka nyinshi muri Guverinoma, hagaragara Minisiteri nshya",politics,0.995,512,True
http://kigalipost.com/Perezida-Kagame-yitabiriye-inama-ku-ikoranabuhanga-n-itumanaho-muri-Qatar.html,politics,Perezida Kagame yitabiriye inama ku ikoranabuhanga n'itumanaho (ICT) muri Qatar,technology,0.5495,512,True
http://kigalipost.com/Amerika-Umudepite-yeguye-kubera-gusambana.html,politics,Amerika: Umudepite yeguye kubera gusambana,entertainment,0.3735,382,False
http://kigalipost.com/Perezida-Trump-yemeje-iyicwa-rya-Abu-Bakr-al-Baghdadi-umukuru-wa-IS.html,politics,"Perezida Trump yemeje iyicwa rya Abu Bakr al-Baghdadi, umukuru wa IS",politics,0.9806,512,True
http://kigalipost.com/Perezida-Kagame-yitabiriye-inama-y-iminsi-ibiri-ihuza-Afurika-n-u-Burusiya.html,politics,Perezida Kagame yitabiriye inama y'iminsi ibiri ihuza Afurika n'u Burusiya,politics,0.9876,512,True
http://kigalipost.com/Ange-Kagame-yashimiye-se-mu-kumwifuriza-isabukuru-nziza.html,politics,Ange Kagame yashimiye se mu kumwifuriza isabukuru nziza,politics,0.5589,210,False
http://kigalipost.com/Perezida-Paul-Kagame-yizihije-isabukuru-y-imyaka-62-amaze-avutse-INCAMAKE-Y.html,politics,Perezida Paul Kagame yizihije isabukuru y'imyaka 62 amaze avutse – INCAMAKE Y'AMATEKA YE,history,0.445,512,True
http://kigalipost.com/Perezida-Kagame-yatashye-Icyambu-gishya-kidakora-ku-mazi-k-i-Masaka.html,politics,Perezida Kagame yatashye Icyambu gishya kidakora ku mazi k'i Masaka,economy,0.9881,512,True
http://kigalipost.com/Rusizi-Hatewe-grenade-mu-mujyi-wa-Kamembe-ikomeretse-bane.html,politics,Rusizi: Hatewe grenade mu mujyi wa Kamembe ikomeretse bane,politics,0.9808,278,False
http://kigalipost.com/Dr-Iyamuremye-Augustin-ni-we-watorewe-kuba-Perezida-muri-manda-ya-gatatu-ya.html,politics,Dr Iyamuremye Augustin ni we watorewe kuba Perezida muri manda ya gatatu ya Sena,politics,0.9948,512,True
http://kigalipost.com/Manda-ya-3-ya-Sena-iratangira-uyu-munsi-icyo-abaturage-bayitezeho.html,politics,"Manda ya 3 ya Sena iratangira uyu munsi, icyo abaturage bayitezeho",politics,0.994,512,True
http://kigalipost.com/Perezida-Kagame-yakiriye-David-Luiz-na-Didier-Drogba-mu-bihe-bitandukanye.html,politics,Perezida Kagame yakiriye David Luiz na Didier Drogba mu bihe bitandukanye,sport,0.8653,512,True
http://kigalipost.com/Minisitiri-w-Intebe-wa-Etiyopiya-Abiy-Ahmed-yegukanye-igihembo-cy-amahoro-cy.html,politics,"Minisitiri w'Intebe wa Etiyopiya, Abiy Ahmed yegukanye igihembo cy'amahoro cy'ijana cya Nobel",politics,0.9764,344,False
http://kigalipost.com/Izindi-mpunzi-123-zivuye-muri-Libya-zageze-mu-Rwanda.html,politics,Izindi mpunzi 123 zivuye muri Libya zageze mu Rwanda,politics,0.5374,512,True
http://kigalipost.com/Umunyamerika-Gregg-Schoof-yirukanwe-ku-butaka-bw-u-Rwanda.html,politics,Umunyamerika Gregg Schoof yirukanwe ku butaka bw'u Rwanda,religion,0.7183,512,True
http://kigalipost.com/Perezida-Kagame-yafunguye-uruganda-rwa-mbere-muri-Afurika-rukora-telefoni.html,politics,Perezida Kagame yafunguye uruganda rwa mbere muri Afurika rukora telefoni,economy,0.8368,454,False
http://kigalipost.com/Abantu-19-mu-bagabye-igitero-i-Musanze-bishwe-batanu-bafatwa-mpiri-bavuga-ko.html,politics,"Abantu 19 mu bagabye igitero i Musanze bishwe, batanu bafatwa mpiri bavuga ko batumwe na FDLR",politics,0.9912,512,True
http://kigalipost.com/Murangwa-Hadidja-yatorewe-gusimbura-Uwamurera-Salama-muri-Sena.html,politics,Murangwa Hadidja yatorewe gusimbura Uwamurera Salama muri Sena,politics,0.9933,397,False
http://kigalipost.com/PDI-ntiyanyuzwe-no-kuba-umukandida-wayo-atemerewe-kujya-muri-Sena.html,politics,PDI ntiyanyuzwe no kuba umukandida wayo atemerewe kujya muri Sena,politics,0.9933,512,True
http://kigalipost.com/Nyagatare-Hasojwe-ukwezi-ko-Gusoma-no-Kwandika-hazirikanwa-abafite-ubumuga-bwo.html,politics,Nyagatare: Hasojwe ukwezi ko Gusoma no Kwandika hazirikanwa abafite ubumuga bwo kutabona,education,0.5438,512,True
http://kigalipost.com/Robert-Mugabe-yashyinguwe-mu-cyaro-avukamo.html,politics,Robert Mugabe yashyinguwe mu cyaro avukamo,politics,0.6555,235,False
http://kigalipost.com/Kamonyi-Ubudasa-mu-muganda-wo-gusoma-witabiriwe-n-abana-n-ababyeyi-babo-Amafoto.html,politics,Kamonyi: Ubudasa mu muganda wo gusoma witabiriwe n'abana n'ababyeyi babo -Amafoto,politics,0.9507,512,True
http://kigalipost.com/Bidasubirwaho-Robert-Mugabe-ntazashyingurwa-ku-irimbi-ry-intwari.html,politics,"Bidasubirwaho, Robert Mugabe ntazashyingurwa ku irimbi ry'intwari",politics,0.6883,295,False
http://kigalipost.com/Impunzi-66-za-mbere-ziturutse-muri-Libya-zageze-mu-Rwanda-Amafoto.html,politics,Impunzi 66 za mbere ziturutse muri Libya zageze mu Rwanda -Amafoto,politics,0.9295,318,False
http://kigalipost.com/Jacques-Chirac-wayoboye-Ubufaransa-yapfuye.html,politics,Jacques Chirac wayoboye Ubufaransa yapfuye,politics,0.6116,495,False
http://kigalipost.com/Gen-Mudacumura-wayoboraga-FDLR-FOCA-uherutse-kwicwa-yasimbuwe-na-Gen-Pacifique.html,politics,"Gen Mudacumura wayoboraga FDLR-FOCA uherutse kwicwa, yasimbuwe na Gen Pacifique Ntawunguka",politics,0.9884,512,True
http://kigalipost.com/Gasana-wahoze-ayobora-WDA-mu-bantu-8-bafunzwe-bakekwaho-gukoresha-nabi-umutungo.html,politics,Gasana wahoze ayobora WDA mu bantu 8 bafunzwe bakekwaho gukoresha nabi umutungo wa Leta,politics,0.9937,270,False
http://kigalipost.com/Perezida-Kagame-yashyizeho-Abasenateri-bane-bashya-barimo-Nyirasafari-na.html,politics,Perezida Kagame yashyizeho Abasenateri bane bashya barimo Nyirasafari na Mukabaramba,politics,0.9936,455,False
http://kigalipost.com/Ibihugu-bya-EAC-byemeje-ko-ku-wa-Gatanu-hazajya-hambarwa-imyenda-yakorewe-mu.html,politics,Ibihugu bya EAC byemeje ko ku wa Gatanu hazajya hambarwa imyenda yakorewe mu karere,economy,0.8504,512,True
http://kigalipost.com/RDC-Ingabo-za-Congo-zishe-Sylvestre-Mudacumura-wayoboraga-umutwe-wa-wa-FDLR.html,politics,RDC: Ingabo za Congo zishe Sylvestre Mudacumura wayoboraga umutwe wa FDLR,politics,0.9949,327,False
http://kigalipost.com/I-Kigali-hateraniye-inama-yiga-ku-masezerano-u-Rwanda-na-Uganda-byasinyanye.html,politics,I Kigali hateraniye inama yiga ku masezerano u Rwanda na Uganda byasinyanye,politics,0.9955,512,True
http://kigalipost.com/Umurambo-w-umukambwe-Robert-Mugabe-wagejejwe-muri-Zimbabwe.html,politics,Umurambo w'umukambwe Robert Mugabe wagejejwe muri Zimbabwe,politics,0.9751,352,False
http://kigalipost.com/Perezida-Kagame-ubwe-yinjiye-mu-kibazo-cy-umukobwa-ushinja-umushoramari.html,politics,Perezida Kagame ubwe yinjiye mu kibazo cy'umukobwa ushinja umushoramari kumuhohotera,politics,0.9938,512,True
http://kigalipost.com/U-Rwanda-rwasinye-amasezerano-yo-kwakira-impunzi-z-Abanyafurika-ziri-muri-Libya.html,politics,U Rwanda rwasinye amasezerano yo kwakira impunzi z'Abanyafurika ziri muri Libya,politics,0.9857,344,False
http://kigalipost.com/Minisitiri-Nyirasafari-yakanguriye-abanyarwanda-kudasoma-ibisukika-gusa.html,politics,"Minisitiri Nyirasafari yakanguriye abanyarwanda 'kudasoma ibisukika gusa', abashishikariza 'gusoma n'ibitabo'",politics,0.9106,512,True
http://kigalipost.com/Robert-Mugabe-wayoboye-Zimbabwe-yatabarutse-ku-myaka-95-y-amavuko.html,politics,Robert Mugabe wayoboye Zimbabwe yatabarutse ku myaka 95 y'amavuko,politics,0.8831,210,False
http://kigalipost.com/Ubwongereza-Murumuna-wa-Minisitiri-w-Intebe-Boris-Johnson-yeguye-mu-Nteko-no.html,politics,Ubwongereza: Murumuna wa Minisitiri w'Intebe Boris Johnson yeguye mu Nteko no muri Guverinoma,politics,0.9933,360,False
http://kigalipost.com/Afurika-y-Epfo-yafunze-ambasade-yayo-muri-Nigeria.html,politics,Afurika y'Epfo yafunze ambasade yayo muri Nigeria,economy,0.9557,512,True
http://kigalipost.com/Gabon-Ali-Bongo-yerekeje-mu-Bwongereza-ariko-ntagiye-mu-bitaro.html,politics,"Gabon: Ali Bongo yerekeje mu Bwongereza ariko ""ntagiye mu bitaro""",health,0.5042,305,False
http://kigalipost.com/Bissau-Haciwe-agahigo-ko-gufata-cocaine-igera-kuri-toni-hafi-ebyiri.html,politics,Bissau: Haciwe agahigo ko gufata cocaïne igera kuri toni hafi ebyiri,economy,0.6702,512,True
http://kigalipost.com/Ngororero-Ba-Visi-Meya-bombi-na-Gitifu-w-akarere-beguriye-rimwe.html,politics,Ngororero: Ba Visi Meya bombi na Gitifu w'akarere beguriye rimwe,politics,0.9928,359,False
http://kigalipost.com/Abanyabrasil-basabye-imbabazi-Brigitte-Macron-watutswe-na-perezida-wabo.html,politics,Abanyabrasil basabye imbabazi Brigitte Macron watutswe na perezida wabo,politics,0.4161,500,False
http://kigalipost.com/Nouvelle-Zelande-Ifoto-ya-Perezida-w-Inteko-Ishinga-Amategeko-aha-amata.html,politics,Nouvelle-Zelande: Ifoto ya Perezida w'Inteko Ishinga Amategeko aha amata uruhinja mu ngoro yatangariwe,politics,0.9123,512,True
http://kigalipost.com/Angola-Ingingo-zikubiye-mu-masezerano-yashyizweho-umukono-na-Perezida-Kagame-na.html,politics,Angola: Ingingo zikubiye mu masezerano yashyizweho umukono na Perezida Kagame na Museveni,politics,0.9947,512,True
http://kigalipost.com/Perezida-Kagame-na-Museveni-bumvikanye-kurangiza-ibibazo.html,politics,Perezida Kagame na Museveni bumvikanye kurangiza ibibazo,politics,0.995,449,False
http://kigalipost.com/Bamwe-mu-banyeshuri-bafata-ifunguro-ku-ishuri-bavuga-ko-badahaga.html,politics,Bamwe mu banyeshuri bafata ifunguro ku ishuri bavuga ko badahaga,education,0.747,512,True
http://kigalipost.com/Kicukiro-Abajura-babiri-barashwe-bagerageza-kurwanya-Polisi-barapfa.html,politics,Kicukiro: Abajura babiri barashwe bagerageza kurwanya Polisi barapfa,health,0.5075,482,False
http://kigalipost.com/Rubingisa-Pudence-yatorewe-kuba-Meya-w-Umujyi-wa-Kigali.html,politics,Rubingisa Pudence yatorewe kuba Meya w'Umujyi wa Kigali,politics,0.9951,419,False
http://kigalipost.com/Banki-y-Isi-yanyomoje-ibivugwa-ko-u-Rwanda-ruhimba-imibare-y-abavuye-mu-bukene.html,politics,Banki y'Isi yanyomoje ibivugwa ko u Rwanda ruhimba imibare y'abavuye mu bukene,economy,0.9525,512,True
http://kigalipost.com/Perezida-Kagame-na-Madamu-Jeannette-Kagame-mu-ruzinduko-rw-iminsi-3-muri.html,politics,Perezida Kagame na Madamu Jeannette Kagame mu ruzinduko rw'iminsi 3 muri Namibia,economy,0.7217,356,False
http://kigalipost.com/U-Buyapani-bwemereye-u-Rwanda-inguzanyo-ya-miliyoni-91-yo-kurwanya-imirire-mibi.html,politics,U Buyapani bwemereye u Rwanda inguzanyo ya miliyoni 91$ yo kurwanya imirire mibi,economy,0.9858,512,True
http://kigalipost.com/Perezida-Kagame-yashyizeho-abajyanama-5-mu-Nama-Njyanama-y-Umujyi-wa-Kigali.html,politics,Perezida Kagame yashyizeho abajyanama 5 mu Nama Njyanama y'Umujyi wa Kigali,politics,0.9953,221,False
http://kigalipost.com/Gukamya-icyuzi-cya-Ruramira-cyajugunywemo-imibiri-y-abatutsi-birarimbanyije.html,politics,Gukamya icyuzi cya Ruramira cyajugunywemo imibiri y'abatutsi birarimbanyije,politics,0.7987,512,True
http://kigalipost.com/Iki-cyumweru-kirarangira-Umujyi-wa-Kigali-ufite-abayobozi-bashya.html,politics,Iki cyumweru kirarangira Umujyi wa Kigali ufite abayobozi bashya,politics,0.9803,512,True
http://kigalipost.com/Abarenga-600-biga-muri-IPRC-Kigali-bamaze-amezi-5-FARG-itabaha-buruse.html,politics,Abarenga 600 biga muri IPRC Kigali bamaze amezi 5 FARG itabaha buruse,health,0.9615,512,True
http://kigalipost.com/Perezida-Kagame-yasabye-Abanyarwanda-guhugukira-gukoresha-Ikinyarwanda-kinoze.html,politics,Perezida Kagame yasabye Abanyarwanda guhugukira gukoresha Ikinyarwanda kinoze,politics,0.9042,490,False
http://kigalipost.com/Banki-y-Isi-yijeje-u-Rwanda-ubufatanye-mu-gukumira-Ebola.html,politics,Banki y'Isi yijeje u Rwanda ubufatanye mu gukumira Ebola,health,0.9684,512,True
http://kigalipost.com/Centrafrique-Abapolisi-bamenyesheje-guverinoma-ko-bashobora-kwigaragambya.html,politics,Centrafrique: Abapolisi bamenyesheje guverinoma ko bashobora kwigaragambya,politics,0.9886,244,False
http://kigalipost.com/Perezida-Kagame-yageze-muri-Zambia-mu-ifungurwa-ry-ishami-rya-SDGs.html,politics,Perezida Kagame yageze muri Zambia mu ifungurwa ry'ishami rya SDGs,politics,0.9933,374,False
http://kigalipost.com/U-Rwanda-na-DRC-byemeranije-kugabanya-urujya-n-uruza-hagamijwe-gukumira-Ebola.html,politics,U Rwanda na DRC byemeranije kugabanya urujya n'uruza hagamijwe gukumira Ebola,health,0.9849,409,False
http://kigalipost.com/Perezida-Kagame-yitabiriye-isinywa-ry-amasezerano-y-amahoro-n-ubwiyunge-i.html,politics,Perezida Kagame yitabiriye isinywa ry'amasezerano y'amahoro n'ubwiyunge i Maputo,politics,0.9884,512,True
http://kigalipost.com/Musanze-Perezida-Kagame-yafunguye-ku-mugaragaro-Singita-Kwitonda-Lodge-Amafoto.html,politics,Musanze: Perezida Kagame yafunguye ku mugaragaro Singita Kwitonda Lodge -Amafoto,politics,0.9866,262,False
http://kigalipost.com/Umupaka-uhuza-Goma-na-Rubavu-wongeye-kuba-nyabagendwa.html,politics,Umupaka uhuza Goma na Rubavu wongeye kuba nyabagendwa,health,0.9711,512,True
http://kigalipost.com/Umuhungu-wa-Ben-Laden-yari-yasigiye-ubuyobozi-bwa-Al-Qaida-ngo-yaba-yarapfuye.html,politics,Umuhungu wa Ben Laden yari yasigiye ubuyobozi bwa Al-Qaïda ngo yaba yarapfuye,politics,0.8877,512,True
http://kigalipost.com/Etiyopiya-yatangije-umugambi-wo-gutera-ibiti-miliyoni-200-mu-munsi-umwe.html,politics,Etiyopiya yatangije umugambi wo gutera ibiti miliyoni 200 mu munsi umwe,politics,0.974,432,False
http://kigalipost.com/Nigeria-Inzoka-yatumye-abadepite-basohoka-igitaraganya-mu-Nteko-yabo-barahunga.html,politics,Nigeria: Inzoka yatumye abadepite basohoka igitaraganya mu Nteko yabo barahunga,politics,0.9165,330,False
http://kigalipost.com/Tuniziya-Perezida-Beji-Caid-Essebsi-wari-ukuze-kurusha-abandi-bose-yatabarutse.html,politics,"Tuniziya: Perezida Beji Caid Essebsi wari ukuze kurusha abandi bose, yatabarutse",politics,0.9714,220,False
http://kigalipost.com/Uganda-Bidasubirwaho-Bobi-Wine-azayimamaza-mu-matora-ya-Perezida-mu-2021.html,politics,Uganda: Bidasubirwaho Bobi Wine azayimamaza mu matora ya Perezida mu 2021,politics,0.9427,512,True
http://kigalipost.com/Perezida-Kagame-yabonanye-n-Igikomangoma-Charles-cy-u-Bwongereza.html,politics,Perezida Kagame yabonanye n'Igikomangoma Charles cy'u Bwongereza,politics,0.9914,280,False
http://kigalipost.com/Boris-Johnson-ni-we-watsindiye-kuba-Minisitiri-w-Intebe-w-Ubwongereza.html,politics,Boris Johnson ni we watsindiye kuba Minisitiri w'Intebe w'Ubwongereza,politics,0.9922,180,False
http://kigalipost.com/Kenya-Minisitiri-w-Imari-yatawe-muri-yombi-ashinjwa-ruswa.html,politics,Kenya: Minisitiri w'Imari yatawe muri yombi ashinjwa ruswa,politics,0.7641,379,False
http://kigalipost.com/Ubufaransa-Habonetse-ibisigazwa-by-ubwato-bwari-bumaze-imyaka-50-bwaraburiwe.html,politics,Ubufaransa: Habonetse ibisigazwa by'ubwato bwari bumaze imyaka 50 bwaraburiwe irengero,health,0.5495,350,False
http://kigalipost.com/Constantin-Tuyishimire-ukorera-Radio-Tv1-hashize-iminsi-itatu-aburiwe-irengero.html,politics,Constantin Tuyishimire ukorera Radio/Tv1 hashize iminsi itatu aburiwe irengero,politics,0.9925,415,False
http://kigalipost.com/Perezida-Kagame-yashyizeho-abahagararira-u-Rwanda-mu-mahanga-bashya.html,politics,Perezida Kagame yashyizeho abahagararira u Rwanda mu mahanga bashya,politics,0.988,305,False
http://kigalipost.com/Prof-Romain-Murenzi-yongeye-kugirirwa-icyizere-cyo-kuyobora-Inteko-y-intiti-mu.html,politics,Prof Romain Murenzi yongeye kugirirwa icyizere cyo kuyobora Inteko y'intiti mu bya siyansi ku isi,economy,0.8287,367,False
http://kigalipost.com/Polisi-yasobanuye-ikibazo-cy-abanyamakuru-bavuga-ko-bahohotewe-n-abarinda.html,politics,Polisi yasobanuye ikibazo cy'abanyamakuru bavuga ko bahohotewe n'abarinda umukuru w'igihugu,politics,0.7598,388,False
http://kigalipost.com/Ubushinwa-bwahagurukiye-kugabanya-kwikinisha-mu-basirikari-babwo.html,politics,Ubushinwa bwahagurukiye kugabanya kwikinisha mu basirikari babwo,politics,0.9824,311,False
http://kigalipost.com/Indoneziya-Hagaragaye-inzoka-y-imitwe-ibiri.html,environment,Indoneziya: Hagaragaye inzoka y'imitwe ibiri,tourism,0.462,221,False
http://kigalipost.com/Isake-Maurice-yatsinze-urubanza-yaregagwamo-gusakuriza-abaturanyi.html,environment,"Isake, Maurice yatsinze urubanza yaregagwamo gusakuriza abaturanyi",politics,0.9496,505,False
http://kigalipost.com/Umugabo-arashinjwa-kurunguruka-abagore-barenga-550-i-Madrid.html,health,Umugabo arashinjwa kurunguruka abagore barenga 550 i Madrid,health,0.5559,477,False
http://kigalipost.com/Gasabo-Umurambo-w-umugabo-wasanzwe-mu-modoka.html,health,Gasabo: Umurambo w'umugabo wasanzwe mu modoka,politics,0.9653,442,False
http://kigalipost.com/Amanyo-526-yakuwe-mu-kanwa-k-umwana-w-imyaka-7.html,health,Amenyo 526 yakuwe mu kanwa k'umwana w'imyaka 7,health,0.9848,307,False
http://kigalipost.com/Ku-myaka-6-gusa-ni-umuherwe-abikesha-YouTube.html,economy,"Ku myaka 6 gusa, ni umuherwe abikesha YouTube",entertainment,0.9785,443,False
http://kigalipost.com/Umurambo-we-wabonetse-inyuma-ya-frigo-nyuma-y-imyaka-10-aburiwe-irengero.html,health,Umurambo we wabonetse inyuma ya frigo nyuma y'imyaka 10 aburiwe irengero,health,0.6585,411,False
http://kigalipost.com/Miss-Mwiseneza-Josiane-yapfushije-umubyeyi.html,entertainment,Miss Mwiseneza Josiane yapfushije umubyeyi,entertainment,0.9588,142,False
http://kigalipost.com/Nigeria-Umugabo-yafatiwe-ku-ibaba-ry-indege-yitegura-gufata-ikirere.html,health,Nigeria: Umugabo yafatiwe ku ibaba ry'indege yitegura gufata ikirere (Video),technology,0.5734,288,False
http://kigalipost.com/Ubuhinde-Umugabo-yarumwe-n-inzoka-arihorera-nawe-arayiruma-barapfana.html,health,"Ubuhinde: Umugabo yarumwe n'inzoka, arihorera nawe arayiruma barapfana",health,0.9699,246,False
http://kigalipost.com/AMAFOTO-Amaze-imyaka-40-atogosha-atanoga-imisatsi.html,health,AMAFOTO: Amaze imyaka 40 atogosha atanoga imisatsi,religion,0.8831,270,False
http://kigalipost.com/Amerika-Umugabo-yaciye-igitsina-cya-mugenzi-we-wamucaga-inyuma.html,relationship,Amerika: Umugabo yaciye igitsina cya mugenzi we wamucaga inyuma,health,0.6105,372,False
http://kigalipost.com/Yirukanywe-mu-ndege-kuko-yambaye-ishati-igaragaza-amabere.html,culture,Yirukanywe mu ndege kuko yambaye ishati igaragaza amabere,health,0.7599,418,False
http://kigalipost.com/Ububiligi-Abagendera-ku-magare-bigaragambije-bambaye-ubusa-Amafoto.html,sport,Ububiligi: Abagendera ku magare bigaragambije bambaye ubusa -Amafoto,health,0.4395,399,False
http://kigalipost.com/Umukecuru-w-imyaka-102-arakekwaho-kwica-umuturanyi-we.html,health,Umukecuru w'imyaka 102 arakekwaho kwica umuturanyi we,politics,0.6557,330,False
http://kigalipost.com/Washington-yabaye-leta-ya-mbere-ya-Amerika-yemeye-ko-umuntu-wapfuye-azajya.html,health,Washington yabaye leta ya mbere ya Amerika yemeye ko umuntu wapfuye azajya ahindurwa ifumbire,health,0.4877,512,True
http://kigalipost.com/Polonye-Bwa-mbere-mu-mateka-umubyeyi-yibarutse-abana-batandatu.html,health,Polonye: Bwa mbere mu mateka umubyeyi yibarutse abana batandatu,health,0.8521,385,False
http://kigalipost.com/Video-Umwana-w-umukobwa-w-imyaka-5-y-amavuko-yahanutse-mu-igorofa-ya-11-ya.html,health,"Video: Umwana w'imyaka 5 y'amavuko yahanutse mu igorofa ya 11 ya hoteli asinziriye, ntiyapfa",health,0.9802,440,False
http://kigalipost.com/Umukobwa-yagishije-inama-kuri-Instagram-yo-gupfa-no-kubaho-bamuhitiramo-gupfa.html,health,"Umukobwa yagishije inama kuri Instagram yo 'gupfa no kubaho' bamuhitiramo gupfa, arabikora",entertainment,0.9495,354,False
http://kigalipost.com/Ubuhamya-bw-umukecuru-w-imyaka-95-ugitwara-imodoka-yaguze-Ububiligi.html,health,Ubuhamya bw'umukecuru w'imyaka 95 ugitwara imodoka yaguze Ububiligi bugikoloniza u Rwanda,politics,0.5108,512,True
http://kigalipost.com/USA-Idini-ya-Satani-yahawe-uburenganzira-bwo-gukora-byemewe-n-amategeko.html,religion,USA: Idini ya Satani yahawe uburenganzira bwo gukora byemewe n'amategeko,religion,0.9229,353,False
http://kigalipost.com/Cote-d-Ivoire-Padiri-wakekagwaho-gusambanya-abana-yiyahuye.html,religion,"Cote d'Ivoire: Padiri wakekagwaho gusambanya abana, yiyahuye asiga yanditse ubutumwa bwicuza",religion,0.4934,512,True
http://kigalipost.com/Umugore-yagaruye-ubwenge-nyuma-y-imyaka-27-muri-koma.html,health,"Umugore yagaruye ubwenge nyuma y'imyaka 27 muri koma, ubu yatangiye gutembera no gusenga!",health,0.9085,512,True
http://kigalipost.com/Umusore-yikinishirije-imbere-y-umukobwa-ukina-imikino-njyarugamba-MMA.html,sport,"Umusore yikinishirije imbere y'umukobwa ukina imikino njyarugamba (MMA), aramukubita -Amafoto",entertainment,0.7301,512,True
http://kigalipost.com/Umuyapani-yabaye-umusare-navigateur-wa-mbere-ufite-ubumuga-bwo-kutabona.html,health,Umuyapani yabaye umusare (navigateur) wa mbere ufite ubumuga bwo kutabona wambutse inyanja ya Pasifika,health,0.752,512,True
http://kigalipost.com/Ubufaransa-Imodoka-iparitse-ku-rukuta-cy-igorofa-yateye-urujijo.html,entertainment,Ubufaransa: Imodoka iparitse ku rukuta rw'igorofa yateye urujijo,entertainment,0.9652,275,False
http://kigalipost.com/Umuherwe-yapfuye-agerageza-kongeresha-ingano-y-igitsina-cye.html,health,Umuherwe yapfuye agerageza kongeresha ingano y'igitsina cye,health,0.9644,292,False
http://kigalipost.com/Karidinali-w-igikomerezwa-i-Vatican-yahamijwe-gusambanya-abana-b-abahungu.html,religion,Karidinali w'igikomerezwa i Vatican yahamijwe gusambanya no gukorera ihohotera rishingiye ku gitsina abana,religion,0.9679,512,True
http://kigalipost.com/Umunyamiderikazi-yagurishije-ubusugi-bwe-muri-cyamunara-ngo-ashimishe-nyina.html,fashion,Uyu munyamiderikazi yagurishije ubusugi bwe mu cyamunara ngo ashimishe nyina (AMAFOTO),entertainment,0.5006,436,False
http://kigalipost.com/Ubufaransa-Mu-gushyigikira-abatinganyi-amagambo-Se-na-Nyina-yasimbujwe-mu.html,politics,"Ubufaransa: Mu gushyigikira abatinganyi, amagambo 'Se' na 'Nyina' yasimbujwe mu mashuri",politics,0.5971,512,True
http://kigalipost.com/Ifoto-y-intare-ebyiri-z-ingabo-zo-muri-Tanzaniya-zahuje-urugwiro-yegukanye.html,environment,"Ifoto y'intare ebyiri z'ingabo zo muri Tanzaniya zahuje urugwiro, yegukanye igihembo cy'ifoto y'umwaka",history,0.7033,351,False
http://kigalipost.com/Umunyamerikakazi-yakoze-ubukwe-n-igipupe-cya-zombie.html,relationship,Umunyamerikakazi yakoze ubukwe n'igipupe cy'umuzimu 'zombie' -Amafoto,entertainment,0.9227,512,True
http://kigalipost.com/Yabuze-mu-1999-ari-umwana-ufite-imyaka-14-yongeye-kuboneka-ari-muzima-mu-2019.html,health,"Yabuze mu 1999 ari umwana ufite imyaka 14, yongeye kuboneka ari muzima mu 2019",health,0.537,512,True
http://kigalipost.com/Umwana-w-imyaka-itatu-wari-wabuze-yarokowe-n-idubu-bararanye-amajoro-abiri-mu.html,health,"Umwana w'imyaka itatu wari wabuze, yaba yarokowe n'idubu (ours) bararanye amajoro abiri mu ishyamba",health,0.3773,512,True
http://kigalipost.com/Umugore-yafashwe-n-indwara-idasanzwe-yo-kutumva-ijwi-ry-abagabo.html,health,Umugore yafashwe n'indwara idasanzwe yo kutumva ijwi ry'abagabo,health,0.4489,321,False
http://kigalipost.com/Brazil-Imvura-y-ibitagangurirwa-mu-kirere-cya-Minas-Gerais-iherutse-gutungura.html,environment,Brazil: Imvura y'ibitagangurirwa mu kirere cya Minas Gerais iherutse gutungura benshi (VIDEO),health,0.5318,434,False
http://kigalipost.com/Malaisie-Ibyihariye-ku-rukundo-rw-Umwami-uheruka-guhara-ingoma-akihitiramo-Miss.html,relationship,"Malaisie: Ibyihariye ku rukundo rw'Umwami uheruka guhara ingoma, akihitiramo 'Miss Moscow' wasambanye (Amafoto)",entertainment,0.8993,512,True
http://kigalipost.com/Nyarugenge-Umusore-akurikiranyweho-gusambanya-abana-bo-mu-muhanda-bahuje.html,health,Nyarugenge: Umusore akurikiranyweho gusambanya abana bo mu muhanda bahuje igitsina,politics,0.9635,445,False
http://kigalipost.com/Ububiligi-Umuganga-yakatiwe-gufungwa-imyaka-8-azira-gusambanya-umwuzukuru-we-w.html,health,Ububiligi: Umuganga yakatiwe gufungwa imyaka 8 azira gusambanya umwuzukuru we w'amezi 5,health,0.9308,325,False
http://kigalipost.com/Misiri-Bashenguwe-n-amashusho-y-abakerarugendo-bakoreye-imibonano-mpuzabitsina.html,culture,Misiri: Bashenguwe n'amashusho y'abakerarugendo bakoreye imibonano mpuzabitsina ku gasongero ka 'Piramide za Gizeh',relationship,0.7657,338,False
http://kigalipost.com/Kigali-Camera-zerekanye-abagore-bari-kwiba-inzoga-mu-iguriro-bakazihisha-mu.html,economy,Kigali: Camera zerekanye abagore bari kwiba inzoga mu iguriro bakazihisha mu makariso (Video),economy,0.8737,512,True
http://kigalipost.com/Umwana-w-umukobwa-w-imyaka-10-yibarutse-umuhungu.html,health,Umwana w'umukobwa w'imyaka 10 yibarutse umuhungu!,health,0.9575,221,False
http://kigalipost.com/Yiyemeye-kuri-bagenzi-be-bituma-amarana-umwaka-ikiyiko-mu-muhogo.html,health,Yiyemeye kuri bagenzi be bituma amarana umwaka ikiyiko mu muhogo,health,0.9824,294,False
http://kigalipost.com/Roma-Ku-butaka-bwa-Vatican-hasanzwe-ibisigazwa-by-imibiri.html,health,Roma: Ku butaka bwa Vatican hasanzwe ibisigazwa by'imibiri,religion,0.9821,512,True
http://kigalipost.com/Ubuyapani-Igikomangomakazi-cyemeye-gusezera-umuryango-wa-cyami-kubera-urukundo.html,relationship,Ubuyapani: Igikomangomakazi cyemeye gusezera umuryango wa cyami kubera urukundo,relationship,0.337,438,False
http://kigalipost.com/Dore-inkweto-z-abagore-zigura-hafi-miliyari-15-AMAFOTO.html,economy,Dore inkweto z'abagore zigura hafi miliyari 15 (AMAFOTO),economy,0.4994,121,False
http://kigalipost.com/Ifoto-y-umugeni-ibeshya-benshi-ku-ikubitiro-Uti-bimeze-gute.html,entertainment,Ifoto y'umugeni ibeshya benshi ku ikubitiro -Uti bimeze gute?,relationship,0.345,231,False
http://kigalipost.com/Inyoni-ebyiri-z-ingabo-zo-mu-bwoko-bwa-pingouins-zabyaranye.html,environment,Inyoni ebyiri z'ingabo zo mu bwoko bwa pingouins zabyaranye,history,0.4629,401,False
http://kigalipost.com/Umusore-yafashe-ku-ngufu-umukecuru-w-imyaka-100.html,health,Umusore yafashe ku ngufu umukecuru w'imyaka 100,health,0.9449,234,False
http://kigalipost.com/WARI-UZI-KO-Hari-hashize-imyaka-25-nta-weekendi-yihirika-New-York-hatarashwe.html,history,WARI UZI KO: Hari hashize imyaka 25 nta weekendi yihirika New York hatarashwe isasu? Ibi byabaye...,health,0.9094,512,True
http://kigalipost.com/Ububiligi-Ukina-filime-z-ubusambanyi-ari-kwiyamamaza-mu-matora-y-Intara.html,entertainment,Ububiligi: Ukina filime z'ubusambanyi ari kwiyamamaza mu matora y'Intara,entertainment,0.6581,472,False
http://kigalipost.com/Nyamirambo-Umukobwa-yabuze-amafaranga-yo-kwishyura-umumotari-amuvanamo-inkweto.html,economy,Nyamirambo: Umukobwa yabuze amafaranga yo kwishyura umumotari amuvanamo inkweto (Amafoto),health,0.5959,486,False
http://kigalipost.com/Imbwa-yari-yashimuswe-ikanakomereka-yabashije-kwijyana-kwa-muganga-nyirayo.html,environment,"Imbwa yari yashimuswe, ikanakomereka yabashije kwijyana kwa muganga nyirayo arongera arayibona -Video",health,0.9849,397,False
http://kigalipost.com/Afurika-y-Epfo-Inzuki-zateye-indege-bikerereza-ingendo-hitabazwa-abavumvu.html,environment,"Afurika y'Epfo: Inzuki zateye indege bikerereza ingendo, hitabazwa abavumvu",economy,0.8276,234,False
http://kigalipost.com/Bakoresheje-intanga-z-umwana-wabo-wapfuye-ngo-babone-umwuzukuru.html,health,Bakoresheje intanga z'umwana wabo wapfuye ngo babone umwuzukuru,health,0.9711,383,False
http://kigalipost.com/Ibiro-67-bya-Cocaine-byasanzwe-mu-nanasi-i-Madrid.html,economy,Ibiro 67 bya Cocaine byasanzwe mu nanasi i Madrid,sport,0.8166,433,False
http://kigalipost.com/Ubushakashatsi-Pekin-umwe-mu-mijyi-y-ibihugu-izaba-itagituwe-mu-2070-kubera.html,environment,"Ubushakashatsi: Pekin, umwe mu mijyi y'ibihugu izaba itagituwe mu 2070 kubera ubushyuhe n'imihindagurikire y'ikirere",technology,0.6119,512,True
http://kigalipost.com/Uburayi-Ubushyuhe-bumaze-kwica-batatu-umusozi-wari-muremure-urashonga-utakaza.html,environment,"Uburayi: Ubushyuhe bumaze kwica batatu, umusozi wari muremure washonze utakaza agahigo",politics,0.9856,512,True
http://kigalipost.com/Papa-Francis-yahinduye-Gatigisimu-ku-birebana-n-igihano-cy-urupfu.html,religion,Papa Francis yahinduye Gatigisimu ku birebana n'igihano cy'urupfu,religion,0.6953,348,False
http://kigalipost.com/Ubuhinde-Abagabo-8-bari-guhigishwa-uruhindu-kubera-gusambanya-ihene.html,environment,Ubuhinde: Abagabo 8 bari guhigishwa uruhindu kubera gusambanya ihene bikayiviramo urupfu,politics,0.9128,239,False
http://kigalipost.com/Rusizi-Umugeni-yabenzwe-abimenyera-ku-rusengero-ku-munsi-w-ubukwe-akuramo.html,relationship,"Rusizi: Umugeni yabenzwe abimenyera ku rusengero ku munsi w'ubukwe, akuramo agatimba yurira moto arataha",religion,0.9765,512,True
http://kigalipost.com/Imbwa-yahagaritse-igitaraganya-indege-yari-yafashe-ikirere.html,environment,Imbwa yahagaritse igitaraganya indege yari yafashe ikirere,technology,0.9646,219,False
http://kigalipost.com/Karongi-Umugore-araregwa-guta-umwana-w-abaturanyi-mu-cyobo-cy-imyanda.html,health,Karongi: Umugore araregwa guta umwana w'abaturanyi mu 'cyobo cy'imyanda',health,0.8024,512,True
http://kigalipost.com/Ubwirakabiri-bw-ukwezi-kw-amaraso-kuzagaragara-mu-Rwanda-kwaba-ari-ikimenyetso.html,environment,Ubwirakabiri bw'ukwezi kw'amaraso kuzagaragara mu Rwanda kwaba ari ikimenyetso cy'imperuka,health,0.9582,512,True
http://kigalipost.com/Iran-irashinja-Israel-kubibira-ibicu-bitanga-imvura.html,politics,Iran irashinja Israel kubibira ibicu bitanga imvura,politics,0.9304,282,False
http://kigalipost.com/CECAFA-Kagame-Cup-Kagere-Meddie-yatangiye-neza-muri-Simba-SC-akubita-ahababaza.html,sport,CECAFA Kagame Cup: Kagere Meddie yatangiye neza muri Simba SC akubita ahababaza APR FC,sport,0.9917,397,False
http://kigalipost.com/Yabonye-musaza-we-atari-azi-bahitamo-gushyingiranwa.html,relationship,Yabonye musaza we atari azi bahitamo gushyingiranwa,entertainment,0.7464,333,False
http://kigalipost.com/Umupadiri-yahagaritswe-ku-mirimo-ye-azira-kwigisha-abayoboke-akoresheje-injyana.html,religion,Umupadiri yahagaritswe ku mirimo ye azira kwigisha abayoboke akoresheje injyana ya Rap,religion,0.5711,366,False
http://kigalipost.com/Abambaye-ubusa-bakoze-umutanbagiro-wo-kwigaragambya-mu-mihanda-y-i-Buruseri.html,sport,Abambaye ubusa bakoze umutanbagiro wo kwigaragambya mu mihanda y'i Buruseli (AMAFOTO),politics,0.9783,319,False
http://kigalipost.com/Ubufaransa-Jocelin-Sparapan-yegukanye-irushanwa-ry-igihugu-ry-abafite-ubwanwa.html,entertainment,Ubufaransa: Jocelin Sparapan yegukanye irushanwa ry'igihugu ry'abafite ubwanwa bwihariye -Amafoto,entertainment,0.8205,512,True
http://kigalipost.com/Bwa-mbere-mu-mateka-abagore-bo-muri-Arabia-Saudite-bahawe-impushya-zo-gutwara.html,culture,"Bwa mbere mu mateka, abagore bo muri Arabia Saudite bahawe impushya zo gutwara ibinyabiziga",history,0.6806,356,False
http://kigalipost.com/Mu-Buyapani-umukoresha-ni-we-utanga-uburenganzira-bwo-gusama.html,health,"Mu Buyapani, umukoresha ni we utanga uburenganzira bwo gusama",health,0.872,512,True
http://kigalipost.com/Guatemala-Iruka-ry-ikirunga-ryahitanye-ubuzima-bw-abarenga-25-abandi-bava-mu.html,environment,Guatemala: Iruka ry'ikirunga ryahitanye ubuzima bw'abarenga 25 abandi bava mu byabo (Amafoto),health,0.4849,470,False
http://kigalipost.com/Togo-Inyubako-yahirimye-ihitana-ubuzima-bw-abantu.html,health,Togo: Inyubako yahirimye ihitana ubuzima bw'abantu,health,0.4906,183,False
http://kigalipost.com/Ubufaransa-Umunara-wa-Tour-Eiffel-wongeye-gukubitwa-n-inkuba-Amafoto-atangaje.html,environment,Ubufaransa: Umunara wa Tour Eiffel wongeye gukubitwa n'inkuba –Amafoto atangaje,sport,0.6959,228,False
http://kigalipost.com/Rwamagana-Ubukwe-bwapfuye-kubera-kwirarira-ku-musore-umugeni-agwa-igihumure.html,relationship,"Rwamagana: Ubukwe bwapfuye kubera kwirarira ku musore, umugeni agwa igihumure -Amafoto",health,0.841,512,True
http://kigalipost.com/Amerika-Igitangaza-Ishusho-ya-Bikiramariya-yabonywe-irimo-irira-amarira-y-iroza.html,religion,Amerika: Igitangaza? Ishusho ya Bikiramariya yabonywe irimo irira amarira y'iroza –Amafoto&Video,religion,0.9877,512,True
http://kigalipost.com/Ubwongereza-Amafoto-adasanzwe-y-abakunzi-b-ibishushanyo-byo-ku-mubiri.html,entertainment,Ubwongereza: Amafoto adasanzwe y'abakunzi b'ibishushanyo byo ku mubiri bitabiriye imurika ryabo,health,0.6917,411,False
http://kigalipost.com/RDC-Abarwayi-ba-Ebola-bavuye-mu-bitaro-bajya-mu-rusengero-bapfirayo.html,health,RDC: Abarwayi ba Ebola bavuye mu bitaro bajya mu rusengero bapfirayo,health,0.9858,512,True
http://kigalipost.com/Ubushinwa-Hadutse-amashuri-yigisha-abagabo-urugamba-rwo-kureshya-no-gutereta.html,relationship,Ubushinwa: Hadutse amashuri yigisha abagabo urugamba rwo kureshya no gutereta abagore,education,0.7142,512,True
http://kigalipost.com/Abantu-9-bapfiriye-mu-mpanuka-kubera-Facebook-live.html,technology,Abantu 9 bapfiriye mu mpanuka kubera 'Facebook live',politics,0.3146,182,False
http://kigalipost.com/Urukiko-rwasabye-ko-hapimwa-ingano-y-igitsina-cy-uregwa.html,health,AGASHYA: Urukiko rwasabye ko hapimwa ingano y'igitsina cy'uregwa,politics,0.495,267,False
http://kigalipost.com/Ku-myaka-121-Garcia-Hernandez-ashobora-kuba-ari-we-muntu-ushaje-kurusha-abandi.html,health,"Ku myaka 121, Garcia Hernandez ashobora kuba ari we muntu ushaje kurusha abandi ku isi",entertainment,0.827,512,True
http://kigalipost.com/Nyamirambo-Umusore-yatunguranye-agendana-inzoka-nzima-akanayitegeka-icyo-gukora.html,environment,Nyamirambo: Umusore yatunguranye agendana inzoka nzima akanayitegeka icyo gukora -Amafoto,entertainment,0.3894,194,False
http://kigalipost.com/Umunyamerika-yarashwe-n-imbwa-ye-ubu-ari-mu-bitaro.html,environment,"Umunyamerika yarashwe n'imbwa ye, ubu ari mu bitaro!",health,0.9325,343,False
http://kigalipost.com/Zimbabwe-Yashakanye-n-umukunzi-we-wamukijije-ingona-imaze-kumuca-ukuboko.html,relationship,Zimbabwe: Yashakanye n'umukunzi we wamukijije ingona imaze kumuca ukuboko –Amafoto& Video,entertainment,0.5372,512,True
http://kigalipost.com/Mexique-Umufana-yakozwe-n-isoni-nyuma-yo-gukubitirwa-kuri-televiziyo-n.html,sport,Mexique: Umufana yakozwe n'isoni nyuma yo gukubitirwa kuri televiziyo n'umunyamakurukazi yari akoze ku kibuno -Video,sport,0.8855,210,False
http://kigalipost.com/Umusirikare-w-u-Rwanda-wateye-ivi-asaba-umukobwa-kumubera-umugore-yatangaje.html,relationship,Umusirikare w'u Rwanda wateye ivi asaba umukobwa kumubera umugore yatangaje benshi,entertainment,0.5788,359,False
http://kigalipost.com/Gicumbi-Umusore-wari-ufite-akamenyero-ko-gusambanya-amatungo-yo-mu-rugo.html,environment,"Gicumbi: Umusore wari ufite akamenyero ko gusambanya amatungo yo mu rugo, yabikoreye intama izana amagara -AMAFOTO",health,0.9364,512,True
http://kigalipost.com/Bus-ya-RITCO-yari-itwaye-abagenzi-56-yahiye-irakongoka-AMAFOTO.html,health,Bus ya RITCO yari itwaye abagenzi 56 yahiye irakongoka –AMAFOTO,economy,0.7039,219,False
http://kigalipost.com/Ku-myaka-96-yishimiye-kwinjira-mu-mashuri-yisumbuye-AMAFOTO.html,education,"Ku myaka 96, yishimiye kwinjira mu mashuri yisumbuye-AMAFOTO",health,0.5141,307,False
http://kigalipost.com/Imbwa-itumva-itanabona-neza-yakijije-umwana-yambikwa-umudari.html,environment,"Imbwa itumva, itanabona neza yakijije umwana yambikwa umudari",health,0.5486,266,False
http://kigalipost.com/Ku-myaka-19-yashyingiranywe-n-umukecuru-w-imyaka-72-nyuma-yo-gutandukana-n-uwa.html,relationship,"Ku myaka 19, yashyingiranywe n'umukecuru w'imyaka 72 nyuma yo gutandukana n'uwa 77",entertainment,0.5257,434,False
http://kigalipost.com/Umupadiri-yakinishije-urusimbi-amaturo-ya-Kiriziya-barayamurya.html,religion,Umupadiri yakinishije urusimbi amaturo ya Kiriziya barayamurya,religion,0.9635,208,False
http://kigalipost.com/Urumogi-rusaga-igice-cya-toni-rwaburiwe-irengero-mu-bubiko-bwa-polisi-ishinja.html,environment,"Urumogi rusaga igice cya toni rwaburiwe irengero mu bubiko bwa polisi, ishinja imbeba kurunyereza",health,0.8613,429,False
http://kigalipost.com/Abageni-2-bataye-ubukwe-bwabo-bajya-mu-kizamini.html,education,Abageni 2 bataye ubukwe bwabo bajya mu kizamini,entertainment,0.8466,281,False
http://kigalipost.com/Yabonye-imodoka-ye-yari-imaze-imyaka-38-yaraburiwe-irengero.html,environment,Yabonye imodoka ye yari imaze imyaka 38 yaraburiwe irengero,politics,0.9541,247,False
http://kigalipost.com/Umwana-w-imyaka-7-mu-bahize-abandi-mu-marushanwa-ya-Andika-Rwanda-2019.html,education,Umwana w'imyaka 7 mu bahize abandi mu marushanwa ya 'Andika Rwanda 2019',education,0.4871,512,True
http://kigalipost.com/IEE-na-Mastercard-batangije-umushinga-ugamije-gukundisha-ubwarimu-abakobwa-150.html,education,IEE na Mastercard batangije umushinga ugamije gukundisha 'ubwarimu' abakobwa 150 batsinze neza siyansi,economy,0.7977,512,True
http://kigalipost.com/Alabama-Habonetse-ibisigazwa-by-ubwato-bwa-nyuma-bwatwaye-ABACAKARA-muri.html,education,Alabama: Habonetse ibisigazwa by'ubwato bwa nyuma 'bwatwaye ABACAKARA muri Amerika',technology,0.9517,512,True
http://kigalipost.com/Ramadan-Ese-kwiyiriza-ubusa-bigira-izihe-ngaruka-mu-mubiri.html,education,Ramadan: Ese kwiyiriza ubusa bigira izihe ngaruka mu mubiri?,health,0.9516,512,True
http://kigalipost.com/Iby-ingenzi-wamenya-ku-gisibo-cy-ukwezi-kwa-Ramazani-Ramadhan-abayoboke-b-idini.html,education,"Iby'ingenzi wamenya ku gisibo cy'ukwezi kwa Ramazani (Ramadhan), abayoboke b'idini ya Islam batangiye",religion,0.7331,512,True
http://kigalipost.com/U-Rwanda-rushobora-kwibasirwa-n-akaga-k-umuyaga-wiswe-Kenneth-ugeze-Tanzaniya.html,education,"U Rwanda rushobora kwibasirwa n'akaga k'umuyaga wiswe Kenneth, ugeze Tanzaniya",health,0.8846,512,True
http://kigalipost.com/Ibintu-5-by-ingenzi-wamenya-k-Umwamikazi-Elizabeth-II.html,education,Ibintu 5 by'ingenzi wamenya k'Umwamikazi Elizabeth II,history,0.8125,512,True
http://kigalipost.com/Ibisobanuro-by-izina-Briella-n-imico-ikunze-kuranga-abaryitwa.html,education,Ibisobanuro by'izina Briella n'imico ikunze kuranga abaryitwa,entertainment,0.5339,246,False
http://kigalipost.com/Ibisobanuro-by-inzozi-zirimo-umusarane.html,education,Ibisobanuro by'inzozi zirimo umusarane,health,0.9714,502,False
http://kigalipost.com/Ubushakashatsi-Havumbuwe-baleine-y-amaguru-ane-yabaga-ku-butaka-mu-myaka.html,education,"Ubushakashatsi: Havumbuwe baleine y'amaguru ane yabaga ku butaka mu myaka miliyoni 42,6 ishize",health,0.8906,512,True
http://kigalipost.com/Amanota-y-ibizamini-bisoza-ayisumbuye-yasohotse-amashuri-asanzwe-abatsinze-ni.html,education,"Amanota y'ibizamini bisoza ayisumbuye yasohotse, amashuri asanzwe abatsinze ni 88.22%, ayigisha imyuga ni 95.2%",politics,0.6464,265,False
http://kigalipost.com/Abanyamakuru-bifuza-guhatanira-ibihembo-bya-BBC-Komla-Dumor-2019-bafunguriwe.html,education,Abanyamakuru bifuza guhatanira igihembo cya 'BBC Komla Dumor 2019' bafunguriwe amarembo -Ibisabwa,entertainment,0.9203,480,False
http://kigalipost.com/Ibisobanuro-by-inzozi-zitandukanye-zirimo-inzuki.html,education,Ibisobanuro by'inzozi zitandukanye zirimo inzuki,relationship,0.8074,512,True
http://kigalipost.com/Ibisobanuro-by-inzozi-zitandukanye-zirimo-umuriro.html,education,Ibisobanuro by'inzozi zitandukanye zirimo umuriro,health,0.2771,512,True
http://kigalipost.com/Sobanukirwa-akamaro-k-umuziki-ku-mikorere-y-ubwonko.html,education,Sobanukirwa akamaro k'umuziki ku mikorere y'ubwonko,health,0.6657,512,True
http://kigalipost.com/Ibice-bimwe-by-u-Rwanda-bizagusha-imvura-idasanzwe-muri-Nzeri-2018.html,education,Ibice bimwe by'u Rwanda bizagusha imvura idasanzwe muri Nzeri 2018,health,0.9385,512,True
http://kigalipost.com/Dore-uko-icyumweru-kizakugendekera-bitewe-n-igihe-wavukiye-Horoscope-1971.html,education,Dore uko icyumweru kizakugendekera bitewe n'igihe wavukiye (Horoscope),relationship,0.6943,512,True
http://kigalipost.com/Karande-Amayobera-ku-masezerano-adasanzwe-asinywa-n-abakirisitu-mu-Itorero-rya.html,education,Karande! Amayobera ku masezerano adasanzwe asinywa n'abakirisitu mu Itorero rya Masasu,religion,0.9854,512,True
http://kigalipost.com/Ibisobanuro-by-inzozi-zo-kuguruka-no-kugendera-mu-kirere.html,education,Ibisobanuro by'inzozi zo kuguruka no kugendera mu kirere,health,0.9393,354,False
http://kigalipost.com/Ibisobanuro-by-inzozi-zitandukanye-zirimo-inzoka.html,education,Ibisobanuro by'inzozi zitandukanye zirimo inzoka,health,0.7771,467,False
http://kigalipost.com/Menya-byinshi-ku-munsi-mukuru-wa-Eid-el-fitr-usoza-ukwezi-kwa-Ramadhan-n-uburyo.html,education,"Menya byinshi ku munsi mukuru wa Eid el-fitr usoza ukwezi kwa Ramadhan, n'uburyo wizihijwe hirya no hino ku isi -AMAFOTO",religion,0.9613,512,True
http://kigalipost.com/Uburyo-bworoshye-bwo-guteka-amakaroni-mu-nyama-z-inkoko.html,education,Uburyo bworoshye bwo guteka amakaroni mu nyama z'inkoko,health,0.9163,512,True
http://kigalipost.com/Ibisobanuro-by-inzozi-zitandukanye-zirimo-umugezi.html,education,Ibisobanuro by'inzozi zitandukanye zirimo umugezi,health,0.9624,512,True
http://kigalipost.com/Ubusobanuro-bw-inzozi-Kurota-iruka-ry-ikirunga.html,education,Ubusobanuro bw'inzozi: Kurota iruka ry'ikirunga,tourism,0.4072,401,False
http://kigalipost.com/Ibizami-bya-leta-bisoza-amashuri-abanza-bishobora-gukurwaho.html,education,Ibizami bya leta bisoza amashuri abanza bishobora gukurwaho,politics,0.3601,512,True
http://kigalipost.com/Nkore-iki-ko-nakundanye-n-uwo-dukorana-Inama.html,education,Nkore iki ko nakundanye n'uwo dukorana?- Inama,relationship,0.9792,512,True
http://kigalipost.com/Ku-myaka-43-igitagangurirwa-cyari-gikuze-kurusha-ibindi-cyapfuye-Amateka-yacyo.html,education,"Ku myaka 43, igitagangurirwa cyari gikuze kurusha ibindi cyapfuye -Amateka yacyo",health,0.9745,512,True
http://kigalipost.com/Wibwiraga-ko-guseka-ukirigiswe-biterwa-no-kwishima-Sibyo-Ubushakashatsi.html,education,Wibwiraga ko guseka ukirigiswe biterwa no kwishima? Sibyo -Ubushakashatsi,health,0.9869,512,True
http://kigalipost.com/Dore-uko-icyumweru-kizakugendekera-bitewe-n-igihe-wavukiye-Horoscope-1411.html,education,Dore uko icyumweru kizakugendekera bitewe n'igihe wavukiye (Horoscope),relationship,0.7211,512,True
http://kigalipost.com/Ko-inkuba-zikomeje-gutwara-ubuzima-bw-abantu-wakora-iki-ngo-uzirinde.html,education,"Ko inkuba zikomeje gutwara ubuzima bw'abantu, wakora iki ngo uzirinde?",tourism,0.2677,512,True
http://kigalipost.com/Mu-mafoto-25-yavuguruje-abavuga-ko-abanini-badashobora-kuberwa-nk-ibyamamare.html,education,"Mu mafoto 25, yavuguruje abavuga ko abanini badashobora kuberwa nk'ibyamamare",entertainment,0.7582,199,False
http://kigalipost.com/Ikosa-rikomeye-ugomba-kwirinda-ku-munsi-wa-mbere-w-akazi.html,education,Ikosa rikomeye ugomba kwirinda ku munsi wa mbere w'akazi,entertainment,0.7309,344,False
http://kigalipost.com/Dore-uko-icyumweru-kizakugendekera-bitewe-n-igihe-wavukiye-Horoscope-1282.html,education,Dore uko icyumweru kizakugendekera bitewe n'igihe wavukiye (Horoscope),relationship,0.8507,512,True
http://kigalipost.com/Dore-uko-icyumweru-kizakugendekera-bitewe-n-igihe-wavukiye-Horoscope-1141.html,education,Dore uko icyumweru kizakugendekera bitewe n'igihe wavukiye (Horoscope),relationship,0.7094,512,True
http://kigalipost.com/Dore-uko-icyumweru-kizakugendekera-bitewe-n-igihe-wavukiye-Horoscope-1008.html,education,Dore uko icyumweru kizakugendekera bitewe n'igihe wavukiye (Horoscope),relationship,0.7432,512,True
http://kigalipost.com/Dore-uko-icyumweru-kizakugendekera-bitewe-n-igihe-wavukiye-Horoscope-975.html,education,Dore uko icyumweru kizakugendekera bitewe n'igihe wavukiye (Horoscope),relationship,0.722,512,True
http://kigalipost.com/Dore-uko-icyumweru-kizakugendekera-bitewe-n-igihe-wavukiye-Horoscope-919.html,education,Dore uko icyumweru kizakugendekera bitewe n'igihe wavukiye (Horoscope),relationship,0.8314,512,True
http://kigalipost.com/Dore-uko-icyumweru-kizakugendekera-bitewe-n-igihe-wavukiye-Horoscope-877.html,education,Dore uko icyumweru kizakugendekera bitewe n'igihe wavukiye (Horoscope),relationship,0.9276,512,True
http://kigalipost.com/Umwaka-wa-2017-Mu-mafoto-yihariye-y-ibyawuranze-mu-mpande-zose-z-isi.html,education,Umwaka wa 2017: Mu mafoto yihariye y'ibyawuranze mu mpande zose z'isi,entertainment,0.7889,512,True
http://kigalipost.com/Bimwe-mu-bintu-bikomeye-byabayeho-bwa-mbere-bikamamara-mu-mateka-y-isi-AMAFOTO.html,education,Bimwe mu bintu bikomeye byabayeho bwa mbere bikamamara mu mateka y'isi- AMAFOTO,entertainment,0.5523,512,True
http://kigalipost.com/Dore-uko-icyumweru-kizakugendekera-bitewe-n-igihe-wavukiye-Horoscope-821.html,education,Dore uko icyumweru kizakugendekera bitewe n'igihe wavukiye (Horoscope),relationship,0.9538,512,True
http://kigalipost.com/MENYA-N-IBI-Indoro-bumwe-mu-buryo-bukomeye-bwo-gutanga-amakuru-kurusha-amagambo.html,education,"MENYA N'IBI: Indoro, bumwe mu buryo bukomeye bwo gutanga amakuru kurusha amagambo",relationship,0.9504,512,True
http://kigalipost.com/Dore-uko-icyumweru-kizakugendekera-bitewe-n-igihe-wavukiye-Horoscope-678.html,education,Dore uko icyumweru kizakugendekera bitewe n'igihe wavukiye (Horoscope),relationship,0.6992,512,True
http://kigalipost.com/Abakunzi-b-igiswahili-mu-Rwanda-HabariLeo-yabashyize-igorora.html,education,"Abakunzi b'igiswahili mu Rwanda, HabariLeo yabashyize igorora",politics,0.632,401,False
http://kigalipost.com/Dore-uko-icyumweru-kizakugendekera-bitewe-n-igihe-wavukiye-Horoscope-609.html,education,Dore uko icyumweru kizakugendekera bitewe n'igihe wavukiye (Horoscope),relationship,0.7978,512,True
http://kigalipost.com/Ijambo-ryari-rirerire-mu-rurimi-rw-Igifaransa-ururimi-rwakuze-risimbuzwa-irindi.html,education,"Ijambo ryari rirerire mu rurimi rw'Igifaransa, ururimi rwakuze risimbuzwa irindi",politics,0.979,332,False
http://kigalipost.com/Dore-uko-icyumweru-kizakugendekera-bitewe-n-igihe-wavukiye-Horoscope-581.html,education,Dore uko icyumweru kizakugendekera bitewe n'igihe wavukiye (Horoscope),health,0.43,512,True
http://kigalipost.com/Dore-uko-icyumweru-kizakugendekera-bitewe-n-igihe-wavukiye-Horoscope-544.html,education,Dore uko icyumweru kizakugendekera bitewe n'igihe wavukiye (Horoscope),relationship,0.6209,512,True
http://kigalipost.com/Igisobanuro-cy-izina-Jules-n-imico-ikunze-kuranga-abaryitwa.html,education,Igisobanuro cy'izina Jules n'imico ikunze kuranga abaryitwa,entertainment,0.5953,442,False
http://kigalipost.com/Iyi-ni-inkuru-ngaruka-cyumweru-ikubiyemo-icyo.html,education,Dore uko icyumweru kizakugendekera bitewe n'igihe wavukiye (Horoscope),relationship,0.7563,512,True
http://kigalipost.com/Ibisobanuro-by-inzozi-Inzozi-12-zerekeye-ku-rupfu.html,education,Ibisobanuro by'inzozi: Inzozi 12 zerekeye ku rupfu,health,0.8152,504,False
http://kigalipost.com/Dore-uko-icyumweru-kizakugendekera-bitewe-n-igihe-wavukiye-Horoscope-464.html,education,Dore uko icyumweru kizakugendekera bitewe n'igihe wavukiye (Horoscope),relationship,0.8411,512,True
http://kigalipost.com/Amasaha-meza-yo-gusabira-akazi-ukaba-ufite-amahirwe-yo-kugahabwa.html,education,Amasaha meza wasabiraho akazi ukaba ufite amahirwe yo kugahabwa,technology,0.6198,379,False
http://kigalipost.com/Dore-uko-icyumweru-kizakugendekera-bitewe-n-igihe-wavukiye-Horoscope-432.html,education,Dore uko icyumweru kizakugendekera bitewe n'igihe wavukiye (Horoscope),health,0.6395,512,True
http://kigalipost.com/Intambwe-10-watera-mu-kazi-kugira-ngo-uzamurwe-mu-ntera-promoted.html,education,Intambwe 10 watera mu kazi kugira ngo uzamurwe mu ntera(promoted),economy,0.9776,512,True
http://kigalipost.com/Igisobanuro-cy-izina-Claudine-n-imico-ikunze-kuranga-abaryitwa.html,education,Igisobanuro cy'izina Claudine n'imico ikunze kuranga abaryitwa,relationship,0.6939,512,True
http://kigalipost.com/Dore-uko-icyumweru-kizakugendekera-bitewe-n-igihe-wavukiye-Horoscope-387.html,education,Dore uko icyumweru kizakugendekera bitewe n'igihe wavukiye (Horoscope),relationship,0.7119,512,True
http://kigalipost.com/Ibisobanuro-by-izina-Hassan-n-imico-ikunze-kuranga-abaryitwa.html,education,Ibisobanuro by'izina Hassan n'imico ikunze kuranga abaryitwa,relationship,0.4896,436,False
http://kigalipost.com/Dore-uko-icyumweru-kizakugendekera-bitewe-n-igihe-wavukiye-Horoscope-351.html,education,Dore uko icyumweru kizakugendekera bitewe n'igihe wavukiye (Horoscope),relationship,0.6174,512,True
http://kigalipost.com/Dore-uko-icyumweru-kizakugendekera-bitewe-n-igihe-wavukiye-Horoscope-303.html,education,Dore uko icyumweru kizakugendekera bitewe n'igihe wavukiye (Horoscope),relationship,0.4611,512,True
http://kigalipost.com/Igisobanuro-cy-izina-Diane-n-imico-ikunze-kuranga-abaryitwa.html,education,Igisobanuro cy'izina Diane n'imico ikunze kuranga abaryitwa,entertainment,0.52,438,False
http://kigalipost.com/Dore-uko-icyumweru-kizakugendekera-bitewe-n-igihe-wavukiye-Horoscope-260.html,education,Dore uko icyumweru kizakugendekera bitewe n'igihe wavukiye (Horoscope),relationship,0.8407,512,True
http://kigalipost.com/Kazuo-Ishiguro-umwanditsi-wegukanye-igihembo-cyitiriwe-Nobeli-muri-2017-ni.html,education,Kazuo Ishiguro umwanditsi wegukanye igihembo cyitiriwe Nobeli muri 2017 ni muntu ki?,education,0.3877,512,True
http://kigalipost.com/Igisobanuro-cy-izina-Alice-n-imico-ikunze-kuranga-abaryitwa.html,education,Igisobanuro cy'izina Alice n'imico ikunze kuranga abaryitwa,entertainment,0.9448,492,False
http://kigalipost.com/Bashenguwe-n-ubuvumbuzi-bakoze-Dore-ibya-Mikhail-Kalashnikov-wavumbuye-imbunda.html,education,Bashenguwe n'ubuvumbuzi bakoze. Dore ibya Mikhail Kalashnikov wavumbuye imbunda ya AK47 (IGICE CYA 1),entertainment,0.4728,512,True
http://kigalipost.com/Ku-myaka-13-gusa-y-amavuko-yerekeje-muri-kaminuza.html,education,"Ku myaka 13 gusa y'amavuko, yerekeje muri kaminuza",entertainment,0.978,447,False
http://kigalipost.com/Dore-uko-icyumweru-kizakugendekera-bitewe-n-igihe-wavukiye-Horoscope.html,education,Dore uko icyumweru kizakugendekera bitewe n'igihe wavukiye (Horoscope),relationship,0.8309,512,True
http://kigalipost.com/Busasamana-Imihango-y-ubukwe-ihangayikishije-abifuza-ku-rushinga-n-ababyeyi.html,culture,Busasamana: Imihango y'ubukwe ihangayikishije abifuza ku rushinga n'ababyeyi babo,health,0.979,512,True
http://kigalipost.com/Gitwe-Abanyeshuri-bigaragambije-Directeur-arirukanwa.html,culture,"Gitwe: Abanyeshuri bigaragambije, Directeur arirukanwa",politics,0.5138,512,True
http://kigalipost.com/Icyo-abanyamadini-bavuze-kuri-Gitwaza-wiyise-umuhanuzi-uruta-abandi.html,culture,Icyo abanyamadini bavuze kuri Gitwaza wiyise 'umuhanuzi uruta abandi',religion,0.9882,512,True
http://kigalipost.com/Ibisigazwa-bya-Mutagatifu-Tereza-w-Umwana-Yezu-byagejejwe-mu-Rwanda-Amafoto.html,culture,Ibisigazwa bya Mutagatifu Tereza w'Umwana Yezu byagejejwe mu Rwanda -Amafoto,religion,0.9749,512,True
http://kigalipost.com/Musenyeri-Mbonyintege-yanenze-bimwe-mu-byavugiwe-mu-Kwibuka-i-Kabgayi.html,culture,Musenyeri Mbonyintege yanenze bimwe mu byavugiwe mu Kwibuka i Kabgayi,politics,0.748,512,True
http://kigalipost.com/Abataramyi-b-i-Rwanda-bateguye-igitaramo-cy-umuco-bise-NGWINO-KU-GICUMBI-IWACU.html,culture,"'Abataramyi b'i Rwanda' bateguye igitaramo cy'umuco bise "" NGWINO KU GICUMBI IWACU""",entertainment,0.8311,451,False
http://kigalipost.com/Amateka-Ibyo-wamenya-ku-muhango-wo-guterekera-wakorwaga-mu-Rwanda-rwo-hambere.html,culture,Amateka: Ibyo wamenya ku muhango wo guterekera wakorwaga mu Rwanda rwo hambere,history,0.4809,512,True
http://kigalipost.com/Pasiteri-Mpyisi-yitabiriye-umuhango-wo-kwita-izina-imfura-y-umupfumu.html,culture,Pasiteri Mpyisi yitabiriye umuhango wo kwita izina imfura y'umupfumu Rutangarwamaboko -Amafoto,health,0.8983,512,True
http://kigalipost.com/Iby-ingenzi-wamenya-ku-gisibo-cy-ukwezi-kwa-Ramadhan-abayoboke-b-idini-ya-Islam.html,culture,"Iby'ingenzi wamenya ku gisibo cy'ukwezi kwa Ramadhan, abayoboke b'idini ya Islam batangiye",religion,0.9077,512,True
http://kigalipost.com/Somaliya-Umugore-yishwe-atewe-amabuye-azira-gushaka-abagabo-benshi.html,culture,Somaliya: Umugore yishwe atewe amabuye azira gushaka abagabo benshi,politics,0.9824,406,False
http://kigalipost.com/Ibanga-ry-Amahoro-kuri-bene-Gihanga-ku-bwa-Padiri-Obalidi.html,culture,Ibanga ry'Amahoro kuri bene Gihanga ku bwa Padiri Obalidi,religion,0.9872,512,True
http://kigalipost.com/Itorero-Indekwe-ryateguye-igitaramo-kigamije-kwigisha-no-gukundisha-abato-umuco.html,culture,Itorero Indekwe ryateguye igitaramo kigamije kwigisha no gukundisha abato umuco gakondo,entertainment,0.4913,512,True
http://kigalipost.com/Miss-Rwanda-2018-Abakobwa-7-barimo-impanga-nibo-bazahagarira-umujyi-wa-Kigali.html,culture,Miss Rwanda 2018: Abakobwa 7 barimo impanga nibo bazahagarira umujyi wa Kigali,entertainment,0.549,374,False
http://kigalipost.com/Miss-Rwanda-2018-Amajyepfo-yohereje-abakobwa-10-guhatanira-ikamba-rya-nyampinga.html,culture,Miss Rwanda 2018: Amajyepfo yohereje abakobwa 10 guhatanira ikamba rya nyampinga(AMAFOTO),entertainment,0.8022,512,True
http://kigalipost.com/Miss-Rwanda-2018-Amajonjora-yakomereje-mu-karere-ka-Rubavu-AMAFOTO.html,culture,Miss Rwanda 2018: Amajonjora yakomereje mu karere ka Rubavu(AMAFOTO),entertainment,0.6413,326,False
http://kigalipost.com/Miss-Rwanda-2018-Amajonjora-yatangiriye-mu-karere-ka-Musanze-AMAFOTO.html,culture,Miss Rwanda 2018: Amajonjora yatangiriye mu karere ka Musanze(AMAFOTO),entertainment,0.6097,465,False
http://kigalipost.com/Inkomoko-y-insigamigani-Burya-si-Buno.html,culture,Inkomoko y'insigamigani 'Burya si Buno',culture,0.7528,512,True
http://kigalipost.com/UMUCO-WACU-Inkomoko-y-insigamigani-Yigize-Syoli.html,culture,UMUCO WACU: Inkomoko y'insigamigani 'Yigize Syoli',culture,0.5373,512,True
http://kigalipost.com/AMATEKA-Bimwe-mu-byaranze-Ingoma-ya-Kigeli-II-Nyamuheshera.html,culture,AMATEKA-Bimwe mu byaranze Ingoma ya Kigeli II Nyamuheshera,history,0.7417,512,True
http://kigalipost.com/Umuco-gakondo-Umugani-wa-Nkuba-na-Gikeli.html,culture,Umuco gakondo- Umugani wa Nkuba na Gikeli,culture,0.6179,512,True
http://kigalipost.com/Menya-zimwe-mu-nyito-zihariye-z-inka-n-amata-mu-muco-wa-Kinyarwanda.html,culture,Menya zimwe mu nyito zihariye z'inka n'amata mu muco wa Kinyarwanda,culture,0.6467,512,True
http://kigalipost.com/Ese-wari-uzi-ibya-Nyakibi-w-i-Nyarugenge-wasuze-mu-misango-Inkomoko-y-umugani.html,culture,Ese wari uzi ibya Nyakibi w'i Nyarugenge wasuze mu misango? Inkomoko y'umugani Nyakibi ntirara bushyitsi!,culture,0.7435,512,True
http://kigalipost.com/Inkomoko-y-insigamigani-Urugiye-kera-ruhinyuza-intwari.html,culture,Inkomoko y'insigamigani 'Urugiye kera ruhinyuza intwari',history,0.6074,512,True
http://kigalipost.com/Impaka-kuri-Bridal-Shower-Kitchen-party-bivugwa-ko-isenya-aho-kubaka-n-uburyo.html,culture,Impaka kuri Bridal Shower/ Kitchen party bivugwa ko isenya aho kubaka n'uburyo kera yakorwaga,entertainment,0.9746,512,True
http://kigalipost.com/Inkomoko-y-insigamugani-umugabo-mbwa-aseka-imbohe.html,culture,Inkomoko y'insigamugani umugabo mbwa aseka imbohe,culture,0.68,512,True
http://kigalipost.com/Kigali-Umuhinde-yatawe-muri-yombi-akekwaho-gutera-inda-umwana-w-imyaka-16.html,culture,Kigali: Umuhinde yatawe muri yombi akekwaho gutera inda umwana w'imyaka 16,health,0.8295,228,False
http://kigalipost.com/Miss-World-2017-Ba-Nyampinga-bakoze-umutambagiro-bambaye-imyambaro-gakondo.html,culture,Miss World 2017: Ba Nyampinga bakoze umutambagiro bambaye imyambaro gakondo –AMAFOTO,entertainment,0.7902,359,False
http://kigalipost.com/Rukara-rwa-Bishingwe-na-Bisangwa-bya-Rugombituri-bafite-ubahagarariye-mu-Ntwari.html,culture,Rukara rwa Bishingwe na Bisangwa bya Rugombituri bafite ubahagarariye mu Ntwari z'igihugu! Uwo ninde?,culture,0.6318,512,True
http://kigalipost.com/Imigani-y-imigenurano-IGICE-GISOZA-Dukomereze-ku-migani-itangizwa-na-U-V-W-Y-na.html,culture,"Imigani y'imigenurano(IGICE GISOZA): Dukomereze ku migani itangizwa na 'U, V, W, Y na Z' maze twiyibutse tuniyungure ubumenyi",culture,0.5271,512,True
http://kigalipost.com/Imigani-y-imigenurano-IGICE-CYA-7-Dukomereze-ku-migani-migufi-itangizwa-na-U.html,culture,Imigani y'imigenurano(IGICE CYA 7): Dukomereze ku migani migufi itangizwa na 'U' maze twiyibutse tuniyungure ubumenyi,culture,0.5293,512,True
http://kigalipost.com/Miss-Belgique-Gafotozi-yanze-kubafotota-bambaye-bikini-IMPAMVU.html,culture,Miss Belgique: Gafotozi yanze kubafotota bambaye bikini -IMPAMVU,entertainment,0.9607,385,False
http://kigalipost.com/AMATEKA-Uko-umwami-yimaga-ingoma-mu-Rwanda-Amateka-y-u-Rwanda.html,culture,AMATEKA-Uko umwami yimaga ingoma mu Rwanda,culture,0.6374,512,True
http://kigalipost.com/Imigani-y-imigenurano-IGICE-CYA-6-Dukomereze-ku-migani-migufi-itangizwa-na-U.html,culture,Imigani y'imigenurano(IGICE CYA 6): Dukomereze ku migani migufi itangizwa na 'U' maze twiyibutse tuniyungure ubumenyi,culture,0.5475,512,True
http://kigalipost.com/Mu-Rwanda-hagiye-kubera-ibirori-byo-kumurika-imisatsi-n-inyogosho-zinyuranye.html,culture,Mu Rwanda hagiye kubera ibirori byo kumurika imisatsi n'inyogosho zinyuranye,entertainment,0.797,512,True
http://kigalipost.com/Ruhango-Ikigo-cy-amashuri-kiravugwamo-abakobwa-40-batwite-diregiteri-agahamya.html,culture,"Ruhango: Ikigo cy'amashuri kiravugwamo abakobwa 40 batwite, diregiteri agahamya ko ari 5",politics,0.6522,512,True
http://kigalipost.com/Nyuma-y-imyaka-isaga-600-mu-Nduga-haracyagaragara-bimwe-mu-bisigisigi-by-Umwami.html,culture,Nyuma y'imyaka isaga 600 mu Nduga haracyagaragara bimwe mu bisigisigi by'Umwami Mashira -TWAHASUYE,culture,0.6963,512,True
http://kigalipost.com/Amateka-ya-Gafuku-umupadiri-wa-mbere-w-umunyarwanda-ababyeyi-be-bajugunye-mu.html,culture,"Amateka ya Gafuku, umupadiri wa mbere w'umunyarwanda wabayeho mu mateka",religion,0.9326,512,True
http://kigalipost.com/Yiswe-mayibobo-ku-muhanda-afashwa-kuhava-none-ubu-nawe-aritura-ineza.html,culture,"Yiswe 'mayibobo' ku muhanda, afashwa kuhava none ubu nawe arakataje yitura ineza abahasigaye",health,0.3581,512,True
http://kigalipost.com/Tom-Rwagasana-yambuwe-ubupasitori-muri-ADEPR.html,culture,"Rwagasana,Sibomana n'abandi bari bakurikiranyweho kunyereza umutungo wa ADEPR bambuwe ubupasitori",religion,0.9895,512,True
http://kigalipost.com/Imigani-y-imigenurano-IGICE-CYA-5-Dukomereze-ku-migani-migufi-itangizwa-na-N.html,culture,Imigani y'imigenurano(IGICE CYA 5): Dukomereze ku migani migufi itangizwa na 'N kugeza kuri T' maze twiyibutse tuniyungure ubumenyi,culture,0.5134,512,True
http://kigalipost.com/Inkomo-y-insigamugani-ukenze-rimwe-ntabwo-aba-akimaze-hamwe-n-isomo-dukuramo.html,culture,Inkomo y'insigamugani 'ukenze rimwe ntabwo aba akimaze' hamwe n'isomo dukuramo,culture,0.7389,512,True
http://kigalipost.com/Imigani-y-imigenurano-IGICE-CYA-4-Dukomereze-ku-migani-migufi-itangizwa-na-K-na.html,culture,Imigani y'imigenurano(IGICE CYA 4): Dukomereze ku migani migufi itangizwa na 'K na M' maze twiyibutse tuniyungure ubumenyi,culture,0.6313,512,True
http://kigalipost.com/Imigani-y-imigenurano-IGICE-CYA-3-Dukomereze-ku-migani-migufi-itangizwa-na-I.html,culture,Imigani y'imigenurano(IGICE CYA 3): Dukomereze ku migani migufi itangizwa na 'I' maze twiyibutse tuniyungure ubumenyi,culture,0.6745,512,True
http://kigalipost.com/Amaherezo-y-uduhanga-bivugwa-ko-ari-utw-abanyarwanda-twajyanywe-mu-Budage.html,culture,Amaherezo y'uduhanga bivugwa ko ari utw'abanyarwanda twajyanywe mu Budage,health,0.8984,512,True
http://kigalipost.com/Imigani-migufi-y-ikinyarwanda-IGICE-CYA-2-Twiyibutse-tuniyungure-ubumenyi-kuva.html,culture,Imigani migufi y'ikinyarwanda(IGICE CYA 2): Twiyibutse tuniyungure ubumenyi kuva ku migani itangizwa na 'B' kugeza kuri 'H',culture,0.5583,512,True
http://kigalipost.com/Ubufaransa-Uwihaye-Imana-yatawe-muri-yombi-ashinjwa-gufata-ku-ngufu-abana.html,culture,Ubufaransa: Uwihaye Imana yatawe muri yombi ashinjwa gufata ku ngufu abana,health,0.9309,498,False
http://kigalipost.com/Imigani-migufi-y-ikinyarwanda-Duhereye-ku-yisaga-500-itangizwa-n-inyajwi-A-reka.html,culture,Imigani migufi y'ikinyarwanda: Duhereye ku isaga 500 itangizwa n'inyajwi 'A' reka twiyibutse tuniyungure ubumenyi,culture,0.6206,512,True
http://kigalipost.com/Zimbabwe-Inzovu-55-zishwe-n-inzara-n-inyota.html,economy,Zimbabwe: Inzovu 55 zishwe n'inzara n'inyota,economy,0.8133,312,False
http://kigalipost.com/Kigali-ku-mwanya-wa-5-mu-hantu-20-ho-gutemberera-ku-rwego-rw-isi-Urutonde.html,economy,Kigali ku mwanya wa 5 mu hantu 20 ho gutemberera ku rwego rw'isi (Urutonde&Amafoto),economy,0.6292,340,False
http://kigalipost.com/Banki-y-iterambere-y-Afurika-y-Epfo-DBSA-irifuza-gushyira-itafari-ku-bikorwa.html,economy,Banki y'iterambere y'Afurika y'Epfo (DBSA) irifuza gushyira itafari ku bikorwa remezo by'u Rwanda,economy,0.8892,512,True
http://kigalipost.com/Iposita-y-u-Rwanda-ihamya-ko-ICT-atari-mukeba-wayo.html,economy,Iposita y'u Rwanda ihamya ko ICT atari mukeba wayo,economy,0.4846,512,True
http://kigalipost.com/Barinubira-serivisi-mbi-z-ibyuma-bitanga-amafaranga-bizwi-nka-ATM.html,economy,Barinubira serivisi mbi z'ibyuma bitanga amafaranga bizwi nka ATM,economy,0.4607,512,True
http://kigalipost.com/Amazon-yibeshye-igabanya-ibicuruzwa-byayo-ho-99-ab-inkwakuzi-bayiha-isomo.html,economy,Amazon yibeshye igabanya ibicuruzwa byayo ho 99% ab'inkwakuzi bayiha isomo,economy,0.9466,438,False
http://kigalipost.com/Agakiriro-ka-Gisozi-kongeye-kwibasirwa-n-inkongi-y-umuriro.html,economy,Agakiriro ka Gisozi kongeye kwibasirwa n'inkongi y'umuriro,economy,0.8208,305,False
http://kigalipost.com/Tanzaniya-yashyizeho-umusoro-wa-25-ku-misatsi-y-imikorano-y-abagore.html,economy,Tanzaniya: Ab'igitsina gore barinubira umusoro wa 25% washyizwe ku misatsi y'imikorano y'abagore,health,0.5121,401,False
http://kigalipost.com/Mu-karere-Kenya-niyo-izakoresha-ingengo-y-imari-nini-mu-2019-2020-u-Burundi.html,economy,"Mu karere: Kenya niyo izakoresha ingengo y'imari nini mu 2019/2020, u Burundi bukoreshe iri hasi -Menya ingengo y'imari ya buri gihugu",economy,0.8852,512,True
http://kigalipost.com/Zimbabwe-irashaka-kugurisha-amahembe-y-inzovu-abarirwa-agaciro-ka-miliyoni-300.html,economy,Zimbabwe irashaka kugurisha amahembe y'inzovu abarirwa agaciro ka miliyoni 300 z'amadorali,economy,0.916,409,False
http://kigalipost.com/Botswana-Bongeye-kwemererwa-guhiga-inzovu-mu-rwego-rwo-guhangana-nazo.html,economy,Botswana: Bongeye kwemererwa guhiga inzovu mu rwego rwo guhangana nazo,politics,0.9717,305,False
http://kigalipost.com/Hibwe-amashanyarazi-y-asaga-miliyari-1-9Frw-mu-mezi-abiri-REG-irabivugaho-iki.html,economy,"Hibwe amashanyarazi y'asaga miliyari 1,9Frw mu mezi abiri! REG irabivugaho iki?",economy,0.9792,512,True
http://kigalipost.com/Jeff-Bezos-umuherwe-wa-mbere-ku-isi-yatandukanye-n-umugore-we.html,economy,"Jeff Bezos, umuherwe wa mbere ku isi yatandukanye n'umugore we",economy,0.9766,502,False
http://kigalipost.com/Perezida-wa-Banki-y-Isi-Jim-Yong-Kim-yeguye.html,economy,"Perezida wa Banki y'Isi, Jim Yong Kim yeguye",economy,0.9668,267,False
http://kigalipost.com/Huawei-yahannye-abakozi-bayo-babiri-bakoresheje-iPhone-mu-kwifuriza-abakiliya.html,economy,Huawei yahannye abakozi bayo bakoresheje iPhone mu kwifuriza abakiliya umwaka mushya,technology,0.9767,512,True
http://kigalipost.com/Gicumbi-Umusirikare-witwaje-intwaro-yateshejwe-n-umurinzi-wa-Sacco-agerageza.html,economy,"Gicumbi: Umusirikare witwaje intwaro yateshejwe n'umurinzi wa Sacco, agerageza kuyiba",politics,0.9878,478,False
http://kigalipost.com/Ibiciro-by-inyubako-zo-muri-Vision-City-byagabanyijweho-60-ku-bakozi-ba-leta.html,economy,Ibiciro by'inyubako zo muri Vision City byagabanyijweho 60% ku bakozi ba leta,economy,0.9845,512,True
http://kigalipost.com/BNR-igiye-kongera-inoti-za-500Frw-ku-isoko.html,economy,BNR igiye kongera inoti za 500Frw ku isoko,economy,0.9897,346,False
http://kigalipost.com/U-Rwanda-rwasinye-amasezerano-azafasha-abasaga-ibihumbi-50-gutunga-inzu-i.html,economy,U Rwanda rwasinye amasezerano azafasha abasaga ibihumbi 50 gutunga inzu i Kinyinya,economy,0.9887,512,True
http://kigalipost.com/Polisi-yatangiye-umukwabu-wo-gufata-imodoka-zifite-ibirahure-byijimye.html,economy,Polisi yatangiye umukwabu wo gufata imodoka zifite ibirahure byijimye,politics,0.9552,512,True
http://kigalipost.com/Kuba-Rwiyemezamirimo-bivuze-iki-Ese-Rwiyemezamirimo-ugamije-gukora-neza-arangwa.html,economy,Kuba 'Rwiyemezamirimo' bivuze iki? Ese Rwiyemezamirimo ugamije gukora neza arangwa n'iki? Menya ibyo ab'indashyikirwa bahuriyeho,economy,0.9648,512,True
http://kigalipost.com/Gatsata-Abatuye-mu-manegeka-bari-kwimurwa-ku-ngufu.html,economy,Gatsata: Abatuye mu manegeka bari kwimurwa ku ngufu,politics,0.9351,512,True
http://kigalipost.com/Kayonza-Impyisi-ziraye-mu-ihene-z-umuturage-zica-hafi-20.html,economy,Kayonza: Impyisi ziraye mu ihene z'umuturage zica hafi 20,economy,0.407,512,True
http://kigalipost.com/Umuhanda-wa-Kigali-Gatuna-Kampala-wongeye-kwangirika-bikomeye.html,economy,Umuhanda wa Kigali-Gatuna-Kampala wongeye kwangirika bikomeye,politics,0.5631,304,False
http://kigalipost.com/Kigali-Ibikoresho-bya-Family-TV-byafatiriwe.html,economy,Kigali: Ibikoresho bya Family TV byafatiriwe,economy,0.5875,512,True
http://kigalipost.com/Abapilote-ba-Brussels-Airlines-bari-mu-myigaragabyo-batumye-75-by-ingendo-zari.html,economy,Abapilote ba Brussels Airlines bari mu myigaragabyo batumye 75% by'ingendo zari ziteganijwe zisubikwa kuri uyu wa Mbere,economy,0.8595,411,False
http://kigalipost.com/Gakenke-Polisi-yafashe-Abakozi-babiri-ba-SACCO-bakekwaho-kunyereza-asaga.html,economy,Gakenke: Polisi yafashe Abakozi babiri ba SACCO bakekwaho kunyereza asaga Miliyoni 15,economy,0.9801,512,True
http://kigalipost.com/Abapilote-ba-Brussels-Airlines-batanze-integuza-yo-kwigaragambya.html,economy,Abapilote ba Brussels Airlines batanze integuza yo kwigaragambya,economy,0.8865,260,False
http://kigalipost.com/RUNDA-Ikibanza-cyiza-cyane-kigurishwa-ku-giciro-gito-Amafoto-Ibisobanuro.html,economy,RUNDA: Ikibanza cyiza cyane kigurishwa ku giciro gito -Amafoto&Ibisobanuro,economy,0.9779,293,False
http://kigalipost.com/USA-Bamwe-mu-barimu-ba-leta-biraye-mu-mihanda-basaba-kongererwa-umushahara.html,economy,USA: Bamwe mu barimu ba leta biraye mu mihanda basaba kongererwa umushahara-AMAFOTO,economy,0.7166,451,False
http://kigalipost.com/Amerika-yafatiye-u-Rwanda-ibihano-kubera-guca-caguwa.html,economy,Amerika yafatiye u Rwanda ibihano kubera guca caguwa,economy,0.9776,285,False
http://kigalipost.com/Ibiciro-by-ingendo-mu-modoka-mu-mujyi-wa-Kigali-no-mu-ntara-byazamuwe.html,economy,Ibiciro by'ingendo mu mujyi wa Kigali no mu ntara byazamuwe,economy,0.9799,313,False
http://kigalipost.com/France-Ikigo-gicuruza-indaya-z-ibikinisho-cyateje-impaka.html,economy,France: Ikigo gicuruza indaya z'ibikinisho cyateje impaka,economy,0.5936,465,False
http://kigalipost.com/Kigali-Igiciro-cya-lisansi-na-mazutu-cyazamutse.html,economy,Kigali: Igiciro cya lisansi na mazutu cyazamutse,economy,0.9877,207,False
http://kigalipost.com/Polisi-yatahuye-ibindi-bimenyetso-byerekana-bwa-bujura-bwa-miliyoni-10-muri.html,economy,Polisi yatahuye ibindi bimenyetso byerekana bwa bujura bwa miliyoni 10 muri T2000,economy,0.8959,400,False
http://kigalipost.com/Rwanda-Harabarurwa-miliyari-35-000-000-000-Frw-yahererekanijwe-muri-ruswa-mu.html,economy,"Rwanda: Harabarurwa miliyari 35,000,000,000 Frw yahererekanijwe muri ruswa mu 2017",economy,0.5134,512,True
http://kigalipost.com/Kicukiro-Bafatanywe-asaga-ibihumbi-500-by-amayero-y-amahimbano.html,economy,Kicukiro: Bafatanywe asaga ibihumbi 500 by'amayero y'amahimbano,politics,0.6016,512,True
http://kigalipost.com/Ibyumba-15-bya-hoteli-bihenze-kurusha-ibindi-ku-isi-AMAFOTO.html,economy,Ibyumba 15 bya hoteli bihenze kurusha ibindi ku isi(AMAFOTO),economy,0.2819,512,True
http://kigalipost.com/Rubavu-Akarere-kafashe-icyemezo-cyo-gufunga-lodges-27.html,economy,Rubavu: Akarere kafashe icyemezo cyo gufunga 'lodges' 27,politics,0.9668,387,False
http://kigalipost.com/Nyamirambo-Anthurium-Residential-Hotel-ahantu-hagezweho-ho-gusohokera-AMAFOTO.html,economy,"Nyamirambo: Anthurium Residential Hotel, ahantu hagezweho ho gusohokera -AMAFOTO",education,0.1787,454,False
http://kigalipost.com/Lesotho-Havumbuwe-diyama-yinjiye-mu-mateka-ifite-agaciro-ka-miliyari-zisaga-44.html,economy,Lesotho: Havumbuwe diyama yinjiye mu mateka ifite agaciro ka miliyari zisaga 44 Frw,economy,0.9559,512,True
http://kigalipost.com/Kigali-Ibiciro-bya-Lisansi-na-mazutu-byongeye-kuzamuka.html,economy,Kigali: Ibiciro bya Lisansi na mazutu byongeye kuzamuka,economy,0.9866,279,False
http://kigalipost.com/Ahantu-nyaburanga-umuntu-wese-yagombye-gusura-mu-bice-bitandukanye-by-isi.html,economy,Ahantu nyaburanga umuntu wese yagombye gusura mu bice bitandukanye by'isi-AMAFOTO,history,0.5021,407,False
http://kigalipost.com/Urubanza-rwa-Gacinya-Denis-rwasubitswe-kubera-murandasi.html,economy,Urubanza rwa Gacinya Denis rwasubitswe kubera murandasi,sport,0.5628,512,True
http://kigalipost.com/Inzu-ihenze-kurusha-izindi-ku-isi-yaguzwe-asaga-miliyali-272-AMAFOTO.html,economy,Inzu ihenze kurusha izindi ku isi yaguzwe asaga miliyali 272-AMAFOTO,economy,0.4491,218,False
http://kigalipost.com/Ora-Restaurant-ahantu-hashya-wafatira-amafunguro-ateguye-neza-i-Nyamirambo.html,economy,"AMAFOTO: Ora Restaurant, ahantu hashya wafatira amafunguro ateguye neza i Nyamirambo",relationship,0.7247,431,False
http://kigalipost.com/Rubavu-na-Rusizi-hafatiwe-abasore-2-bakwirakwiza-amafaranga-y-amiganano.html,economy,Rubavu na Rusizi hafatiwe abasore 2 bakwirakwiza amafaranga y'amiganano,economy,0.555,512,True
http://kigalipost.com/Inyubako-yari-UTC-yahoze-ari-iya-Rujugiro-yahindutse-KCM.html,economy,"Inyubako yari UTC,yahoze ari iya Rujugiro yahindutse KCM",economy,0.9883,348,False
http://kigalipost.com/BNR-yaburiye-abakoresha-uburyo-bwo-kuzigama-no-kugurizanya-amafaranga-mu-bimina.html,economy,BNR yaburiye abakoresha uburyo bwo kuzigama no kugurizanya amafaranga mu bimina,economy,0.9894,276,False
http://kigalipost.com/Nyamagabe-Umukozi-wa-mu-rugo-yafashwe-yibye-asaga-miliyoni-2-n-igice.html,economy,Nyamagabe: Umukozi wa mu rugo yafashwe yibye asaga miliyoni 2 n'igice,politics,0.5647,382,False
http://kigalipost.com/Kamonyi-Imvura-idanzwe-yasenye-inzu-22-yangiza-ibishanga-n-imirima.html,economy,Kamonyi: Imvura idasanzwe yasenye inzu 22 yangiza ibishanga n'imirima,politics,0.5615,512,True
http://kigalipost.com/Hasohotse-urutonde-rw-imijyi-60-itekanye-ku-isi-Afurika-ifitemo-3-URUTONDE.html,economy,"Hasohotse urutonde rw'imijyi 60 itekanye ku isi, Afurika ifitemo 3- URUTONDE",economy,0.6762,512,True
http://kigalipost.com/Abadepite-bagize-PAC-barasaba-ko-Denis-Gacinya-akurikiranwa-kuri-za-miliyoni.html,economy,Abadepite bagize PAC barasaba ko Denis Gacinya akurikiranwa kuri za miliyoni aregwa kuriganya Leta,politics,0.9649,512,True
http://kigalipost.com/INKURA-ya-mbere-yabyariye-muri-Parike-y-Akagera.html,economy,INKURA ya mbere yabyariye muri Parike y'Akagera,culture,0.346,259,False
http://kigalipost.com/Inyubako-ya-Rujugiro-izwi-nka-UTC-yashyizwe-ku-cyamunara.html,economy,Inyubako ya Rujugiro izwi nka UTC yashyizwe ku cyamunara,economy,0.9871,488,False
http://kigalipost.com/Burera-Uwubakishaga-umuhanda-Base-Butaro-Kidaho-yatawe-muri-yombi-akekwaho.html,economy,Burera: Uwubakishaga umuhanda Base- Butaro-Kidaho yatawe muri yombi akekwaho kunyereza umutungo,economy,0.974,512,True
http://www.igihe.com/politiki/article/tito-rutaremara-yavuze-ku-bajura-bahungiye-muri-politiki-bashyize-imbere,politics,"Tito Rutaremara yavuze ku 'bajura' bahungiye muri Politiki, bashyize imbere kwibasira FPR na Perezida Kagame",politics,0.9219,512,True
http://www.igihe.com/politiki/article/museveni-yijeje-gukemura-ibibazo-yagaragarijwe-n-u-rwanda-umunsi-coronavirus,politics,Museveni yijeje gukemura ibibazo yagaragarijwe n'u Rwanda umunsi Coronavirus yavuye mu nzira,politics,0.991,512,True
http://www.igihe.com/politiki/article/ibihugu-bya-eac-byemeje-ko-abashoferi-b-amakamyo-bajya-bapimwa-coronavirus-buri,politics,Imwe mu myanzuro yafatiwe mu nama ya EAC yayobowe na Perezida Kagame,politics,0.8592,512,True
http://www.igihe.com/politiki/article/bamwe-batangiye-guteganya-icyakorwa-mu-gihe-joe-biden-yahagarika-kwiyamamaza,politics,USA: Batangiye guteganya icyakorwa Joe Biden ahagaritse kwiyamamaza; Hillary na Obama bahanzwe amaso,politics,0.9833,512,True
http://www.igihe.com/politiki/article/byatewe-n-iki-ngo-mu-burundi-bagere-aho-basenga-bifuriza-u-rwanda-amakuba,politics,Byatewe n'iki ngo mu Burundi bagere aho basenga bifuriza u Rwanda amakuba?,politics,0.5375,512,True
http://www.igihe.com/politiki/FDLR-mu-marembera-nyuma-y-ifatwa-mpiri-rya-Lt-Col-Museme-Festus-wari-ushinzwe-iperereza,politics,FDLR mu marembera nyuma y'ifatwa mpiri rya Lt Col Museme Festus wari ushinzwe iperereza,politics,0.994,512,True
http://www.igihe.com/politiki/article/covid-19-uburakari-bw-abanyafurika-nyuma-y-ubutumwa-butega-iminsi-abayobozi-bo,politics,Uburakari bw'Abanyafurika nyuma y'isesengura ry'u Bufaransa ritega iminsi abayobozi babo kubera Coronavirus,politics,0.9821,512,True
http://www.igihe.com/politiki/amakuru/article/hagaragajwe-uko-guhera-mu-1959-hashinzwe-ibinyamakuru-byinshi-byo-kubiba,politics,Hagaragajwe uko guhera mu 1959 hashinzwe ibinyamakuru byinshi byo kubiba amacakubiri mbere ya za 'Kangura',history,0.8997,512,True
http://www.igihe.com/politiki/article/imitwe-ya-politiki-irenga-200-ku-isi-yahamagariye-ibihugu-gushyira-hamwe,politics,Imitwe ya Politiki irenga 200 ku Isi yahamagariye ibihugu gushyira hamwe bikarandura COVID-19,politics,0.9936,512,True
http://www.igihe.com/politiki/article/igisiga-cy-urwara-rurerure-rudasingwa-yahishuye-uruhare-rwe-mu-bitero-bya,politics,Igisiga cy'urwara rurerure: Rudasingwa yahishuye uruhare rwe mu bitero bya gerenade byigeze kwibasira Kigali,politics,0.9913,512,True
http://www.igihe.com/politiki/article/minisitiri-biruta-asanga-uganda-ifite-ubushake-ibibazo-byayo-n-u-rwanda,politics,"Minisitiri Biruta asanga Uganda ifite ubushake, ibibazo byayo n'u Rwanda byakemuka mu cyumweru kimwe",politics,0.9942,512,True
http://www.igihe.com/politiki/article/simva-mu-muryango-ukomeye-aho-ndi-ni-igihugu-cyiza-ikiganiro-na-kamanzi,politics,"Simva mu muryango ukomeye, aho ndi ni igihugu cyiza- Ikiganiro na Kamanzi uhagarariye urubyiruko mu Nteko (Video)",politics,0.9402,512,True
http://www.igihe.com/politiki/article/urwishe-ya-nka-ruracyayirimo-leah-karegeya-yahize-guhirika-ubuyobozi-bwa,politics,Urwishe ya nka ruracyayirimo: Leah Karegeya yahize guhirika ubuyobozi bwa Kayumba Nyamwasa muri RNC,politics,0.9937,512,True
http://www.igihe.com/politiki/article/perezida-kagame-yavuze-uko-uganda-yamusabye-ko-abanyarwanda-bajyayo-akabyanga,politics,Perezida Kagame yavuze uko Uganda yamusabye ko Abanyarwanda basubukurayo ingendo akabyanga,politics,0.9951,512,True
http://www.igihe.com/politiki/amakuru/article/urwango-rwo-kwitwa-abanyarwanda-ubwicanyi-mu-isura-ya-jenoside-ibihe-bikomeye,politics,"Urwango rwo kwitwa Abanyarwanda, ubwicanyi mu isura ya 'Jenoside': Ibihe bikomeye ku banyamulenge muri RDC",history,0.9339,512,True
http://www.igihe.com/politiki/amakuru/article/umuntu-ukekwaho-coronavirus-yashyizwe-mu-kato-muri-kenya,politics,Umuntu ukekwaho Coronavirus yashyizwe mu kato muri Kenya,health,0.9052,302,False
http://www.igihe.com/politiki/amakuru/article/ibigo-10-bikora-ibijyanye-na-drones-bihataniye-igihembo-cya-l40-000,politics,Ibigo 10 bikora ibijyanye na drones bihataniye igihembo cya £40.000 kizatangirwa i Kigali,economy,0.483,512,True
http://www.igihe.com/politiki/article/afurika-y-epfo-yagennye-ambasaderi-mushya-wayo-mu-rwanda,politics,Afurika y'Epfo yagennye Ambasaderi mushya wayo mu Rwanda,politics,0.94,512,True
http://www.igihe.com/politiki/article/burundi-gen-ndayishimiye-watorewe-guhagararira-cndd-fdd-mu-matora-ni-muntu-ki,politics,Ibyo wamenya kuri Gen Ndayishimiye ugiye guhagararira CNDD-FDD mu matora y'Umukuru w'Igihugu mu Burundi,politics,0.9932,512,True
http://www.igihe.com/politiki/article/intandaro-y-ubwoba-n-uburakari-bw-u-rwanda-ubwo-gabon-yivanaga-muri-ocam-rwari,politics,Intandaro y'ubwoba n'uburakari bw'u Rwanda ubwo Gabon yivanaga muri OCAM rwari ruyoboye,history,0.8387,512,True
http://www.igihe.com/politiki/article/minisitiri-mateke-wa-uganda-yahishuye-ko-atemeranya-n-amasezerano-n-u-rwanda-n,politics,Minisitiri Mateke wa Uganda yahishuye ko atemeranya n'amasezerano n'u Rwanda n'umugambi mushya barufiteho,history,0.9439,512,True
http://www.igihe.com/politiki/article/bigenda-bite-iyo-umudepite-ageze-mu-nteko-ntatange-ibitekerezo,politics,Bigenda bite iyo umudepite ageze mu Nteko ntatange ibitekerezo?,politics,0.991,512,True
http://www.igihe.com/politiki/article/baringa-ku-cyiswe-balkanisation-y-u-rwanda-kuri-rdc,politics,Baringa ku cyiswe ''balkanisation'' y'u Rwanda kuri RDC,politics,0.6192,512,True
http://www.igihe.com/politiki/article/rdc-umudepite-yasubije-muzito-wasabye-ko-u-rwanda-rwomekwa-kuri-congo-ngo-ibone,politics,RDC: Umudepite yasubije Muzito wasabye ko u Rwanda rwomekwa kuri Congo ngo ibone amahoro,politics,0.9902,512,True
http://www.igihe.com/politiki/article/bumva-ko-kugira-ngo-babemere-bavuga-nabi-u-rwanda-biruta-avuga-kuri-muzito,politics,Bumva ko kugira ngo babemere bavuga nabi u Rwanda – Biruta avuga kuri Muzito,politics,0.9949,512,True
http://www.igihe.com/politiki/article/2020-ihurizo-ku-ireme-rya-demokarasi-ya-afurika-y-iburasizuba-kubera-amatora,politics,"2020, ihurizo ku ireme rya demokarasi ya Afurika y'Iburasizuba kubera amatora ateganyijwe",politics,0.9933,512,True
http://www.igihe.com/politiki/amakuru/article/nta-cyahindutse-ku-muburo-wahawe-abanyarwanda-ku-kujya-muri-uganda-min,politics,Nta cyahindutse ku muburo wahawe Abanyarwanda ku kujya muri Uganda – Min. Nduhungirehe,politics,0.9931,512,True
http://www.igihe.com/politiki/article/umwuka-w-intambara-ukomeje-gututumba-hagati-ya-amerika-na-iran,politics,Umwuka w'intambara ukomeje gututumba hagati ya Amerika na Iran,politics,0.9589,512,True
http://www.igihe.com/politiki/article/amatora-y-abakuru-b-ibihugu-yitezwe-mu-bihugu-bya-afurika-muri-2020,politics,Amatora y'abakuru b'ibihugu yitezwe mu bihugu bya Afurika muri 2020,politics,0.9789,512,True
http://www.igihe.com/politiki/amakuru/article/museveni-yiyemeje-gushyira-iherezo-ku-bibazo-biri-hagati-ya-uganda-n-u-rwanda,politics,Museveni yiyemeje gushyira iherezo ku bibazo biri hagati ya Uganda n'u Rwanda; Yaba koko akomeje?,politics,0.9945,512,True
http://www.igihe.com/ubuzima/article/abahitanywe-na-coronavirus-barenze-ibihumbi-400,health,Abahitanywe na Coronavirus barenze ibihumbi 400,health,0.8711,312,False
http://www.igihe.com/ubuzima/article/coronavirus-i-nyanza-ahazwi-nko-kwa-hadji-hafunzwe,health,Coronavirus: I Nyanza ahazwi nko kwa Hadji hafunzwe,health,0.9773,512,True
http://www.igihe.com/ubuzima/article/ubuzima-i-rusizi-gupima-coronavirus-biri-gukorwa-urugo-ku-rundi-hamaze-gupimwa,health,"Ubuzima i Rusizi: Gupima Coronavirus biri gukorwa urugo ku rundi, hamaze gupimwa abarenga 3000",health,0.9662,512,True
http://www.igihe.com/ubuzima/coronavirus/article/abandi-bantu-11-basanganywe-coronavirus-i-rusizi-no-ku-rusumo,health,Abandi bantu 11 basanganywe Coronavirus i Rusizi no ku Rusumo,politics,0.7797,485,False
http://www.igihe.com/ubuzima/coronavirus/article/abantu-10-basanganywe-coronavirus-mu-duce-twa-rusizi-no-ku-rusumo,health,Abantu 10 basanganywe Coronavirus mu duce twa Rusizi no ku Rusumo,health,0.6814,512,True
http://www.igihe.com/ubuzima/coronavirus/article/coronavirus-ku-wa-5-kamena-mu-minsi-ibiri-gusa-abanduye-barenze-ibihumbi-250,health,Coronavirus ku wa 5 Kamena: Mu minsi ibiri gusa abanduye barenze ibihumbi 250,health,0.9579,512,True
http://www.igihe.com/ubuzima/coronavirus/article/abantu-13-basanganywe-coronavirus-i-rusizi-abanduye-mu-rwanda-baba-410,health,"Abantu 13 basanganywe Coronavirus i Rusizi, abanduye mu Rwanda baba 410",health,0.6489,512,True
http://www.igihe.com/ubuzima/coronavirus/Ingendo-zahagaritswe-mu-Mujyi-wa-Kamembe-abaturage-bategekwa-kuguma-mu-ngo,health,"Ingendo zahagaritswe mu Mujyi wa Kamembe, abaturage bategekwa kuguma mu ngo",politics,0.4588,501,False
http://www.igihe.com/ubuzima/coronavirus/Abandi-bantu-13-bo-mu-Karere-ka-Rusizi-basanzwemo-Coronavirus,health,Abandi bantu 13 bo mu Karere ka Rusizi basanzwemo Coronavirus,politics,0.7309,512,True
http://www.igihe.com/ubuzima/coronavirus/article/ibinini-bya-ibuprofen-byatangiye-kugeragezwa-mu-kuvura-coronavirus,health,Ibinini bya Ibuprofen byatangiye kugeragezwa mu kuvura Coronavirus,health,0.9799,302,False
http://www.igihe.com/ubuzima/article/ntabwo-coronavirus-yatwibagije-abakeneye-ubundi-buvuzi-mu-rwanda-minisante,health,Ntabwo Coronavirus yatwibagije abakeneye ubundi buvuzi - Minisanté,health,0.9859,512,True
http://www.igihe.com/ubuzima/article/oms-yahishuye-ko-coronavirus-yagize-ingaruka-ku-buvuzi-bwa-cancer-na-diabete,health,OMS yahishuye ko Coronavirus yagize ingaruka ku buvuzi bwa Cancer na Diabète,health,0.984,395,False
http://www.igihe.com/ubuzima/coronavirus/Abantu-barindwi-barimo-ab-i-Rusizi-bakoze-ingendo-zambuka-imipaka-basanzwemo-Coronavirus,health,Abantu barindwi barimo ab'i Rusizi bakoze ingendo zambuka imipaka basanzwemo Coronavirus,health,0.8849,512,True
http://www.igihe.com/ubuzima/article/rssb-yagaragaje-ko-mutuelle-de-sante-ifite-icyuho-cya-miliyari-20-frw,health,RSSB yagaragaje ko Mutuelle de Santé ifite icyuho cya miliyari 20 Frw,economy,0.4948,512,True
http://www.igihe.com/ubuzima/coronavirus/article/minisitiri-w-ubuzima-yasobanuye-impamvu-ingendo-hagati-y-intara-n-iza-moto,health,Coronavirus: Ubwandu bushya i Rusizi bwatumye ingendo zihuza Intara zikomeza gufungwa,health,0.4394,512,True
http://www.igihe.com/ubuzima/coronavirus/article/ingendo-za-moto-n-izihuza-umujyi-wa-kigali-n-intara-zakomeje-guhagarikwa,health,Ingendo za moto n'izihuza Umujyi wa Kigali n'intara zakomeje guhagarikwa,politics,0.5903,512,True
http://www.igihe.com/ubuzima/coronavirus/article/abantu-11-basanganywe-coronavirus-mu-rwanda-batandatu-ni-bo-bakize,health,"Abantu 11 basanganywe Coronavirus mu Rwanda, batandatu ni bo bakize",health,0.8358,403,False
http://www.igihe.com/ubuzima/coronavirus/article/umuntu-wa-mbere-wahitanywe-na-coronavirus-mu-rwanda-yashyinguwe-amafoto,health,Umuntu wa mbere wahitanwe na Coronavirus mu Rwanda yashyinguwe (Amafoto),health,0.9671,395,False
http://www.igihe.com/ubuzima/coronavirus/Amabwiriza-yo-gushyingura-umuntu-wahitanywe-na-COVID-19-mu-Rwanda,health,Amabwiriza yo gushyingura umuntu wahitanywe na COVID-19 mu Rwanda,health,0.9512,512,True
http://www.igihe.com/ubuzima/coronavirus/article/uwishema-wiga-muri-turikiya-yifashishije-intiti-mu-buvuzi-mu-bukangurambaga,health,Uwishema wiga muri Turikiya yifashishije intiti mu buvuzi mu bukangurambaga kuri Coronavirus,health,0.9434,512,True
http://www.igihe.com/ubuzima/coronavirus/article/batandatu-banduye-coronavirus-mu-rwanda-babiri-barayikira,health,"Batandatu banduye Coronavirus mu Rwanda, babiri barayikira",health,0.9349,418,False
http://www.igihe.com/ubuzima/article/ibyo-wamenya-ku-ndwara-zo-mu-mutwe-zishobora-gutera-uzirwaye-kureba,health,Ibyo wamenya ku ndwara zo mu mutwe zishobora gutera uzirwaye kureba ibitandukanye n'ibyo abandi babona,health,0.9894,512,True
http://www.igihe.com/ubuzima/coronavirus/article/coronavirus-ku-wa-29-gicurasi-abanduye-ku-isi-biyongereyeho-ibihumbi-116-ku,health,Coronavirus ku wa 29 Gicurasi: Abanduye ku Isi biyongereyeho ibihumbi 116 ku munsi umwe,health,0.9761,512,True
http://www.igihe.com/ubuzima/coronavirus/article/abanduye-coronavirus-mu-rwanda-biyongereyeho-3-baba-349-abayikize-baguma-kuri,health,"Abanduye Coronavirus mu Rwanda biyongereyeho 3 baba 349, abayikize baguma kuri 245",health,0.9368,387,False
http://www.igihe.com/ubuzima/article/ishusho-ya-coronavirus-mu-minsi-10-nta-murwayi-waturutse-mu-baturage-hagati,health,Ishusho ya Coronavirus mu minsi 10: Nta murwayi waturutse mu baturage hagati,health,0.9766,512,True
http://www.igihe.com/ubuzima/coronavirus/article/umwongereza-umwe-muri-batanu-atekereza-ko-coronavirus-yakozwe-n-abayahudi,health,Umwongereza umwe muri batanu atekereza ko Coronavirus yakozwe n'Abayahudi,health,0.8827,512,True
http://www.igihe.com/ubuzima/coronavirus/article/coronavirus-ku-wa-28-gicurasi-abanyamerika-1500-bapfuye-umunsi-ibihumbi-104,health,"Coronavirus ku wa 28 Gicurasi: Abanyamerika 1500 bapfuye ku munsi umwe, ibihumbi 104 barandura ku Isi",health,0.9684,512,True
http://www.igihe.com/ubuzima/inama/Dr-Sinarinzi-Pamela-wa-Baho-Hospital-yakomoje-ku-byo-ukwiye-kumenya-ku-nkingo-zihabwa-abana,health,Dr. Sinarinzi Paméla wa Baho Hospital yakomoje ku byo ukwiye kumenya ku nkingo zihabwa abana,health,0.9853,512,True
http://www.igihe.com/ubuzima/coronavirus/article/abantu-barindwi-banduye-coronavirus-mu-rwanda-umwe-ni-we-wakize,health,"Abantu barindwi banduye Coronavirus mu Rwanda, umwe ni we wakize",health,0.8357,402,False
http://www.igihe.com/ubuzima/coronavirus/article/leta-yatangiye-gupima-coronavirus-mu-bamotari-mbere-y-uko-basubira-mu-muhanda,health,Leta yatangiye gupima Coronavirus mu bamotari mbere y'uko basubira mu muhanda,health,0.8424,512,True
http://www.igihe.com/imikino/football/article/munyakazi-sadate-yavuze-ku-bafashije-andi-makipe-gutwara-rayon-sports-abakinnyi,sport,Munyakazi Sadate yavuze ku bayobozi bafashije andi makipe gutwara Rayon Sports abakinnyi,sport,0.9778,512,True
http://www.igihe.com/imikino/indi-mikino/article/conor-mcgregor-yasezeye-kurwana-mu-mikino-njyarugamba,sport,Conor McGregor yasezeye kurwana mu mikino njyarugamba,sport,0.9708,393,False
http://www.igihe.com/imikino/football/article/apr-fc-yamenyeshejwe-igihe-ntarengwa-cyo-gutanga-urutonde-rw-abakinnyi,sport,APR FC yamenyeshejwe igihe ntarengwa cyo gutanga urutonde rw'abakinnyi izakoresha muri Champions League,sport,0.9833,512,True
http://www.igihe.com/imikino/football/article/sunrise-fc-yasinyishije-ndayishimiye-celestin,sport,Sunrise FC yasinyishije Ndayishimiye Célestin,sport,0.9832,262,False
http://www.igihe.com/imikino/football/article/nta-murwayi-mushya-wa-coronavirus-wabonetse-mu-cyiciro-cya-gatandatu-cy-ibipimo,sport,Nta murwayi mushya wa Coronavirus wabonetse mu cyiciro cya gatandatu cy'ibipimo byafashwe muri Premier League,sport,0.9881,461,False
http://www.igihe.com/imikino/football/article/rugwiro-herve-yagizwe-kapiteni-wa-rayon-sports,sport,Rugwiro Hervé yagizwe kapiteni wa Rayon Sports,sport,0.9537,259,False
http://www.igihe.com/imikino/football/article/ubwegure-bw-umunyamabanga-wa-rayon-sports-bwateshejwe-agaciro,sport,Ubwegure bw'Umunyamabanga wa Rayon Sports bwateshejwe agaciro,sport,0.9689,335,False
http://www.igihe.com/imikino/football/article/mugheni-fabrice-yasezeye-rayon-sports-igiye-gukinisha-abakinnyi-bato-badahenze,sport,Mugheni Fabrice yasezeye Rayon Sports igiye gukinisha abakinnyi bato badahenze,sport,0.9644,358,False
http://www.igihe.com/imikino/basketball/article/michael-jordan-agiye-gutanga-miliyoni-100-zo-kurwanya-irondaruhu,sport,Michael Jordan agiye gutanga miliyoni $100 zo kurwanya irondaruhu,entertainment,0.8847,295,False
http://www.igihe.com/imikino/football/article/musanze-fc-yaguze-abakinnyi-batatu-yumvikanye-n-abandi-batatu-isezerera-umunani,sport,"Musanze FC yaguze abakinnyi batatu, yumvikanye n'abandi batatu, isezerera umunani",sport,0.9861,424,False
http://www.igihe.com/imikino/football/article/gicumbi-fc-na-heroes-fc-zashaka-kuguma-mu-cyiciro-cya-mbere-zatewe-utwatsi,sport,Gicumbi FC na Heroes FC zashakaga kuguma mu cyiciro cya mbere zatewe utwatsi,sport,0.9829,238,False
http://www.igihe.com/imikino/football/article/cristiano-ronaldo-yabaye-umukinnyi-wa-mbere-wa-ruhago-utunze-miliyari-y,sport,Cristiano Ronaldo yabaye umukinnyi wa mbere wa ruhago utunze miliyari y'amadolari,sport,0.9615,446,False
http://www.igihe.com/imikino/football/article/premier-league-yatangaje-uko-amakipe-azahura-mu-minsi-itatu-ya-mbere,sport,Premier League yatangaje uko amakipe azahura mu minsi itatu ya mbere,sport,0.9846,512,True
http://www.igihe.com/imikino/football/article/neymar-bamwibeshyeho-bamugenera-inkunga-y-ibihumbi-113-frw-mu-bihe-bya,sport,Neymar bamwibeshyeho bamugenera inkunga y'ibihumbi 113 Frw mu bihe bya Coronavirus,sport,0.9595,395,False
http://www.igihe.com/imikino/football/article/police-fc-niyo-yatanze-agahimbazamusyi-gahanitse-mu-2019-20-apr-fc-ikubye-rayon,sport,Police FC niyo yatanze agahimbazamusyi gahanitse mu 2019/20: Uko andi makipe ahagaze,sport,0.9769,512,True
http://www.igihe.com/imikino/football/article/rayon-sports-yabwiye-rutanga-na-kimenyi-ko-ibyo-bashingiraho-basaba-gusesa,sport,Rayon Sports yashinje Kimenyi na Rutanga amakosa,sport,0.9799,512,True
http://www.igihe.com/imikino/article/imikino-ikorwa-abantu-bategeranye-yemerewe-gusubukurwa-mu-rwanda-ariko,sport,Imikino ikorwa abantu bategeranye yemerewe gusubukurwa mu Rwanda,sport,0.9576,512,True
http://www.igihe.com/imikino/football/article/ferwafa-igiye-gutanga-ibiribwa-ku-banyamuryango-bayo-54,sport,FERWAFA igiye gutanga ibiribwa ku banyamuryango bayo 54,sport,0.8332,341,False
http://www.igihe.com/imikino/article/abasimbura-muri-shampiyona-y-u-bwongereza-bagizwe-batanu-bavuye-kuri-batatu,sport,Abasimbura muri Shampiyona y'u Bwongereza bagizwe batanu bavuye kuri batatu,sport,0.9893,186,False
http://www.igihe.com/imikino/football/article/gasogi-united-yasinyishije-abandi-bakinnyi-babiri,sport,Gasogi United yasinyishije abandi bakinnyi babiri,sport,0.9881,214,False
http://www.igihe.com/imikino/football/article/undi-muntu-yanduye-coronavirus-muri-premier-league,sport,Undi muntu yanduye Coronavirus muri Premier League,sport,0.9757,303,False
http://www.igihe.com/imikino/football/article/masudi-djuma-yavuze-icyamugoye-muri-bugesera-fc-icyo-apr-fc-yarushije-rayon,sport,"Masudi Djuma yavuze icyamugoye muri Bugesera FC, icyo APR FC yarushije Rayon Sports no kuri Karekezi Olivier",sport,0.9896,512,True
http://www.igihe.com/imikino/football/article/kiyovu-sports-yaguze-ngendahimana-eric-isigaje-undi-mukinnyi-umwe,sport,"Kiyovu Sports yaguze Ngendahimana Eric, isigaje undi mukinnyi umwe",sport,0.982,391,False
http://www.igihe.com/imikino/basketball/article/iserukiramuco-rya-giants-of-africa-ryari-guhuriza-ibihugu-11-i-kigali,sport,Iserukiramuco rya Giants of Africa ryari guhuriza ibihugu 11 i Kigali ryasubitswe,entertainment,0.3995,512,True
http://www.igihe.com/imikino/football/article/amakipe-ya-premier-league-yemerewe-gukina-imikino-ya-gicuti-ariko-hashyirwaho,sport,Amakipe ya Premier League yemerewe gukina imikino ya gicuti ariko hashyirwaho amabwiriza yihariye,sport,0.9901,376,False
http://www.igihe.com/imikino/football/article/startimes-ikomeje-kwerekana-bundesliga-bayern-munich-irakoza-imitwe-y-intoki-ku,sport,"StarTimes ikomeje kwerekana Bundesliga, Bayern Munich irakoza imitwe y'intoki ku gikombe",sport,0.992,512,True
http://www.igihe.com/imikino/football/article/fifa-yasabye-amashyirahamwe-y-imikino-gukoresha-ubwenge-mbere-yo-guhana,sport,Urupfu rwa George Floyd: FIFA yasabye ubushishozi mu guhana abakinnyi bashyigikiye abigaragambya,sport,0.9756,429,False
http://www.igihe.com/imikino/football/article/ntabwo-tuzahora-mu-itangazamakuru-tuvuga-ibintu-bipfuye-kiyovu-sports-ivuga-ku,sport,Ntabwo tuzahora mu itangazamakuru tuvuga ibintu bipfuye- Kiyovu Sports ivuga ku ibaruwa ya Rayon Sports,sport,0.9772,400,False
http://www.igihe.com/imikino/football/article/abakinnyi-batanu-ba-fc-barcelone-banduye-coronavirus-bigirwa-ibanga,sport,Abakinnyi batanu ba FC Barcelone banduye Coronavirus bigirwa ibanga,sport,0.9847,370,False
http://www.igihe.com/imikino/football/article/rayon-sports-yabwiye-police-fc-na-kiyovu-sports-ko-zasinyishije-abakinnyi-bayo,sport,Rayon Sports yamenyesheje Police FC na Kiyovu Sports ko zasinyishije abakinnyi bayo binyuranyije n'amategeko,sport,0.9812,326,False
http://www.igihe.com/imyidagaduro/article/ngabo-evy-wageze-kure-muri-artrwanda-ubuhanzi-yashyize-hanze-indirimbo-nshya,entertainment,Ngabo Evy wageze kure muri ArtRwanda – Ubuhanzi yashyize hanze indirimbo nshya,entertainment,0.9852,512,True
http://www.igihe.com/imyidagaduro/article/ubuhamya-bwa-olga-lorie-umuhanzikazi-wavuye-i-burundi-agana-mu-rwanda,entertainment,"Ubuhamya bwa Olga Lorie, umuhanzikazi wavuye i Burundi agana mu Rwanda kuhashakira amaronko (Video)",entertainment,0.98,470,False
http://www.igihe.com/imyidagaduro/Danny-Vumbi-ageze-kure-imyiteguro-ya-album-nshya-azamurikira-kuri-internet-Video,entertainment,Danny Vumbi ageze kure imyiteguro ya album nshya azamurikira kuri internet (Video),entertainment,0.9852,512,True
http://www.igihe.com/imyidagaduro/article/king-james-yifashishije-miss-mutoni-queen-mu-mashusho-y-indirimbo-ye-nshya,entertainment,King James yifashishije Miss Mutoni Queen mu mashusho y'indirimbo ye nshya,entertainment,0.981,500,False
http://www.igihe.com/imyidagaduro/article/abahanzi-b-ibyamamare-mu-rwanda-bahuriye-mu-ndirimbo-ivuga-kuri-coronavirus,entertainment,Abahanzi b'ibyamamare mu Rwanda bahuriye mu ndirimbo ivuga kuri Coronavirus,entertainment,0.9888,382,False
http://www.igihe.com/imyidagaduro/article/ibyamamare-byo-mu-rwanda-byinjiye-mu-bukangurambaga-bwo-kwamagana-iyicwa-ry,entertainment,Ibyamamare byo mu Rwanda byinjiye mu bukangurambaga bwo kwamagana iyicwa ry'abirabura muri Amerika,entertainment,0.8582,512,True
http://www.igihe.com/imyidagaduro/article/abakobwa-10-bo-mu-majyepfo-ya-afurika-babonye-itike-yo-kwitabira-miss-career,entertainment,Abakobwa 10 bo mu Majyepfo ya Afurika babonye itike yo kwitabira Miss Career Africa 2020 izasorezwa mu Rwanda,entertainment,0.5868,512,True
http://www.igihe.com/imyidagaduro/article/usa-shizzo-wujuje-album-ye-ya-kane-my-trap-life-akomeje-gusohora-indirimbo,entertainment,"USA: Shizzo wujuje Album ye ya kane ""My trap life"" akomeje gusohora indirimbo ziyigize",entertainment,0.9886,373,False
http://www.igihe.com/imyidagaduro/article/bwa-mbere-mu-mateka-uwatorewe-kuba-miss-america-agiye-kumarana-ikamba-imyaka,entertainment,Bwa mbere mu mateka uwatorewe kuba Miss America agiye kumarana ikamba imyaka ibiri,entertainment,0.8657,284,False
http://www.igihe.com/imyidagaduro/article/abaririmbyi-bakomeye-mu-makorali-yo-muri-kiliziya-gatolika-bahuriye-mu-ndirimbo,entertainment,Abaririmbyi bakomeye mu makorali yo muri Kiliziya Gatolika bahuriye mu ndirimbo,religion,0.6763,512,True
http://www.igihe.com/imyidagaduro/article/yacuruje-amagi-n-amasahane-ibyo-wamenya-ku-buzima-bushaririye-clapton-kibonge,entertainment,Yacuruje amagi n'amasahane! Ibyo wamenya ku buzima bushaririye Clapton Kibonge yanyuzemo,health,0.9646,512,True
http://www.igihe.com/imyidagaduro/article/umunya-nigeria-majek-fashek-wamamaye-mu-njyana-ya-reggae-yitabye-imana,entertainment,Umunya-Nigeria Majek Fashek wamamaye mu njyana ya Reggae yitabye Imana,entertainment,0.9795,348,False
http://www.igihe.com/imyidagaduro/article/ncuti-gatwa-umunyabibazo-uri-kurya-ku-musaruro-w-imbuto-zabibwe-na-sex,entertainment,Ncuti Gatwa: Uwari umunyabibazo ari kurya ku mbuto zeze kuri filime Sex Education yamugize ikimenyabose,entertainment,0.9892,512,True
http://www.igihe.com/imyidagaduro/article/umusore-ukundana-na-diane-wo-muri-city-maid-yahishuye-byinshi-birimo-kuba-bari,entertainment,Umusore ukundana na Diane wo muri City Maid yahishuye byinshi birimo n'ubukwe bitegura vuba,entertainment,0.9868,409,False
http://www.igihe.com/imyidagaduro/article/clapton-kibonge-yatangiye-gusohora-filime-umuturanyi-yanditse-mu-bihe-bya,entertainment,"Clapton Kibonge yatangiye gusohora filime ""Umuturanyi"" yanditse mu bihe bya #Gumamurugo",entertainment,0.9799,438,False
http://www.igihe.com/imyidagaduro/article/batandukanye-nyuma-y-ukwezi-ateye-ivi-inkuru-y-urukundo-rwa-kamayirese-wigisha,entertainment,Batandukanye nyuma y'ukwezi ateye ivi! Inkuru y'urukundo rwa Kamayirese wigisha umuziki ku Nyundo,entertainment,0.9874,512,True
http://www.igihe.com/imyidagaduro/article/dj-kelly-na-dj-traxxy-bagiye-gukora-igitaramo-kizabinjiza-mu-10-ba-mbere-ku-isi,entertainment,DJ Kelly na Dj Traxxy bagiye gukora igitaramo kizabinjiza mu 10 ba mbere ku Isi bacuranze igihe kirekire,entertainment,0.9886,506,False
http://www.igihe.com/imyidagaduro/article/ben-nganji-yaririmbye-agaragaza-ko-kubaho-neza-uturanye-n-ababayeho-nabi-nta,entertainment,Ben Nganji yaririmbye agaragaza ko kubaho neza uturanye n'ababayeho nabi nta mutekano bitanga,entertainment,0.9867,425,False
http://www.igihe.com/imyidagaduro/article/platini-yasohoye-indirimbo-veronika-ikubiyemo-amagambo-yumvikana-nk-acyurira,entertainment,"Platini yasohoye indirimbo ""Veronika"" ikubiyemo amagambo yumvikana nk'acyurira uwahoze ari umukunzi we",entertainment,0.9882,503,False
http://www.igihe.com/imyidagaduro/article/namukunze-mubonye-acuranga-mu-kabari-inkuru-y-urukundo-rw-umuryango-utunzwe-no,entertainment,Inkuru y'urukundo rwa Iyakare na Nyirandayishimiye bahujwe no gucuranga igisope mu kabari,entertainment,0.9844,512,True
http://www.igihe.com/imyidagaduro/article/shaddyboo-watangiye-umushinga-wo-guteka-yasubije-abamutuka-anasobanura,entertainment,"Shaddyboo watangiye umushinga wo guteka, yasubije abamutuka anasobanura amashusho yafashwe muri Miss Rwanda 2020",entertainment,0.9858,512,True
http://www.igihe.com/imyidagaduro/article/yvan-buravan-uri-gukora-kuri-album-ye-ya-kabiri-yasohoye-indirimbo-ye-nshya,entertainment,"Yvan Buravan uri gukora kuri album ye ya kabiri, yasohoye indirimbo ye nshya yise ""Low key""",entertainment,0.9848,359,False
http://www.igihe.com/imyidagaduro/article/nelly-kelba-umuhanzi-mushya-uhanze-amaso-isoko-mpuzamahanga,entertainment,"Nelly Kelba, umuhanzi mushya uhanze amaso isoko mpuzamahanga",entertainment,0.99,389,False
http://www.igihe.com/imyidagaduro/article/kylie-jenner-ayoboye-urutonde-rw-abinjije-amafaranga-menshi-mu-2019,entertainment,Kylie Jenner ayoboye urutonde rw'abinjije amafaranga menshi mu 2019,economy,0.7351,373,False
http://www.igihe.com/imyidagaduro/article/kanye-west-yitabiriye-imyigaragambyo-yatanze-miliyoni-ebyiri-z-amadorari,entertainment,"Kanye West yatanze miliyoni $2, anemera kurihira ishuri umwana wa George Floyd",entertainment,0.9866,512,True
http://www.igihe.com/imyidagaduro/article/data-ni-we-wa-mbere-wishwe-na-covid-19-mu-rwanda-producer-fayzo-yiyemeje,entertainment,Data ni we wa mbere wishwe na COVID-19 mu Rwanda! Producer Fayzo yiyemeje kurwanya Coronavirus,health,0.9474,512,True
http://www.igihe.com/imyidagaduro/article/princess-priscillah-yatangiye-gushyira-hanze-indirimbo-iri-mu-zizaba-ziri-kuri,entertainment,"Princess Priscilla ""Scillah"" yasohoye indirimbo ikubiyemo inkuru mpamo y'inshuti ye yahiriwe n'urushako",entertainment,0.9745,512,True
http://www.igihe.com/imyidagaduro/Mico-The-Best-agiye-kugirana-ikiganiro-n-Umuyobozi-ushinzwe-kurwanya-Igituntu-muri-OMS,entertainment,Mico The Best agiye kugirana ikiganiro n'Umuyobozi ushinzwe kurwanya Igituntu muri OMS,entertainment,0.9823,313,False
http://www.igihe.com/imyidagaduro/article/clarisse-karasira-yakoze-indirimbo-ikubiyemo-inkuru-mpamo-y-abajya-gushakira,entertainment,Clarisse Karasira yakoze indirimbo ikubiyemo inkuru mpamo y'abajya gushakira ubuzima mu mahanga,entertainment,0.9877,352,False
http://www.igihe.com/imyidagaduro/article/diamond-platnumz-yanze-gutanga-indezo-y-umwana-we-na-tanasha,entertainment,Diamond Platnumz yanze gutanga indezo y'umwana we na Tanasha,entertainment,0.9863,499,False
http://www.igihe.com/ikoranabuhanga/Hari-kugeragezwa-ikoranabuhanga-rishobora-kugoboka-abarimu-10-000-basezerewe-mu-kazi,technology,Hatangiye gukoreshwa ikoranabuhanga ryitezweho kugoboka abarimu 10 000 bahagaritswe mu kazi,politics,0.481,512,True
http://www.igihe.com/ikoranabuhanga/article/mtn-yashyizeho-uburyo-bworoshye-bwo-kwishyura-abamotari-n-ibihembo-ku,technology,MTN yashyizeho uburyo bworoshye bwo kwishyura abamotari n'ibihembo ku bazabukoresha cyane,economy,0.9629,512,True
http://www.igihe.com/ikoranabuhanga/article/sobanukirwa-uko-internet-ya-5g-izahindura-ubuzima-bwa-muntu,technology,Sobanukirwa uko internet ya 5G izahindura ubuzima bwa muntu,technology,0.9582,512,True
http://www.igihe.com/ikoranabuhanga/ubumenyi/article/bwa-mbere-mu-myaka-icyenda-icyogajuru-cyagiye-mu-isanzure-gihagurukiye-ku,technology,"Bwa mbere mu myaka icyenda, icyogajuru cyagiye mu isanzure gihagurukiye ku butaka bwa Amerika",technology,0.9432,309,False
http://www.igihe.com/ikoranabuhanga/internet/article/facebook-yatangije-ihahiro-ku-mbuga-zayo-zitandukanye,technology,Facebook yatangije ihahiro ku mbuga zayo zitandukanye,technology,0.9545,393,False
http://www.igihe.com/ikoranabuhanga/article/abakoreshaga-google-play-music-bahawe-uburyo-bwo-kwimukira-kuri-youtube-music,technology,Abakoreshaga Google Play Music bahawe uburyo bwo kwimukira kuri YouTube Music,entertainment,0.8405,235,False
http://www.igihe.com/ikoranabuhanga/Netflix-igiye-guhagarika-konti-z-abantu-bamaze-igihe-batayikoresha-kandi-bishyura,technology,Netflix igiye guhagarika konti z'abantu bamaze igihe batayikoresha kandi bishyura,entertainment,0.9065,321,False
http://www.igihe.com/ikoranabuhanga/internet/article/australie-yaciye-agahigo-mu-kugira-internet-yihuta-kurusha-izindi-ku-isi,technology,Australie yaciye agahigo mu kugira internet yihuta kurusha izindi ku Isi,technology,0.9508,390,False
http://www.igihe.com/ikoranabuhanga/article/hakozwe-agapfukamunwa-korohereza-abantu-kurya-batagakuyemo,technology,Hakozwe agapfukamunwa korohereza abantu kurya batagakuyemo,health,0.8028,207,False
http://www.igihe.com/ikoranabuhanga/article/google-chrome-igiye-gutangira-gukumira-amatangazo-yamamaza-amara-internet-n,technology,Google Chrome igiye gutangira gukumira amatangazo yamamaza amara internet n'umuriro by'abakiliya bayo,technology,0.9585,290,False
http://www.igihe.com/ikoranabuhanga/article/my-airtel-app-uburyo-bworoshye-bwo-kwishura-serivisi-nyinshi-ukoresheje,technology,My Airtel app: Uburyo bworoshye bwo kwishyura serivisi nyinshi ukoresheje telefone yawe,technology,0.794,512,True
http://www.igihe.com/ikoranabuhanga/article/ikoranabuhanga-rya-tap-go-rigeze-kure-rinozwa-ngo-risakazwe-mu-gihugu-hose,technology,Ikoranabuhanga rya Tap&Go rigeze kure rinozwa ngo risakazwe mu gihugu hose,technology,0.6097,512,True
http://www.igihe.com/ikoranabuhanga/mudasobwa/article/kurangiza-imanza-za-cyamunara-n-inyandiko-mpesha-byatangiye-gukorerwa-mu,technology,Kurangiza imanza za cyamunara n'inyandiko mpesha byatangiye gukorerwa mu ikoranabuhanga (Video),politics,0.7453,512,True
http://www.igihe.com/ikoranabuhanga/mobayilo/article/airtel-yatangije-application-ya-mbere-ihuriza-hamwe-serivise-zose-isanzwe,technology,Airtel yatangije 'Application' ya mbere ihuriza hamwe serivise zose isanzwe itanga,technology,0.5589,512,True
http://www.igihe.com/ikoranabuhanga/article/zoom-niyo-porogaramu-yamanuwe-cyane-kuri-internet-muri-mata,technology,Zoom niyo porogaramu yamanuwe cyane kuri internet muri Mata,technology,0.8467,266,False
http://www.igihe.com/ikoranabuhanga/mobayilo/article/smartphone-nziza-zihendutse-wagura,technology,Smartphone nziza zihendutse wagura,technology,0.9735,512,True
http://www.igihe.com/ikoranabuhanga/article/facebook-yavuguruye-uburyo-igaragara-mu-korohereza-abayikoresha,technology,Facebook yavuguruye uburyo igaragara mu korohereza abayikoresha,technology,0.9549,345,False
http://www.igihe.com/ikoranabuhanga/ubumenyi/article/u-bushinwa-bwohereje-mu-kirere-rocket-izamura-ibyogajuru-mu-mushinga-wabwo-wo,technology,U Bushinwa bwohereje mu kirere rocket izamura ibyogajuru mu mushinga wabwo wo kugera ku kwezi,economy,0.704,271,False
http://www.igihe.com/ikoranabuhanga/article/ikigo-cyo-mu-rwanda-cyegukanye-igihembo-mu-irushanwa-mpuzamahanga-rya-drones,technology,Ikigo cyo mu Rwanda cyegukanye igihembo mu irushanwa mpuzamahanga rya drones,technology,0.6828,512,True
http://www.igihe.com/ikoranabuhanga/article/sosiyete-ya-andela-yahagaritse-abakozi-bayo-135-batarimo-abo-mu-rwanda,technology,Sosiyete ya Andela yahagaritse abakozi bayo 135 batarimo abo mu Rwanda,economy,0.8341,512,True
http://www.igihe.com/ikoranabuhanga/mudasobwa/article/samsung-yashyize-ku-isoko-laptop-eshatu-z-akataraboneka,technology,"Samsung yashyize ku isoko ""laptop"" eshatu z'akataraboneka",technology,0.9489,512,True
http://www.igihe.com/ikoranabuhanga/article/hakozwe-agakoresho-k-ikoranabuhanga-gashyirwa-mu-ijosi-kakagaragaza-ibimenyetso,technology,Hakozwe agakoresho k'ikoranabuhanga gashyirwa mu ijosi kakagaragaza ibimenyetso bya Coronavirus,entertainment,0.5921,182,False
http://www.igihe.com/ikoranabuhanga/ubumenyi/ubumenyi-bw-isi/article/ibuye-ryaturutse-ku-kwezi-ryashyizwe-mu-cyamunara-kuri-miliyoni-2-49-z,technology,Ibuye ryaturutse ku kwezi ryashyizwe mu cyamunara kuri miliyoni 2.49 z'amadolari,economy,0.7401,443,False
http://www.igihe.com/ikoranabuhanga/mobayilo/article/samsung-igiye-gushyira-ku-isoko-galaxy-fold-2-na-galaxy-note-20,technology,Samsung igiye gushyira ku isoko Galaxy Fold 2 na Galaxy Note 20,technology,0.953,284,False
http://www.igihe.com/ikoranabuhanga/internet/article/microsoft-yungutse-miliyari-zisaga-10-z-amadorali-mu-mezi-atatu-kubera,technology,Microsoft yungutse miliyari zisaga 10 z'amadolari mu mezi atatu kubera Coronavirus,technology,0.9532,506,False
http://www.igihe.com/ikoranabuhanga/mudasobwa/article/sobanukirwa-neza-itandukaniro-rya-operating-system-zikoreshwa-muri-mudasobwa,technology,Sobanukirwa neza itandukaniro rya 'Operating System' zikoreshwa muri mudasobwa,technology,0.9642,512,True
http://www.igihe.com/ikoranabuhanga/article/google-meet-ikoreshwa-mu-kuganira-mu-buryo-bw-amashusho-yagizwe-ubuntu-ku-bantu,technology,"Google Meet ikoreshwa mu kuganira mu buryo bw'amashusho, yagizwe ubuntu ku bantu bose",technology,0.9674,264,False
http://www.igihe.com/ikoranabuhanga/ubumenyi/article/ikibuye-kinini-kiraza-guca-hafi-y-isi,technology,Ikibuye kinini kiraza guca hafi y'Isi,economy,0.5726,189,False
http://www.igihe.com/ikoranabuhanga/internet/article/facebook-yavuguruye-uburyo-abantu-baganira-hifashishijwe-amashusho,technology,Facebook yavuguruye uburyo abantu baganira hifashishijwe amashusho,technology,0.9464,157,False
http://www.igihe.com/ikoranabuhanga/article/motorola-yashyize-ku-isoko-telefoni-zigezweho-za-edge-na-edge-plus,technology,Motorola yashyize ku isoko telefoni zigezweho za Edge na Edge Plus,technology,0.9519,373,False
http://www.igihe.com/umuco/ibitabo/article/impamvu-igitabo-kidakwiriye-kubura-mu-mpano-uha-uwo-ukunda,culture,Impamvu igitabo kidakwiriye kubura mu mpano uha uwo ukunda,religion,0.3598,512,True
http://www.igihe.com/umuco/article/amafoto-mpangano-y-abami-batwaye-u-rwanda-imyaka-870-n-abagabekazi-babo,culture,Amafoto mpangano y'abami batwaye u Rwanda imyaka 870 n'abagabekazi babo,history,0.8273,512,True
http://www.igihe.com/umuco/amateka/article/tariki-15-gicurasi-umunsi-umwanditsi-n-umunyamateka-mgr-alexis-kagame,culture,Tariki 15 Gicurasi: Umunsi umwanditsi n'umunyamateka Mgr Alexis Kagame yaboneyeho izuba,religion,0.4651,512,True
http://www.igihe.com/umuco/article/abanyabugeni-b-abagore-bahawe-umwihariko-mu-kwizihiza-umunsi-mpuzamahanga-w,culture,Abanyabugeni b'abagore bahawe umwihariko mu kwizihiza Umunsi Mpuzamahanga w'Ingoro Ndangamurage,politics,0.954,512,True
http://www.igihe.com/umuco/article/imihango-n-imigenzo-yakorwaga-n-abanyarwanda-mu-kwirukana-ibiza-n-ibyorezo,culture,Imihango n'imigenzo yakorwaga n'Abanyarwanda mu kwirukana ibiza n'ibyorezo,health,0.9747,512,True
http://www.igihe.com/umuco/article/inkomoko-y-amazina-y-uduce-tumwe-two-muri-kigali-nka-nyarugenge-kacyiru-n,culture,"Inkomoko y'amazina y'uduce tumwe two muri Kigali nka Nyarugenge, Kacyiru n'utundi",history,0.5558,512,True
http://www.igihe.com/umuco/amateka/article/imyaka-26-irashize-umwamikazi-wa-nyuma-w-u-rwanda-rosalie-gicanda-yishwe,culture,"Imyaka 26 irashize umwamikazi wa nyuma w'u Rwanda, Rosalie Gicanda yishwe",politics,0.695,512,True
http://www.igihe.com/umuco/amateka/article/imyaka-20-irashize-paul-kagame-atorewe-kuyobora-u-rwanda,culture,Imyaka 20 irashize Paul Kagame atorewe kuyobora u Rwanda,politics,0.994,512,True
http://www.igihe.com/umuco/article/intwaro-z-ingenzi-abanyarwanda-bifashishaga-mu-guhangana-n-ibyorezo-by-inzara-n,culture,Intwaro z'ingenzi Abanyarwanda bifashishaga mu guhangana n'ibyorezo by'inzara n'indwara,history,0.7519,512,True
http://www.igihe.com/umuco/article/kurara-imbere-ku-mugabo-ivure-ku-mugore-ingingo-y-umuco-itavugwaho-rumwe,culture,"Kurara imbere ku mugabo, ivure ku mugore: Ingingo y'umuco itavugwaho rumwe",relationship,0.6957,512,True
http://www.igihe.com/umuco/ikinyarwanda/article/ralc-yakebuye-abanena-ikinyarwanda-ku-mbuga-nkoranyambaga-ibyita-ubujiji,culture,"RALC yakebuye abanena Ikinyarwanda ku mbuga nkoranyambaga, ibyita 'ubujiji'",politics,0.2812,512,True
http://www.igihe.com/umuco/article/uko-ubuhanzi-nyarwanda-bwakoreshejwe-mu-gucengeza-amacakubiri-yagejeje-kuri,culture,Uko ubuhanzi nyarwanda bwakoreshejwe mu gucengeza amacakubiri yagejeje kuri Jenoside,history,0.8384,512,True
http://www.igihe.com/umuco/amateka/article/uko-kofi-annan-yasuye-u-rwanda-mu-1998-abayobozi-bakuru-bose-banga-kumwakira,culture,"Uko Kofi Annan yasuye u Rwanda mu 1998, abayobozi bakuru bose bakanga kumwakira",politics,0.988,512,True
http://www.igihe.com/umuco/ibitabo/article/ibitabo-by-abana-byanditse-mu-kinyarwanda-byatangiye-gushyirwa-kuri-internet-ku,culture,Ibitabo by'abana byanditse mu Kinyarwanda byatangiye gushyirwa kuri internet ku buntu,politics,0.2735,512,True
http://www.igihe.com/umuco/amateka/article/byinshi-kuri-ruzagayura-inzara-yashegeshe-u-rwanda-igahitana-abasaga-ibihumbi,culture,"Byinshi kuri Ruzagayura, inzara yashegeshe u Rwanda igahitana abasaga ibihumbi 300",history,0.9269,512,True
http://www.igihe.com/umuco/article/amateka-y-ibyorezo-by-inzara-indwara-z-abantu-n-amatungo-byayogoje-u-rwanda,culture,"Amateka y'ibyorezo by'inzara, indwara z'abantu n'amatungo byayogoje u Rwanda kugeza mu 1946",history,0.7281,512,True
http://www.igihe.com/umuco/ibitabo/article/incamake-ku-gitabo-stop-working-for-uncle-sam-gikebura-abahora-barambirije-ku,culture,"Incamake ku gitabo ""Stop Working for Uncle Sam"" gikebura abahora barambirije ku mushahara",health,0.4402,512,True
http://www.igihe.com/umuco/ibitabo/article/iby-ingenzi-mu-gitabo-let-the-people-pick-the-president-kinenga-uburyo-amatora,culture,Iby'ingenzi mu gitabo 'Let the People Pick the President' kinenga uburyo amatora muri Amerika akorwamo,politics,0.9853,512,True
http://www.igihe.com/umuco/ibitabo/article/bimwe-mu-bitabo-by-abanyarwanda-byagufasha-muri-iki-gihe-cya-coronavirus,culture,Bimwe mu bitabo by'Abanyarwanda byagufasha muri iki gihe cya coronavirus,politics,0.5883,512,True
http://www.igihe.com/umuco/article/rutangarwamaboko-yasobanuye-uko-ubupfumu-yaburazwe-na-sekuruza-n-impamvu-yo,culture,Rutangarwamaboko yasobanuye uko ubupfumu yaburazwe na sekuruza n'impamvu yo guterekera (video),health,0.9527,512,True
http://www.igihe.com/umuco/article/uko-u-rwanda-rwahuye-n-ibyorezo-by-inzara-ibisebe-n-indwara-z-amatungo-ku-ngoma,culture,"Uko u Rwanda rwahuye n'ibyorezo by'inzara, ibisebe n'indwara z'amatungo ku ngoma ya Mutara Semugeshi",culture,0.5748,512,True
http://www.igihe.com/umuco/article/impamvu-y-imiziro-imwe-n-imwe-yari-yihariye-ku-bagore-bo-mu-rwanda-rwo-hambere,culture,Impamvu y'imiziro imwe n'imwe yari yihariye ku bagore bo mu Rwanda rwo hambere,history,0.6184,512,True
http://www.igihe.com/umuco/article/ibitazibagirana-mu-gitero-cyiswe-icy-imigogo-u-rwanda-rwatsinzemo-abanyankore,culture,Ibitazibagirana mu gitero cyiswe icy'Imigogo u Rwanda rwatsinzemo abanyankore,history,0.497,512,True
http://www.igihe.com/umuco/article/ibikoresho-gakondo-bya-muzika-byabicaga-bigacika-mu-rwanda-rwo-hambere,culture,"Ibikoresho gakondo bya Muzika, byabicaga bigacika mu Rwanda rwo hambere",entertainment,0.9617,512,True
http://www.igihe.com/umuco/amateka/article/uko-umunaniro-wazahaje-perezida-kayibanda-agashaka-kwegura,culture,Uko umunaniro wazahaje Perezida Kayibanda agashaka kwegura,politics,0.9837,512,True
http://www.igihe.com/umuco/article/abakoresha-ururimi-rw-ikirera-bafite-impungenge-ko-rushobora-gucika,culture,Abakoresha ururimi rw'Ikirera bafite impungenge ko rushobora gucika,culture,0.4877,512,True
http://www.igihe.com/umuco/ibitabo/article/scholastique-mukasonga-yasohoye-igitabo-kivuga-kuri-kibogo-wafatwaga-nk-umukiza,culture,Scholastique Mukasonga yasohoye igitabo kivuga kuri Kibogo wafatwaga nk'umukiza w'abanyarwanda,religion,0.5283,512,True
http://www.igihe.com/umuco/article/indirimbo-umwami-yuhi-musinga-yaririmbye-ubwo-yacibwaga-mu-rwanda,culture,Indirimbo umwami Yuhi Musinga yaririmbye ubwo yacibwaga mu Rwanda,culture,0.6244,512,True
http://www.igihe.com/umuco/article/itandukaniro-ry-imitako-gakondo-y-abanyarwanda-bo-hambere-n-icyo-yabaga,culture,Itandukaniro ry'imitako gakondo y'Abanyarwanda bo hambere n'icyo yabaga isobanuye,culture,0.3409,512,True
http://www.igihe.com/umuco/article/imiterere-y-amasano-y-ibanze-ya-kinyarwanda-n-ibyo-amwe-yabuzaga-abavandimwe,culture,Imiterere y'amasano y'ibanze ya Kinyarwanda,health,0.6229,512,True
http://www.igihe.com/ubukerarugendo/article/abakora-mu-bukerarugendo-bagiriwe-inama-yo-kugabanya-ibiciro-mu-kureshya,tourism,Abakora mu bukerarugendo bagiriwe inama yo kugabanya ibiciro mu kureshya abakiliya b'imbere mu gihugu,economy,0.9375,512,True
http://www.igihe.com/ubukerarugendo/article/abantu-bagiye-muri-restaurant-no-muri-hotel-bagiye-kuzajya-bandikwa,tourism,Abagana hoteli na za restaurant bagiye kujya bandikwa,politics,0.7059,437,False
http://www.igihe.com/ubukerarugendo/article/rdc-abarinzi-12-ba-pariki-y-igihugu-ya-virunga-bishwe-n-abantu-bitwaje-intwaro,tourism,RDC: Abarinzi 12 ba Pariki y'Igihugu ya Virunga bishwe n'abantu bitwaje intwaro,politics,0.9263,246,False
http://www.igihe.com/ubukerarugendo/article/uburyo-bushya-ushobora-gusura-ingagi-zo-mu-birunga-wibereye-mu-rugo,tourism,Uburyo bushya ushobora gusura ingagi zo mu birunga wibereye mu rugo,economy,0.3618,505,False
http://www.igihe.com/ubukerarugendo/article/afurika-y-epfo-covid-19-yatumye-intare-zibona-ubwisanzure-ziri-kugaragara,tourism,"Afurika y'Epfo: COVID-19 yatumye intare zibona ubwisanzure , ziri kugaragara ziryamye mu mihanda (amafoto)",tourism,0.3762,283,False
http://www.igihe.com/ubukerarugendo/article/urwego-rw-ubukerarugendo-rwahombye-hafi-miliyari-35-frw-muri-werurwe-kubera,tourism,Urwego rw'Ubukerarugendo rwahombye hafi miliyari 35 Frw muri Werurwe kubera Coronavirus,economy,0.8927,512,True
http://www.igihe.com/ubukerarugendo/pariki-n-amashyamba/article/imwe-mu-nkura-eshanu-zazanywe-mu-rwanda-zivuye-i-burayi-yarapfuye,tourism,"Imwe mu nkura eshanu zazanywe mu Rwanda zivuye i Burayi, yarapfuye",politics,0.573,512,True
http://www.igihe.com/ubukerarugendo/article/urwego-rw-ubukerarugendo-rwa-eac-mu-bihombo-u-rwanda-mu-bihugu-bizashegeshwa,tourism,Urwego rw'ubukerarugendo muri EAC mu bihombo kubera Coronavirus,economy,0.9234,512,True
http://www.igihe.com/ubukerarugendo/article/ibikorwa-by-imyidagaduro-muri-za-hoteli-n-utubyiniro-byahagaritswe,tourism,Ibikorwa by'imyidagaduro muri za hoteli n'utubyiniro byahagaritswe,health,0.9749,413,False
http://www.igihe.com/ubukerarugendo/ahantu-nyaburanga/article/ba-mukerarugendo-batangiye-gupimwa-coronavirus-mbere-yo-gusura-ingagi,tourism,Ba mukerarugendo batangiye gupimwa Coronavirus mbere yo gusura ingagi,health,0.968,512,True
http://www.igihe.com/ubukerarugendo/article/nyamasheke-bishimiye-ibyiza-bakomeje-kugezwaho-nyuma-yo-kureka-ibyangiza,tourism,Nyamasheke:Bishimiye ibyiza bakomeje kugezwaho nyuma yo kureka ibyangiza ishyamba rya Nyungwe,economy,0.5815,512,True
http://www.igihe.com/ubukerarugendo/article/perezida-kagame-yafunguye-one-only-gorilla-s-nest-hoteli-yuzuye-itwaye-miliyoni,tourism,"Perezida Kagame yafunguye ""One&Only Gorilla's Nest"", hoteli yuzuye itwaye miliyoni 65 z'amadolari",economy,0.9846,512,True
http://www.igihe.com/ubukerarugendo/article/ubwiza-bwa-one-only-gorilla-s-nest-hoteli-y-i-musanze-yishyurwa-3600-ku-ijoro,tourism,"Ubwiza bwa One&Only Gorilla's Nest, hoteli y'i Musanze yishyurwa 3600 $ ku ijoro (Amafoto)",technology,0.4166,512,True
http://www.igihe.com/ubukerarugendo/article/nyamasheke-bubakiwe-ibyumba-11-by-amashuri-nk-inyungu-ku-mafaranga-ava-mu,tourism,Nyamasheke: Bubakiwe ibyumba 11 by'amashuri nk'inyungu ku mafaranga ava mu bukerarugendo,education,0.4247,512,True
http://www.igihe.com/ubukerarugendo/article/akarere-ka-bugesera-karifuza-kubyaza-umusaruro-ibiyaga-gafite-mu-bukerarugendo,tourism,Akarere ka Bugesera karifuza kubyaza umusaruro ibiyaga gafite mu bukerarugendo,economy,0.9667,512,True
http://www.igihe.com/ubukerarugendo/ahantu-nyaburanga/article/maria-sharapova-n-umukunzi-we-bahishuye-ibihe-bidasanzwe-bagize-ubwo-basuraga-u,tourism,Maria Sharapova n'umukunzi we bahishuye ibihe bidasanzwe bagize ubwo basuraga u Rwanda na Botswana,entertainment,0.5278,512,True
http://www.igihe.com/ubukerarugendo/Rusizi-Ni-iki-cyadindije-umushinga-wa-hoteli-imeze-nk-ubwato-yagombaga-kubakwa-ku-kirwa,tourism,Rusizi: Ni iki cyadindije umushinga wa hoteli imeze nk'ubwato yagombaga kubakwa ku kirwa?,economy,0.9523,407,False
http://www.igihe.com/ubukerarugendo/article/rdb-yahuguye-abayobora-ba-mukerarugendo-ku-mateka-y-urugamba-rwo-kubohora,tourism,RDB yahuguye abayobora ba mukerarugendo ku mateka y'urugamba rwo kubohora igihugu,tourism,0.3781,512,True
http://www.igihe.com/ubukerarugendo/article/mbatembereze-i-strasbourg-umujyi-ubumbatiye-amateka-y-abafaransa-n-abadage,tourism,"Mbatembereze i Strasbourg, Umujyi ubumbatiye amateka y'Abafaransa n'Abadage (Amafoto)",history,0.826,512,True
http://www.igihe.com/ubukerarugendo/article/ese-birashoboka-kubona-visit-rwanda-muri-f1-na-nba-habura-iki-ngo-siporo-y-u,tourism,Twitege Visit Rwanda muri Formula 1 na NBA?,sport,0.9894,512,True
http://www.igihe.com/ubukerarugendo/article/rdb-yitabiriye-imurika-rikomeye-ry-ubukerarugendo-muri-amerika,tourism,RDB yitabiriye imurika rikomeye ry'ubukerarugendo muri Amerika,entertainment,0.4911,419,False
http://www.igihe.com/ubukerarugendo/article/abaholandi-barimo-van-gaal-bagaragaje-urwibutso-basigaranye-mu-rugendo-bagiriye,tourism,Abaholandi barimo Van Gaal bagaragaje urwibutso basigaranye mu rugendo bagiriye mu Rwanda,sport,0.647,512,True
http://www.igihe.com/ubukerarugendo/article/mu-basuye-pariki-y-akagera-umwaka-ushize-48-ni-abanyarwanda,tourism,"Mu basuye Pariki y'Akagera umwaka ushize, 48 % ni Abanyarwanda",tourism,0.4702,512,True
http://www.igihe.com/ubukerarugendo/article/ibigo-nyarwanda-byacanye-umucyo-mu-imurikagurisha-ry-ubukerarugendo-mu,tourism,Ibigo nyarwanda byacanye umucyo mu imurikagurisha ry'ubukerarugendo mu Buholandi (Amafoto),economy,0.926,512,True
http://www.igihe.com/ubukerarugendo/ahantu-nyaburanga/article/umunyamakuru-w-icyamamare-mu-buholandi-yaryohewe-n-ibyiza-by-u-rwanda,tourism,Umunyamakuru w'icyamamare mu Buholandi yaryohewe n'ibyiza by'u Rwanda,politics,0.8265,512,True
http://www.igihe.com/ubukerarugendo/article/singita-kwitonda-lodge-yashyizwe-ku-mwanya-wa-gatatu-muri-hoteli-nziza-ku-isi,tourism,Singita Kwitonda Lodge yashyizwe ku mwanya wa gatatu muri hoteli nziza ku Isi,politics,0.8054,512,True
http://www.igihe.com/ubukerarugendo/article/wild-connector-safaris-irizihiza-noheli-itembereza-abaturarwanda-muri-pariki-y,tourism,Wild Connector Safaris yatanze umwihariko mu gutembereza abantu Pariki y'Akagera mu minsi mikuru,entertainment,0.2714,470,False
http://www.igihe.com/ubukerarugendo/article/imbamutima-z-inzego-zitandukanye-ku-bufatanye-bw-u-rwanda-na-psg,tourism,Imbamutima z'inzego zitandukanye ku bufatanye bw'u Rwanda na PSG,sport,0.7147,512,True
http://www.igihe.com/ubukerarugendo/article/icyo-u-rwanda-ruzungukira-mu-bufatanye-na-psg-n-impamvu-rwaguye-imbibi,tourism,Icyo u Rwanda ruzungukira mu bufatanye na PSG n'impamvu rwaguye imbibi zikarenga ubukerarugendo,sport,0.8985,512,True
http://www.igihe.com/ubukerarugendo/article/nyanza-inzira-z-ubukerarugendo-gakondo-zahawe-icyangombwa-cyo-mu-rwego-rwa,tourism,Nyanza: Inzira z'Ubukerarugendo gakondo zahawe icyangombwa cyo mu rwego rwa mbere (Amafoto),economy,0.5874,512,True
http://www.igihe.com/ubukungu/ubucuruzi/article/startimes-igiye-kuzamura-ibiciro-by-ifatabuguzi,economy,StarTimes igiye kuzamura ibiciro by'ifatabuguzi,sport,0.853,512,True
http://www.igihe.com/ubukungu/article/banki-y-abaturage-yavuguruye-inguzanyo-ku-mushahara-iyo-gutunga-inzu-n-iyo,economy,"BPR Plc yavuguruye inguzanyo ku mushahara, iyo gutunga inzu n'iyo kugura imodoka",economy,0.9863,512,True
http://www.igihe.com/ubukungu/article/equity-group-yakuyeho-kwishyura-inyungu-ku-migabane-kubera-coronavirus,economy,Equity Group yemeje ko uyu mwaka itazatanga inyungu ku migabane kubera Coronavirus,economy,0.7033,359,False
http://www.igihe.com/ubukungu/amabanki-2003/article/i-m-bank-igiye-kongera-imari-shingiro-igere-kuri-miliyari-25frw,economy,I&M Bank igiye kongera imari shingiro igere kuri miliyari 25Frw,economy,0.8393,512,True
http://www.igihe.com/ubukungu/ubucuruzi/article/abanyamahoteli-bagaragaje-kubahiriza-ingamba-zo-kwirinda-covid-19-basaba-ko,economy,"Abanyamahoteli bagaragaje kubahiriza ingamba zo kwirinda Covid-19, basaba ko amasaha y'akazi yongerwa",politics,0.8832,512,True
http://www.igihe.com/ubukungu/amabanki/article/ecobank-mu-bufatanye-na-google-mu-guteza-imbere-ikoranabuhanga-mu-bacuruzi-bato,economy,Ecobank yinjiye mu bufatanye na Google buzateza imbere ikoranabuhanga mu bacuruzi bato,technology,0.818,512,True
http://www.igihe.com/ubukungu/amabanki-2003/article/banki-zikomeye-zikoresha-miliyari-6-frw-mu-kubungabunga-amafaranga,economy,Banki zikomeye zikoresha miliyari 6 Frw mu kubungabunga amafaranga ahererekanywa mu ntoki,economy,0.9262,512,True
http://www.igihe.com/ubukungu/ubucuruzi/article/mtn-rwanda-yagejeje-ku-isoko-internet-yihariye-ikoreshwa-mu-rugo,economy,MTN Rwanda yagejeje ku isoko internet yihariye ikoreshwa mu rugo,technology,0.5907,512,True
http://www.igihe.com/ubukungu/article/amafaranga-yahererekanyijwe-hifashishijwe-telefoni-yiyongereyeho-ku-kigero-cya,economy,Amafaranga yahererekanyijwe hifashishijwe telefoni yiyongereyeho ku kigero cya 450% mu mezi atatu,economy,0.5573,512,True
http://www.igihe.com/ubukungu/ubucuruzi/article/leta-y-u-rwanda-igiye-kongera-miliyari-145-frw-muri-rwandair,economy,U Rwanda rugiye gushyira miliyari 145 Frw muri RwandAir,economy,0.9716,512,True
http://www.igihe.com/ubukungu/article/depite-mutesi-yasabye-ko-kwizigamira-mu-rwanda-byagirwa-itegeko,economy,Depite Mutesi yasabye ko kwizigamira mu Rwanda byagirwa itegeko,economy,0.9862,512,True
http://www.igihe.com/ubukungu/article/ingengo-y-imari-y-u-rwanda-ya-2020-2021-iziyongeraho-miliyari-228-frw,economy,Ingengo y'imari y'u Rwanda ya 2020/2021 iziyongeraho miliyari 228 Frw,economy,0.9686,512,True
http://www.igihe.com/ubukungu/article/bnr-yazamuye-umubare-w-amafaranga-umuntu-ashobora-kubikuza-akoresheje-sheki,economy,BNR yazamuye umubare w'amafaranga umuntu ashobora kubikuza akoresheje sheki,economy,0.9818,512,True
http://www.igihe.com/ubukungu/article/u-rwanda-ruracyafite-icyuho-cya-toni-zisaga-ibihumbi-cumi-ngo-rwihaze-mu-buki,economy,U Rwanda rufite icyuho cya toni zisaga 10.000 ngo rwihaze mu buki,economy,0.9806,512,True
http://www.igihe.com/ubukungu/article/bk-group-plc-yemeje-abagize-inama-y-ubutegetsi-yizeza-abakiliya-kubaba-hafi,economy,"BK Group PLC yemeje abagize inama y'ubutegetsi, yizeza abakiliya kubaba hafi muri ibi bihe",economy,0.8271,512,True
http://www.igihe.com/ubukungu/ubucuruzi/article/uruganda-rwa-kinazi-rwasabye-abantu-kwita-ku-buziranenge-igihe-bagiye-kugura,economy,Uruganda rwa Kinazi rwasabye abantu kwita ku buziranenge igihe bagiye kugura ifu y'ubugari,economy,0.9734,512,True
http://www.igihe.com/ubukungu/ubwiteganyirize/article/prime-life-insurance-yatangije-ikimina-cyacu-ubwishingizi-bushya-buzorohereza,economy,"Prime Life Insurance yatangije ""Ikimina cyacu"", ubwishingizi buzorohereza Abanyarwanda kwizigamira",health,0.5662,512,True
http://www.igihe.com/ubukungu/article/imikorere-y-ikigega-kigamije-kuzahura-ubukungu-bw-u-rwanda-bwazahajwe-na,economy,Imikorere y'ikigega kigamije kuzahura ubukungu bw'u Rwanda bwazahajwe na Coronavirus,economy,0.6622,512,True
http://www.igihe.com/ubukungu/ishoramari/article/amazon-igiye-kugura-imigabane-ya-miliyari-ebyiri-z-amadorali-muri-airtel,economy,Amazon igiye kugura imigabane ya miliyari ebyiri z'amadorali muri Airtel,technology,0.7324,512,True
http://www.igihe.com/ubukungu/amabanki/article/unguka-bank-plc-yashishikarije-abakiliya-bayo-kwifashisha-ikoranabuhanga-muri,economy,Unguka Bank Plc yashishikarije abakiliya bayo kwifashisha ikoranabuhanga muri serivisi bakeneye,economy,0.9714,512,True
http://www.igihe.com/ubukungu/ubucuruzi/article/bk-yatangaje-ba-rwiyemezamirimo-b-abagore-25-bazahabwa-inguzanyo-nta-nyungu,economy,Ba rwiyemezamirimo 25 b'abagore batoranyijwe muri 'BK Urumuri' mu cyiciro cya kane bamenyekanye,economy,0.7243,512,True
http://www.igihe.com/ubukungu/ubucuruzi/article/imodoka-nini-zica-ku-mupaka-wa-rusumo-zariyongereye-mu-minsi-icumi-ishize,economy,Imodoka nini zica ku mupaka wa Rusumo zariyongereye mu minsi icumi ishize,politics,0.6889,512,True
http://www.igihe.com/ubukungu/iterambere/article/abakorana-n-amabanki-bariyongereye-abagerwaho-na-serivisi-z-imari-bagera-kuri,economy,"Abakorana n'amabanki bariyongereye, abagerwaho na serivisi z'imari bagera kuri 93% mu Rwanda",economy,0.9893,512,True
http://www.igihe.com/ubukungu/amabanki/article/i-m-bank-rwanda-plc-yungutse-miliyari-1-5-frw-mu-gihembwe-cya-mbere-cy-uyu,economy,I&M Bank Rwanda Plc yungutse miliyari 1.5 Frw mu gihembwe cya mbere cy'uyu mwaka,economy,0.9733,512,True
http://www.igihe.com/ubukungu/amabanki-2003/article/ecobank-yahembwe-nka-banki-yahize-izindi-mu-guhanga-udushaya-muri-afurika,economy,ECOBANK yahembwe nka banki yahize izindi mu guhanga udushya muri Afurika,economy,0.9872,512,True
http://www.igihe.com/ubukungu/article/ibigo-bito-n-ibiciriritse-57-5-byahagaritse-ibikorwa-kubera-coronavirus,economy,Ibigo bito n'ibiciriritse 57.5% byahagaritse ibikorwa kubera Coronavirus,economy,0.9548,512,True
http://www.igihe.com/ubukungu/article/ibihugu-bigize-sadc-bigiye-gufungura-ubucuruzi-bwose-bwambukiranya-imipaka,economy,Ibihugu bigize SADC bigiye gufungura ubucuruzi bwose bwambukiranya imipaka,politics,0.9791,512,True
http://www.igihe.com/ubukungu/ubucuruzi/article/coronavirus-yazamuye-cyane-ubutunzi-bw-abaherwe-facebook-yinjiza-menshi-kurusha,economy,"Coronavirus yazamuye cyane ubutunzi bw'abaherwe, Facebook yinjiza menshi kurusha ibindi bigo",economy,0.9056,483,False
http://www.igihe.com/ubukungu/article/abagana-cogebanque-banyuzwe-na-serivisi-z-imari-bagezwaho-hifashishijwe,economy,Abagana Cogebanque banyuzwe na serivisi z'imari bagezwaho hifashishijwe ikoranabuhanga,politics,0.4974,512,True
http://www.igihe.com/ubukungu/amabanki/ECOBANK-yorohereje-abafunguza-konti-z-amanyarwanda-n-amadovize-guhabwa-ikarita-ya-ATM-ako-kanya,economy,ECOBANK yorohereje abafunguza konti z'amanyarwanda n'amadovize guhabwa ikarita ya ATM ako kanya,economy,0.9688,512,True
http://www.igihe.com/fashion/article/ivumburamatsiko-kuri-fred-lyon-wambika-benshi-mu-byamamare-nyarwanda,fashion,Ivumburamatsiko kuri Fred Lyon wambika benshi mu byamamare nyarwanda,entertainment,0.9865,512,True
http://www.igihe.com/fashion/article/miss-akiwacu-colombe-yitabiriye-paris-fashion-week-amafoto,fashion,Miss Akiwacu Colombe yitabiriye Paris Fashion Week (Amafoto),fashion,0.4531,512,True
http://www.igihe.com/fashion/article/umusore-uzahagararira-u-rwanda-muri-mister-africa-2019-yamenyekanye,fashion,Umusore uzahagararira u Rwanda muri 'Mister Africa 2019' yamenyekanye,entertainment,0.9695,351,False
http://www.igihe.com/fashion/article/abanyarwanda-bacanye-umucyo-muri-tokyo-africa-collections-amafoto,fashion,Abanyarwanda bacanye umucyo muri Tokyo Africa Collections (Amafoto),fashion,0.5036,512,True
http://www.igihe.com/fashion/article/kim-kardashian-yahinduye-izina-ry-imideli-ye-nyuma-yo-kotswa-igitutu-n,fashion,Kim Kardashian yahinduye izina ry'imideli ye nyuma yo kotswa igitutu n'Abayapani,entertainment,0.9788,283,False
http://www.igihe.com/fashion/article/uko-umusore-ukomoka-mu-budage-yafashe-iya-mbere-mu-guhanga-imyambaro-ya-made-in,fashion,Uko umusore ukomoka mu Budage yafashe iya mbere mu guhanga imyambaro ya Made in Rwanda,economy,0.5708,512,True
http://www.igihe.com/fashion/article/imyambarire-mishya-igezweho-mu-banyamujyi-b-abanyabirori-amafoto,fashion,Imyambarire igezweho mu banyamujyi b'abanyabirori (Amafoto),entertainment,0.7758,512,True
http://www.igihe.com/fashion/article/imideli-ikoranywe-ubuhanga-n-intambuko-zinogeye-ijisho-mu-byaranze-kigali,fashion,Imideli ikoranywe ubuhanga n'intambuko zinogeye ijisho mu byaranze Kigali Fashion Week 2019 (Amafoto),entertainment,0.4503,512,True
http://www.igihe.com/fashion/article/kardashian-agiye-guhindura-izina-ry-imyambaro-y-imbere-yatumye-yamaganwa-n,fashion,Kardashian agiye guhindura izina ry'imyambaro y'imbere yatumye yamaganwa n'Abayapani,entertainment,0.9771,512,True
http://www.igihe.com/fashion/article/abanyamideli-10-batoranyijwe-muri-534-bitabiriye-ijonjora-ry-abazitabira-kigali,fashion,Abanyamideli 10 batoranyijwe muri 534 bitabiriye ijonjora rya Kigali Fashion Week ya 2019 (Amafoto),entertainment,0.4537,414,False
http://www.igihe.com/fashion/article/miss-akiwacu-colombe-yitabiriye-imurika-ry-imisatsi-i-paris,fashion,Miss Akiwacu Colombe yitabiriye imurika ry'imisatsi i Paris,entertainment,0.9563,282,False
http://www.igihe.com/fashion/article/kigali-fashion-week-yuguruye-imiryango-ku-bahanga-imideli-n-abayimurika,fashion,Kigali Fashion Week yuguruye imiryango ku bahanga imideli n'abayimurika,fashion,0.4803,510,False
http://www.igihe.com/fashion/article/umunyamideli-alexia-mupende-yunamiwe-mu-birori-bya-rwanda-fashion-week-2019,fashion,Umunyamideli Alexia Mupende yunamiwe mu birori bya Rwanda Fashion Week 2019 (Amafoto),entertainment,0.5251,512,True
http://www.igihe.com/fashion/article/akari-ku-mutima-wa-turahirwa-uherutse-kwambika-robot-yitwa-sophia,fashion,Akari ku mutima wa Turahirwa uherutse kwambika Robot yitwa Sophia,entertainment,0.8618,512,True
http://www.igihe.com/fashion/article/emmanuel-okoro-wambitse-theresa-may-ategerejwe-mu-birori-bya-rwanda-fashion,fashion,Emmanuel Okoro wambitse Theresa May ategerejwe mu birori bya Rwanda Fashion Week 2019,entertainment,0.5596,512,True
http://www.igihe.com/fashion/article/ubwiza-bw-imideli-yamurikiwe-mu-birori-bya-mercedes-benz-fashion-week-byabereye,fashion,Ubwiza bw'imideli yamurikiwe mu birori bya Mercedes-Benz Fashion Week byabereye i Kigali (Amafoto),fashion,0.4857,512,True
http://www.igihe.com/fashion/article/george-malelu-wambitse-beyonce-mu-bazamurika-imideli-muri-mercedes-benz-fashion,fashion,George Malelu wambitse Beyoncé mu bazamurika imideli muri Mercedes Benz Fashion Week Kigali,entertainment,0.5981,483,False
http://www.igihe.com/fashion/article/uburyo-jennifer-lopez-yatumye-hatangizwa-google-images,fashion,Uburyo Jennifer Lopez yatumye hatangizwa Google Images,entertainment,0.678,512,True
http://www.igihe.com/fashion/article/robot-yitwa-sophia-yashimye-ubwiza-bw-umushanana-wa-moshions-yambariye-i-kigali,fashion,Robot yitwa Sophia yashimye ubwiza bw'umushanana wa Moshions yambariye i Kigali,technology,0.6482,512,True
http://www.igihe.com/fashion/article/hatoranyijwe-abanyamideli-bazitabira-mercedes-fashion-week-i-kigali-amafoto,fashion,Hatoranyijwe abanyamideli bazitabira 'Mercedes Fashion Week' i Kigali (Amafoto),fashion,0.5398,417,False
http://www.igihe.com/fashion/article/impinduka-muri-kigali-fashion-week-ya-2019,fashion,Impinduka muri Kigali Fashion Week ya 2019,entertainment,0.5494,433,False
http://www.igihe.com/fashion/article/umunyamideli-yatezwe-n-imishumi-y-inkweto-ari-kwiyerekana-ahita-apfa,fashion,Umunyamideli yatezwe n'imishumi y'inkweto ari kwiyerekana ahita apfa,entertainment,0.6266,254,False
http://www.igihe.com/fashion/article/inzozi-za-mukamusoni-umunyamideli-ubikomatanya-no-kwandika-imivugo-hanze-y-u,fashion,"Inzozi za Mukamusoni, Umunyamideli ubikomatanya no kwandika imivugo hanze y'u Rwanda",entertainment,0.8315,512,True
http://www.igihe.com/fashion/article/umunyarwandakazi-ari-guhatanira-top-model-europe-2019,fashion,Umunyarwandakazi ari guhatanira 'Top Model Europe 2019',entertainment,0.8592,512,True
http://www.igihe.com/fashion/article/mizero-cedric-azahagararira-u-rwanda-muri-london-fashion-week,fashion,Mizero Cedric azahagararira u Rwanda muri London Fashion Week,fashion,0.5046,512,True
http://www.igihe.com/fashion/article/turahirwa-washinze-inzu-y-imideli-ya-moshions-yamuritse-iduka-rishya-amafoto,fashion,Turahirwa washinze inzu y'imideli ya 'Moshions' yamuritse iduka rishya (Amafoto),entertainment,0.4593,451,False
http://www.igihe.com/fashion/article/inzu-y-imideli-ya-versace-igiye-kugurwa-miliyari-2-1,fashion,Inzu y'imideli ya Versace igiye kugurwa miliyari $2.1,entertainment,0.9851,446,False
http://www.igihe.com/fashion/article/i-kigali-hagiye-kubera-ibirori-bishya-by-imideli-ikorerwa-mu-rwanda,fashion,I Kigali hagiye kubera ibirori bishya by'imideli ikorerwa mu Rwanda,entertainment,0.5563,512,True
http://www.igihe.com/fashion/article/jay-d-wabaye-rudasumbwa-wa-afurika-yasezeye-muri-godfather-east-africa,fashion,Jay D wabaye Rudasumbwa wa Afurika yasezeye muri GodFather East Africa,entertainment,0.986,512,True
http://www.igihe.com/fashion/article/uzi-collections-yimukiye-mu-iduka-rishya-inashyira-ku-isoko-ikanzu-yise-lili,fashion,"Uzi Collections yimukiye mu iduka rishya, inashyira ku isoko ikanzu yise 'Lili'",fashion,0.4468,486,False
http://www.igihe.com/iyobokamana/muzika/article/umuvugabutumwa-muri-adepr-yinjiranye-mu-muziki-indirimbo-ikoze-mu-njyana-ya-hip,religion,Umuvugabutumwa wo muri ADEPR yinjiranye mu muziki indirimbo iri mu njyana ya Hip Hop,religion,0.9851,512,True
http://www.igihe.com/iyobokamana/article/papa-francis-yamaganye-urupfu-rwa-george-floyd-n-imvururu-zarukurikiye-muri,religion,Papa Francis yamaganye urupfu rwa George Floyd n'imvururu zarukurikiye muri Amerika,health,0.768,268,False
http://www.igihe.com/iyobokamana/muzika/article/kanuma-jean-damascene-yashyize-hanze-indirimbo-nshya-yise-nkurya-munsi,religion,Kanuma Jean Damascène yashyize hanze indirimbo nshya yise 'Nkurya Munsi',entertainment,0.7951,269,False
http://www.igihe.com/iyobokamana/muzika/article/the-bright-five-singers-yashyize-hanze-indirimbo-yo-gufasha-abantu-kwizihiza,religion,The Bright Five Singers yashyize hanze indirimbo yo gufasha abantu kwizihiza umunsi mukuru wa Pantekote,entertainment,0.5193,512,True
http://www.igihe.com/iyobokamana/article/ntabwo-yezu-yagusize-bupfubyi,religion,Ntabwo Yezu yagusize bupfubyi,religion,0.9861,512,True
http://www.igihe.com/iyobokamana/article/umunya-canada-uririmba-indirimbo-zihimbaza-imana-yatunguranye-avuga-ko,religion,Umunya-Canada uririmba indirimbo zihimbaza Imana yatunguranye avuga ko atayizera,religion,0.9273,512,True
http://www.igihe.com/iyobokamana/article/yavutse-ku-witeguraga-kuba-umubikira-ubuhamya-butangaje-bwa-ev-tuyishimire-wo,religion,Yavutse ku witeguraga kuba Umubikira: Ubuhamya butangaje bwa Ev. Tuyishimire wo muri ADEPR,religion,0.9658,512,True
http://www.igihe.com/iyobokamana/amadini/article/bizibukwa-mu-mateka-isengesho-rya-eid-al-fitr-ryabereye-kuri-televiziyo-y,religion,Bizibukwa mu mateka! Isengesho rya Eid al-Fitr ryabereye kuri Televiziyo y'Igihugu,politics,0.8567,512,True
http://www.igihe.com/iyobokamana/article/ese-koko-abantu-bake-nibo-bazinjira-mu-ngoma-y-ijuru,religion,Ese koko abantu bake nibo bazinjira mu ngoma y'ijuru?,religion,0.9836,512,True
http://www.igihe.com/iyobokamana/article/igisibo-cy-ukwezi-kwa-ramadhan-kizasozwa-ku-cyumweru,religion,Igisibo cy'Ukwezi kwa Ramadhan kizasozwa ku Cyumweru,religion,0.4555,355,False
http://www.igihe.com/iyobokamana/article/imana-ntizatubaza-gusa-1-10-izanatubaza-uko-dukoresha-ayo-dusigarana-bishop-dr,religion,"Imana ntizatubaza gusa 1/10, izanatubaza uko dukoresha ayo dusigarana-Bishop Dr. Masengo Fidèle",religion,0.9863,512,True
http://www.igihe.com/iyobokamana/article/paul-hagayi-wari-umaze-imyaka-ibiri-atuje-yasohoye-indirimbo-yise-negamiye,religion,"Paul Hagayi wari umaze imyaka ibiri atuje yasohoye indirimbo yise ""Negamiye Imana""",religion,0.9874,512,True
http://www.igihe.com/iyobokamana/article/igisibo-cya-ramadan-ku-bayisilamu-kizasorezwa-mu-rugo-hirindwa-coronavirus,religion,"Byemejwe ko Ilayidi izizihirizwa mu ngo, Abayisilamu bahabwa umurongo bazakurikiza",religion,0.751,512,True
http://www.igihe.com/iyobokamana/article/amafoto-y-icyumweru-kabuga-yafatiwe-i-paris-rbc-yashyikirijwe-casque-zikingira,religion,"Amafoto y'icyumweru: Kabuga yafatiwe i Paris, RBC yashyikirijwe 'Casque' zikingira abavura Coronavirus",politics,0.9723,443,False
http://www.igihe.com/iyobokamana/article/uwasogongeye-ku-rukundo-rwa-kristu-ntashobora-kuba-imfubyi,religion,Uwasogongeye ku rukundo rwa Kristu ntashobora kuba imfubyi,relationship,0.8224,512,True
http://www.igihe.com/iyobokamana/article/adepr-yashinjwe-kugabanya-imishahara-y-abakozi-bayo-binyuranye-n-amategeko,religion,ADEPR yashinjwe kugabanya imishahara y'abakozi bayo binyuranye n'amategeko,politics,0.916,512,True
http://www.igihe.com/iyobokamana/article/sedy-djano-yisunze-serge-iyamuremye-bakorana-indirimbo-ni-wowe,religion,Sedy Djano yisunze Serge Iyamuremye bakorana indirimbo 'Ni wowe',entertainment,0.9829,512,True
http://www.igihe.com/iyobokamana/article/ibihe-isi-irimo-si-ibyo-gukuka-umutima,religion,Ibihe isi irimo si ibyo gukuka umutima,religion,0.8727,512,True
http://www.igihe.com/iyobokamana/muzika/article/inkurunziza-family-choir-yo-mu-badiventisiti-iri-gukora-kuri-album-nshya,religion,Inkurunziza Family Choir yo mu Badiventisiti iri gukora kuri album nshya izamurika yizihiza imyaka 20,religion,0.9872,464,False
http://www.igihe.com/iyobokamana/article/umunyempano-sam-rushimisha-yasohoye-indirimbo-nshya-yise-ubutunzi,religion,Umunyempano Sam Rushimisha yasohoye indirimbo nshya yise ''Ubutunzi'',religion,0.9811,512,True
http://www.igihe.com/iyobokamana/article/benedigito-xvi-wahoze-ari-papa-yamaganye-abashaka-kumucecekesha,religion,Benedigito XVI wahoze ari Papa yamaganye abashaka 'kumucecekesha',religion,0.6141,349,False
http://www.igihe.com/iyobokamana/article/korali-ya-adepr-namur-mu-bubiligi-yatanze-ubutumwa-bw-ihumure-mu-ndirimbo-mu,religion,Korali ya ADEPR NAMUR mu Bubiligi yatanze ubutumwa bw'ihumure mu ndirimbo ''Mu bwihisho'',religion,0.7679,512,True
http://www.igihe.com/iyobokamana/article/yezu-kristu-yazanywe-no-kugira-ngo-tugire-ubuzima-busendereye,religion,Yezu Kristu yazanywe no kugira ngo tugire ubuzima busendereye,religion,0.9695,512,True
http://www.igihe.com/iyobokamana/article/muco-adonis-wahimbye-nzogera-ku-cyo-yavuze-yashyize-hanze-indirimbo-nshya,religion,Muco Adonis wahimbye 'Nzogera ku cyo yavuze' yashyize hanze indirimbo nshya,religion,0.9625,512,True
http://www.igihe.com/iyobokamana/muzika/article/danny-mutabazi-yasohoye-indirimbo-impamba-y-urugendo-ihumuriza-abahagaritse,religion,Danny Mutabazi yasohoye indirimbo 'Impamba y'urugendo' ihumuriza abahagaritse imitima,religion,0.71,450,False
http://www.igihe.com/iyobokamana/article/cubaka-justin-yashyize-hanze-indirimbo-yatunganyijwe-mu-2014,religion,Cubaka Justin yashyize hanze indirimbo yatunganyijwe mu 2014,entertainment,0.9752,512,True
http://www.igihe.com/iyobokamana/article/gucika-intege-niko-gutsindwa-turi-nk-abigishwa-ba-yezu-mu-nzira-ya-emawusi,religion,"Gucika intege niko gutsindwa, turi nk'abigishwa ba Yezu mu nzira ya Emawusi",religion,0.9731,512,True
http://www.igihe.com/iyobokamana/article/igisibo-cya-ramadhan-kizakorwa-gite-mu-bihe-bya-coronavirus,religion,Igisibo cya Ramadhan kizakorwa gite mu bihe bya coronavirus ?,religion,0.3307,512,True
http://www.igihe.com/iyobokamana/Patient-Bizimana-wasezeranye-n-umukunzi-we-mu-ibanga-aritegura-kurushinga,religion,Patient Bizimana wasezeranye n'umukunzi we mu ibanga aritegura kurushinga,entertainment,0.9645,512,True
http://www.igihe.com/iyobokamana/Bishop-Rugagi-udakunze-kuvugwaho-rumwe-yigambye-ko-akiza-Coronavirus,religion,Bishop Rugagi udakunze kuvugwaho rumwe yigambye ko akiza Coronavirus,religion,0.9855,512,True
http://www.igihe.com/ibidukikije/article/u-rwanda-rwashimiwe-kuba-igihugu-cya-mbere-cyatanze-gahunda-ivuguruye-ijyanye-n,environment,U Rwanda rwashimiwe kuba igihugu cya mbere cyatanze gahunda ivuguruye ijyanye n'amasezerano y'i Paris,economy,0.9251,512,True
http://www.igihe.com/ibidukikije/article/hari-kwigwa-uko-hakorwa-amacupa-ashobora-kubora-mu-mwaka-umwe,environment,Hari kwigwa uko hakorwa amacupa ashobora kubora mu mwaka umwe,tourism,0.4298,341,False
http://www.igihe.com/ibidukikije/article/miliyari-10-frw-zigiye-kwifashishwa-mu-kubungabunga-icyogogo-cya-sebeya,environment,Miliyari 10 Frw zigiye kwifashishwa mu kubungabunga icyogogo cya Sebeya,economy,0.9463,464,False
http://www.igihe.com/ibidukikije/article/ingaruka-ubushyuhe-bukabije-buzagira-ku-isi-mu-myaka-50-iri-imbere,environment,Ingaruka ubushyuhe bukabije buzagira ku Isi mu myaka 50 iri imbere,health,0.8266,405,False
http://www.igihe.com/ibidukikije/GumaMuRugo-Imyuka-ihumanya-ikirere-yagabanutseho-24-i-Kigali,environment,#GumaMuRugo: Imyuka ihumanya ikirere yagabanutseho 24% i Kigali,economy,0.5007,512,True
http://www.igihe.com/ibidukikije/article/umwaka-wa-2020-ushobora-guca-agahigo-ko-kugira-ubushyuye-kurusha-indi,environment,Umwaka wa 2020 ushobora guca agahigo ko kugira ubushyuhe kurusha indi,health,0.1884,297,False
http://www.igihe.com/ibidukikije/article/earth-day-umunsi-wahariwe-kwiyemeza-guhangana-n-ibibazo-byugarije-ibidukikije,environment,"'Earth Day', umunsi wahariwe kwiyemeza guhangana n'ibibazo byugarije ibidukikije ku Isi",history,0.2597,512,True
http://www.igihe.com/ibidukikije/article/meteo-rwanda-yaburiye-abaturarwanda-ku-mvura-nyinshi-izageza-kuwa-20-mata,environment,Meteo Rwanda yaburiye abaturarwanda ku mvura nyinshi izageza kuwa 20 Mata,health,0.8279,240,False
http://www.igihe.com/ibidukikije/article/u-rwanda-rugeze-he-rukumira-imyuka-yangiza-ikirere-n-ibikoresho-bikonjesha,environment,U Rwanda rugeze he rukumira imyuka yangiza ikirere n'ibikoresho bikonjesha ikoreshwamo?,economy,0.6956,512,True
http://www.igihe.com/ibidukikije/article/bimwe-mu-bikoresho-bya-pulasitiki-bikoreshwa-rimwe-byakumiriwe-mu-rwanda,environment,Bimwe mu bikoresho bya pulasitiki bikoreshwa rimwe byakumiriwe mu Rwanda,tourism,0.3377,512,True
http://www.igihe.com/ibidukikije/article/byinshi-kuri-banki-yihariye-izatera-inkunga-imishinga-irengera-ibidukikije-mu,environment,Byinshi kuri Banki yihariye izatera inkunga imishinga irengera ibidukikije mu Rwanda,economy,0.9343,512,True
http://www.igihe.com/ibidukikije/article/ingano-y-umwuka-wa-co2-umunyarwanda-yohereza-mu-kirere,environment,Ingano y'umwuka wa CO2 Umunyarwanda yohereza mu kirere,health,0.824,512,True
http://www.igihe.com/ibidukikije/article/mu-rwanda-hagiye-gutangizwa-banki-itera-inkunga-imishinga-y-ibidukikije,environment,Mu Rwanda hagiye gutangizwa banki itera inkunga imishinga y'ibidukikije,economy,0.9327,512,True
http://www.igihe.com/ibidukikije/article/ubushakashatsi-bwerekanye-ko-umuryango-w-ingagi-zo-mu-birunga-uri-kwaguka,environment,Ubushakashatsi bwerekanye ko Umuryango w'ingagi zo mu Birunga uri kwaguka,politics,0.9912,502,False
http://www.igihe.com/ibidukikije/article/imvura-imaze-guhitana-abantu-15-hirya-no-hino-mu-gihugu,environment,Imvura imaze guhitana abantu 15 hirya no hino mu gihugu,environment,0.29,512,True
http://www.igihe.com/ibidukikije/article/minisitiri-mujawamariya-yibukije-abangiza-ibidukikije-ko-nta-yindi-si-bafite-yo,environment,Minisitiri Mujawamariya yibukije abangiza ibidukikije ko nta yindi si bafite yo kuzaturaho,politics,0.7563,419,False
http://www.igihe.com/ibidukikije/article/abahanga-batanze-umuburo-ku-ngaruka-zishobora-kwibasira-isi-kubera-udusimba,environment,Abahanga batanze umuburo ku ngaruka zishobora kwibasira Isi kubera udusimba duto dukomeje gupfa,health,0.8776,466,False
http://www.igihe.com/ibidukikije/article/intaray-iburasirazuba-yahawe-umwihariko-mu-gutera-amashyamba-kubera-ubuke-bwayo,environment,Intara y'Iburasirazuba yahawe umwihariko mu gutera amashyamba kubera ubuke bwayo,tourism,0.3895,512,True
http://www.igihe.com/ibidukikije/article/miliyoni-12-z-amadolari-zigiye-gushorwa-mu-mushinga-wo-kwita-ku-bidukikije-i,environment,Miliyoni 12 z'amadolari zigiye gushorwa mu mushinga wo kwita ku bidukikije i Gicumbi,politics,0.9636,512,True
http://www.igihe.com/ibidukikije/article/ubuso-bw-u-rwanda-30-bwamaze-guterwaho-amashyamba,environment,Ubuso bw'u Rwanda 30 % bwamaze guterwaho amashyamba,environment,0.353,512,True
http://www.igihe.com/ibidukikije/article/minisitiri-biruta-yashimye-uruhare-rwa-banki-ya-kigali-mu-rugamba-rwo-kugira,environment,Minisitiri Biruta yashimye uruhare rwa Banki ya Kigali mu rugamba rwo kugira igihugu gitoshye,economy,0.9687,512,True
http://www.igihe.com/ibidukikije/ibungabunga/article/ti-rwanda-igiye-gukurikiranira-hafi-umushinga-wa-gicumbi-uzatwara-miliyoni-32,environment,TI-Rwanda igiye gukurikiranira hafi umushinga wa Gicumbi uzatwara miliyoni $ 32,economy,0.8997,512,True
http://www.igihe.com/ibidukikije/article/ikigo-cy-amashyamba-cyiyeyemeje-gufasha-abanyarwanda-guhinga-igifenesi-ku,environment,"Igifenesi, urubuto rushobora kuba imari ishyushye ku isoko ry'u Rwanda",economy,0.39,512,True
http://www.igihe.com/ibidukikije/article/byinshi-ku-kayunguruzo-k-imirasire-y-izuba-gakomeje-guhangayikisha-isi,environment,Byinshi ku kayunguruzo k'imirasire y'izuba gakomeje guhangayikisha Isi,health,0.4725,512,True
http://www.igihe.com/ibidukikije/inyamaswa/article/inyoni-zo-muri-canada-na-amerika-zagabanyutseho-hafi-miliyari-eshatu-mu-myaka,environment,Inyoni zo muri Canada na Amerika zagabanyutseho hafi miliyari eshatu mu myaka 49,environment,0.3716,399,False
http://www.igihe.com/ibidukikije/article/ubushakashatsi-bwagaragaje-ko-isi-iri-mu-kaga-kubera-ubushyuhe-bukabije-buri,environment,Ubushakashatsi bwagaragaje ko Isi iri mu kaga kubera ubushyuhe bukabije buri kwiyongera,health,0.8118,512,True
http://www.igihe.com/ibidukikije/article/guverinoma-iri-kwiga-ku-buryo-bwo-kubungabunga-ibirwa-biri-mu-rwanda,environment,Guverinoma iri kwiga ku buryo bwo kubungabunga ibirwa biri mu Rwanda,environment,0.3686,512,True
http://www.igihe.com/ibidukikije/article/u-rwanda-rugiye-kugira-inyubako-ya-mbere-muri-afurika-itangiza-ibidukikije,environment,U Rwanda rugiye kugira inyubako ya mbere muri Afurika itangiza ibidukikije,environment,0.3325,512,True
http://www.igihe.com/ibidukikije/ibungabunga/article/aho-papa-yasomeye-misa-i-nyandungu-hagiye-kubakwa-ubusitani-buzajya,environment,Aho Papa yasomeye misa i Nyandungu hagiye kubakwa ubusitani buzajya bunasengerwamo,religion,0.9837,512,True
http://www.igihe.com/ibidukikije/article/ibyo-wamenya-ku-ishyamba-rihingwamo-imiti-mu-rwanda-rigasarurirwa-muri-congo,environment,Ibyo wamenya ku ishyamba rihingwamo imiti mu Rwanda rigasarurirwa muri Congo,economy,0.4141,512,True
http://www.igihe.com/diaspora/ibikorwa/article/abanyarwanda-baba-muri-amerika-batanze-miliyoni-zisaga-45-frw-zo-gufasha,politics,Abanyarwanda baba muri Amerika batanze miliyoni zisaga 45 Frw zo gufasha abagizweho ingaruka na COVID-19,politics,0.9825,512,True
http://www.igihe.com/diaspora/article/kuki-col-ruhashya-epimaque-yiswe-ruhashyinyenzi,politics,Kuki Col Ruhashya Epimaque yiswe Ruhashyinyenzi?,politics,0.7849,512,True
http://www.igihe.com/diaspora/article/abakinnyi-ba-psg-bifatanyije-n-u-rwanda-mu-kwibuka-ku-nshuro-ya-26-jenoside,politics,Abakinnyi ba PSG bifatanyije n'u Rwanda mu Kwibuka ku nshuro ya 26 Jenoside yakorewe Abatutsi,sport,0.9861,512,True
http://www.igihe.com/diaspora/article/ubujurire-bwa-neretse-fabien-wahamijwe-ibyaha-bya-jenoside-bwatewe-utwatsi,politics,Ubujurire bwa Neretse Fabien wahamijwe ibyaha bya Jenoside bwatewe utwatsi,politics,0.9861,512,True
http://www.igihe.com/diaspora/U-Bwongereza-Abarokotse-Jenoside-yakorewe-Abatutsi-bagaragaje-imyirondoro-y-abajenosideri-bacyidegembya,politics,U Bwongereza: Abarokotse Jenoside bagaragaje imyirondoro y'abajenosideri bacyidegembya,politics,0.9651,512,True
http://www.igihe.com/diaspora/Uko-Ibuka-Europe-yakiriye-ifatwa-rya-Kabuga-ukekwaho-uruhare-muri-Jenoside-yakorewe-Abatutsi,politics,Uko Ibuka Europe yakiriye ifatwa rya Kabuga ukekwaho uruhare muri Jenoside yakorewe Abatutsi,politics,0.9871,512,True
http://www.igihe.com/diaspora/article/u-butaliyani-insengero-zemerewe-gufungura-ariko-zishyirirwaho-amabwiriza-yo,politics,U Butaliyani: Insengero zemerewe gufungura ariko zishyirirwaho amabwiriza yo kwirinda Coronavirus,religion,0.7496,336,False
http://www.igihe.com/diaspora/article/abanyarwanda-baba-mu-burusiya-bibutse-jenoside-yakorewe-abatutsi,politics,Abanyarwanda baba mu Burusiya bibutse Jenoside yakorewe Abatutsi,politics,0.9801,512,True
http://www.igihe.com/diaspora/article/abanyarwanda-baba-muri-malawi-batanze-miliyoni-12-frw-zo-gufasha-abagizweho,politics,Abanyarwanda baba muri Malawi batanze miliyoni 12 Frw zo gufasha abagizweho ingaruka na Coronavirus,politics,0.6999,512,True
http://www.igihe.com/diaspora/ibikorwa/article/abanyarwanda-baba-muri-canada-batanze-miliyoni-20-frw-zo-gufasha-abagizweho,politics,Abanyarwanda baba muri Canada batanze miliyoni 20 Frw zo gufasha abagizweho ingaruka na Coronavirus,economy,0.5119,491,False
http://www.igihe.com/diaspora/article/kwibuka26-abanyarwanda-baba-muri-ghana-bibutse-jenoside-urubyiruko-rusabwa,politics,"Kwibuka26: Abanyarwanda baba muri Ghana bibutse Jenoside, urubyiruko rusabwa kwigira ku mateka",politics,0.798,512,True
http://www.igihe.com/diaspora/article/abanyarwanda-batuye-mu-majyaruguru-y-u-burayi-bibutse-jenoside-yakorewe,politics,Abanyarwanda batuye mu Majyaruguru y'u Burayi bibutse Jenoside yakorewe Abatutsi,politics,0.9736,512,True
http://www.igihe.com/diaspora/article/abanyarwanda-baba-muri-danmark-bibutse-jenoside-yakorewe-abatutsi,politics,Abanyarwanda baba muri Danmark bibutse Jenoside yakorewe Abatutsi,politics,0.5908,512,True
http://www.igihe.com/diaspora/article/abanyarwanda-baba-muri-norvege-bibutse-jenoside-yakorewe-abatutsi-133143,politics,Abanyarwanda baba muri Norvège bibutse Jenoside yakorewe Abatutsi,health,0.569,512,True
http://www.igihe.com/diaspora/ibikorwa/article/singapore-abanyarwanda-bifatanyije-mu-kwibuka-jenoside-yakorewe-abatutsi,politics,"Singapore: Abanyarwanda bifatanyije mu Kwibuka Jenoside yakorewe Abatutsi, biyemeza kurwanya abayihakana",health,0.6955,512,True
http://www.igihe.com/diaspora/article/kwibuka26-amb-yasmin-amri-sued-yasabye-urubyiruko-kurushaho-gukurikirana,politics,Kwibuka26: Amb. Yasmin Amri Sued yasabye urubyiruko kurushaho gukurikirana amateka y'u Rwanda,politics,0.9494,512,True
http://www.igihe.com/diaspora/article/u-bushinwa-abanyarwanda-baba-mu-ntara-ya-xinjiang-bahuriye-mu-bikorwa-byo,politics,U Bushinwa: Abanyarwanda baba mu Ntara ya Xinjiang bahuriye mu bikorwa byo Kwibuka,politics,0.9868,444,False
http://www.igihe.com/diaspora/article/u-bwongereza-inshuti-z-u-rwanda-zirimo-abakinnyi-ba-arsenal-bifatanyije-n,politics,U Bwongereza: Inshuti z'u Rwanda zirimo abakinnyi ba Arsenal bifatanyije n'abanyarwanda Kwibuka26,entertainment,0.399,512,True
http://www.igihe.com/diaspora/article/abanyarwanda-batuye-mu-busuwisi-bibutse-ku-nshuro-ya-26-jenoside-yakorewe,politics,Abanyarwanda batuye mu Busuwisi bibutse ku nshuro ya 26 Jenoside yakorewe Abatutsi (Amafoto),politics,0.9902,512,True
http://www.igihe.com/diaspora/Wari-Inkotanyi-cyane-Ababanye-n-abamenye-Bwitare-bamuvuze-ubupfura-bwamuranze,politics,Wari Inkotanyi cyane: Ababanye n'abamenye Bwitare bamuvuze ubupfura bwamuranze,history,0.7641,512,True
http://www.igihe.com/diaspora/article/ambasaderi-ngarambe-yasabye-ibihugu-bicumbikiye-abakoze-jenoside-gutanga,politics,Ambasaderi Ngarambe yasabye ibihugu bicumbikiye abakoze Jenoside gutanga ubutabera bukwiye,politics,0.9813,512,True
http://www.igihe.com/diaspora/article/abanyarwanda-baba-mu-bufaransa-bamaganye-ikiganiro-cyatambutse-kuri-france,politics,Abanyarwanda baba mu Bufaransa bamaganye ikiganiro cyatambutse kuri France Inter gipfobya Jenoside,politics,0.8957,512,True
http://www.igihe.com/diaspora/article/ubuholandi-abanyarwanda-bibutse-jenoside-yakorewe-abatutsi-hifashishijwe,politics,U Buholandi: Abanyarwanda bibutse Jenoside yakorewe Abatutsi hifashishijwe ikoranabuhanga (Amafoto),politics,0.7964,512,True
http://www.igihe.com/diaspora/article/kwibuka26-abanyarwanda-n-inshuti-z-u-rwanda-muri-turikiya-bibutse-jenoside,politics,#Kwibuka26: Abanyarwanda n'inshuti z'u Rwanda muri Turikiya bibutse Jenoside yakorewe Abatutsi,politics,0.5261,512,True
http://www.igihe.com/diaspora/ibikorwa/article/rdc-amb-karega-yasabye-abanyarwanda-kwibuka-baharanira-gukosora-amateka,politics,RDC: Amb. Karega yasabye Abanyarwanda Kwibuka baharanira gukosora amateka,politics,0.937,498,False
http://www.igihe.com/diaspora/article/kwibuka26-abanyarwanda-mu-bubiligi-bibutse-basaba-icyo-gihugu-gukomeza-guhana,politics,"#Kwibuka26: Abanyarwanda bo mu Bubiligi bibutse, basaba icyo gihugu gukomeza guhana abakoze Jenoside",politics,0.9773,512,True
http://www.igihe.com/diaspora/article/kwibuka26-abanyarwanda-baba-mu-bushinwa-basabwe-gukomera-ku-bumwe-barwanya,politics,"Kwibuka26: Abanyarwanda baba mu Bushinwa basabwe gukomera ku bumwe, barwanya abahakana Jenoside",politics,0.9944,317,False
http://www.igihe.com/diaspora/article/kwibuka26-abanyarwanda-baba-mu-buyapani-bibutse-jenoside-urubyiruko-ruhabwa,politics,"Kwibuka26: Abanyarwanda baba mu Buyapani bibutse Jenoside, urubyiruko ruhabwa umukoro",politics,0.593,512,True
http://www.igihe.com/diaspora/article/rwandacash-africash-yakoze-impinduka-muri-serivisi-zo-kohererezanya-amafaranga,politics,Rwandacash Africash yakoze impinduka muri serivisi zo kohererezanya amafaranga,economy,0.6394,492,False
http://www.igihe.com/diaspora/article/diaspora-mu-guhangana-n-ingaruka-za-coronavirus-icyifuzo-cy-umunyarwanda-uba,politics,Diaspora mu guhangana n'ingaruka za Coronavirus: Icyifuzo cy'Umunyarwanda uba muri Canada,politics,0.5578,512,True
http://www.igihe.com/politiki/article/u-rwanda-rushobora-kwisubiraho-ku-cyifuza-cyo-kuva-muri-icglr,politics,U Rwanda rushobora kwisubiraho ku cyifuzo cyo kuva muri ICGLR,politics,0.993,490,False
http://www.igihe.com/politiki/amakuru/article/sinzatuza-umugabo-wanjye-adahawe-ubutabera-umupfakazi-wa-hategikimana-wishwe-na,politics,Sinzatuza umugabo wanjye adahawe ubutabera - Umupfakazi wa Hategikimana wishwe na CMI ya Uganda,health,0.9835,512,True
http://www.igihe.com/politiki/article/ktn-rwanda-yahaye-amahirwe-abifuza-gutura-mu-bice-bigezweho-birimo-gacuriro,politics,KTN Rwanda yahaye amahirwe abifuza gutura mu bice bigezweho birimo Gacuriro,economy,0.9611,414,False
http://www.igihe.com/politiki/article/icyo-perezida-kagame-yaganiriye-na-emmanuel-macron-w-u-bufaransa-muri-g7,politics,Icyo Perezida Kagame yaganiriye na Emmanuel Macron w'u Bufaransa muri G7,politics,0.9917,423,False
http://www.igihe.com/politiki/article/tito-rutaremara-yavuze-ku-itegeko-ryeguje-abayobozi-bakomeye-barimo,politics,Tito Rutaremara yavuze ku itegeko ryeguje abayobozi bakomeye barimo abaminisitiri barindwi (Video),politics,0.9938,512,True
http://www.igihe.com/politiki/article/loni-yashimye-amasezerano-yasinywe-n-u-rwanda-na-uganda,politics,Loni yashimye amasezerano yasinywe n'u Rwanda na Uganda,politics,0.9933,512,True
http://www.igihe.com/politiki/article/ibidasanzwe-byaranze-bamwe-mu-bayoboye-kigali-imaze-imyaka-112-ishinzwe,politics,Ibidasanzwe byaranze bamwe mu bayoboye Kigali imaze imyaka 112 ishinzwe,politics,0.9752,512,True
http://www.igihe.com/politiki/article/ni-nde-ukwiye-kuryozwa-iyicarubozo-rikomeje-gukorerwa-abanyarwanda-muri-uganda,politics,Ni nde ukwiye kuryozwa iyicarubozo rikomeje gukorerwa Abanyarwanda muri Uganda?,politics,0.9433,512,True
http://www.igihe.com/politiki/amakuru/article/uwayoboye-the-new-vision-yahishuye-ko-museveni-atifuzaga-urugamba-rwo-kubohora,politics,Uwayoboye The New Vision yahishuye ko Museveni atifuzaga urugamba rwo kubohora u Rwanda,politics,0.9801,512,True
http://www.igihe.com/politiki/amakuru/article/r-kelly-akurikiranyweho-gukoresha-uburaya-umwana-w-umukobwa,politics,R. Kelly akurikiranyweho gukoresha uburaya umwana w'umukobwa,entertainment,0.5729,512,True
http://www.igihe.com/politiki/amakuru/article/imyaka-ibiri-irihiritse-umunyarwanda-rutagungira-atoterezwa-mu-buroko-bwa,politics,Imyaka ibiri irihiritse Umunyarwanda Rutagungira atoterezwa mu buroko bwa Uganda,politics,0.9702,512,True
http://www.igihe.com/politiki/amakuru/article/ikindi-kimenyetso-cy-umugambi-wa-uganda-mu-gutera-icyuhagiro-rnc,politics,Ikindi kimenyetso cy'umugambi wa Uganda mu gutera icyuhagiro RNC,politics,0.994,512,True
http://www.igihe.com/politiki/article/harabura-iki-ngo-u-bufaransa-bugire-ambasaderi-mu-rwanda,politics,Harabura iki ngo u Bufaransa bugire ambasaderi mu Rwanda?,politics,0.972,512,True
http://www.igihe.com/politiki/article/umwiryane-udashira-muri-parti-socialiste-kubera-uruhare-rw-u-bufaransa-muri,politics,Abarwanashyaka ba Parti Socialiste bakomeje gucikamo ibice bapfa uruhare rw'u Bufaransa muri Jenoside,politics,0.7457,512,True
http://www.igihe.com/politiki/amakuru/article/abagore-n-abakobwa-bihariye-95-by-abanyarwanda-bahuye-n-icuruzwa-ry-abantu,politics,Abagore n'abakobwa bihariye 95% by'Abanyarwanda bahuye n'icuruzwa ry'abantu,politics,0.6331,512,True
http://www.igihe.com/politiki/article/icyo-impuguke-zivuga-ku-mahanga-akomeje-kwiyegereza-afurika,politics,Icyo impuguke zivuga ku mahanga akomeje kwiyegereza Afurika,politics,0.987,512,True
http://www.igihe.com/politiki/amakuru/article/hong-kong-yatangiye-ibiganiro-biganisha-ku-ishoramari-ryayo-mu-rwanda,politics,Hong Kong yatangiye ibiganiro biganisha ku ishoramari ryayo mu Rwanda,economy,0.9858,512,True
http://www.igihe.com/politiki/article/bombori-bombori-irakomeje-muri-rnc-uwari-umuvugizi-wayo-yeguye,politics,"Bombori bombori irakomeje muri RNC, uwari Umuvugizi wayo yeguye",politics,0.9933,512,True
http://www.igihe.com/politiki/amateka-y-isi/article/tariki-24-ukwakira-intangiriro-y-indunduro-ya-mobutu-sese-seko-wa-zaire,politics,"Tariki 24 Ukwakira, intangiriro y'indunduro ya Mobutu Sese Seko wa Zaïre",politics,0.9352,512,True
http://www.igihe.com/politiki/article/depite-munyangeyo-theogene-yagizwe-umuvugizi-w-ihuriro-ry-imitwe-ya-politiki-mu,politics,Depite Munyangeyo Théogène yagizwe umuvugizi w'Ihuriro ry'Imitwe ya Politiki mu Rwanda,politics,0.9922,355,False
http://www.igihe.com/politiki/amakuru/article/u-rwanda-rutegereje-ubutumire-bwa-uganda-ku-nama-ya-kabiri-yiga-ku-masezerano,politics,U Rwanda rutegereje ubutumire bwa Uganda ku nama ya kabiri yiga ku masezerano ya Luanda,politics,0.9951,512,True
http://www.igihe.com/politiki/amakuru/article/u-bwongereza-bwasabye-eu-kongererwa-igihe-mbere-ya-brexit,politics,U Bwongereza bwasabye EU kongererwa igihe mbere ya Brexit,politics,0.9927,512,True
http://www.igihe.com/politiki/amakuru/article/hahishuwe-ko-ben-rutabana-ari-muri-uganda,politics,Hahishuwe ko Ben Rutabana ari muri Uganda,politics,0.9918,512,True
http://www.igihe.com/politiki/article/amashyushyu-ni-yose-intebe-enye-muri-guverinoma-zitegereje-abazicazwamo,politics,Amashyushyu ni yose! Intebe enye muri Guverinoma zitegereje abazicazwamo,politics,0.9485,512,True
http://www.igihe.com/politiki/article/rurageretse-hagati-y-umugore-wa-ben-rutabana-n-abayobozi-ba-rnc,politics,Rurageretse hagati y'umugore wa Ben Rutabana n'abayobozi ba RNC,politics,0.9939,512,True
http://www.igihe.com/politiki/article/murangwa-hadidja-yatowe-nk-umusenateri-uhagararariye-imitwe-ya-politiki,politics,Murangwa Hadidja yatowe nk'umusenateri uhagararariye imitwe ya politiki,politics,0.973,512,True
http://www.igihe.com/politiki/article/uko-u-burundi-na-uganda-byafashije-kayumba-nyamwasa-kurema-umutwe-wa-gisirikare,politics,Uko u Burundi na Uganda byafashije Kayumba Nyamwasa kurema umutwe wa gisirikare muri RDC,politics,0.9949,512,True
http://www.igihe.com/politiki/article/urukiko-rw-ikirenga-rwanze-uwamurera-salama-wari-uherutse-gutorerwa-kuba,politics,Urukiko rw'Ikirenga rwanze Uwamurera Salama wari uherutse gutorerwa kuba umusenateri,politics,0.9925,512,True
http://www.igihe.com/politiki/article/umwiryane-gucikamo-ibice-n-umuvumba-w-amarira-ibyaranze-imyaka-8-rnc-imaze,politics,"Umwiryane, gucikamo ibice n'umuvumba w'amarira; ibyaranze imyaka 8 RNC imaze ishinzwe",politics,0.9923,512,True
http://www.igihe.com/politiki/amakuru/article/twagiramungu-yibukijwe-uko-yarebaga-fdlr-icyoroshye-none-ikaba-igeze,politics,Twagiramungu yibukijwe uko yarebaga FDLR icyoroshye none ikaba igeze aharindimuka,politics,0.9913,512,True
http://www.igihe.com/politiki/article/uko-sheikh-harerimana-yahatanye-na-perezida-kagame-gutenguhwa-na-local-defense,politics,"Uko Sheikh Harerimana yahatanye na Perezida Kagame, gutenguhwa na Local Defense n'ibindi",politics,0.9669,512,True
http://www.igihe.com/politiki/article/icyo-wamenya-ku-itegeko-ry-ubwenegihugu-ryateje-imvururu-mu-buhinde,politics,Icyo wamenya ku itegeko ry'ubwenegihugu ryateje imvururu mu Buhinde,politics,0.9858,512,True
http://www.igihe.com/politiki/article/iby-ingenzi-ku-rugendo-rwo-kweguza-perezida-donald-trump-rugeze-mu-mahina,politics,Iby'ingenzi ku rugendo rwo kweguza Perezida Donald Trump rugeze mu mahina,politics,0.9935,512,True
http://www.igihe.com/politiki/article/perezida-kagame-yifuza-kuzasimburwa-n-umugore-video,politics,Perezida Kagame yifuza kuzasimburwa n'umugore (Video),politics,0.9945,512,True
http://www.igihe.com/politiki/amakuru/article/2019-umwaka-w-amarira-n-imiborogo-mu-birindiro-by-abarwanya-u-rwanda,politics,2019: Umwaka w'amarira n'imiborogo mu birindiro by'abarwanya u Rwanda,politics,0.9889,512,True
http://www.igihe.com/politiki/article/u-burusiya-n-u-bufaransa-mu-ihangana-ryeruye-ryo-kwegukana-centrafrique,politics,U Burusiya n'u Bufaransa mu ihangana ryeruye ryo kwigarurira Centrafrique,politics,0.7824,512,True
http://www.igihe.com/politiki/article/kuryumaho-k-u-bubiligi-kuri-twagiramungu-uhamagarira-abantu-kujya-mu-mutwe-w,politics,Kuryumaho k'u Bubiligi kuri Twagiramungu uhamagarira abantu kujya mu mutwe w'iterabwoba kwamaganiwe kure,politics,0.9932,512,True
http://www.igihe.com/politiki/article/besigye-yahakanye-ibyo-guhura-na-perezida-kagame-anavuga-ku-bibazo-by-u-rwanda,politics,"Besigye yahakanye ibyo guhura na Perezida Kagame, anavuga ku bibazo by'u Rwanda na Uganda",politics,0.991,512,True
http://www.igihe.com/politiki/article/u-rwanda-rwasabye-uganda-guhindura-itariki-y-ibiganiro-ku-mubano-w-ibihugu,politics,U Rwanda rwasabye Uganda guhindura itariki y'ibiganiro ku mubano w'ibihugu byombi,politics,0.9948,512,True
http://www.igihe.com/politiki/article/minisiteri-eshanu-perezida-w-imitwe-yombi-y-inteko-biruta-umunyapolitiki,politics,"Minisiteri eshanu, Perezida w'imitwe yombi y'Inteko: Biruta, Umunyapolitiki wadomye mu mfuruka zose",politics,0.9935,512,True
http://www.igihe.com/politiki/article/ni-iki-cyihishe-inyuma-y-ubugizi-bwa-nabi-bwibasiye-abanyamulenge-muri-congo,politics,Ni iki cyihishe inyuma y'ubugizi bwa nabi bwibasiye Abanyamulenge muri Congo?,politics,0.9928,512,True
http://www.igihe.com/politiki/article/perezida-kagame-yavuze-ku-magambo-ya-trump-manda-ya-gatatu-n-uzamusimbura,politics,"Perezida Kagame yavuze ku magambo ya Trump, manda ya gatatu n'uzamusimbura",politics,0.9447,512,True
http://www.igihe.com/politiki/article/umuzimu-wasaritse-abarwanya-u-rwanda-uzorohera-twagiramungu-na-rusesabagina,politics,Umuzimu wasaritse abarwanya u Rwanda uzorohera Twagiramungu na Rusesabagina bihuje?,politics,0.9939,512,True
http://www.igihe.com/politiki/article/impaka-z-urudaca-kuri-coup-d-etat-yakorewe-kayibanda-twagiramungu-avuga-ko,politics,"Impaka z'urudaca kuri Coup d'état yakorewe Kayibanda,Twagiramungu avuga ko yateguriwe muri Zaïre",politics,0.9124,512,True
http://www.igihe.com/politiki/article/ingabo-z-abafaransa-zavuze-imyato-operation-turquoise-yakingiye-ikibaba,politics,Ingabo z'Abafaransa zavuze imyato Opération Turquoise yakingiye ikibaba abajenosideri,politics,0.8219,512,True
http://www.igihe.com/politiki/article/perezida-kagame-yishimiye-ko-mugenzi-we-ali-bongo-wa-gabon-yorohewe-amafoto,politics,Perezida Kagame yishimiye ko mugenzi we Ali Bongo wa Gabon yorohewe (Amafoto),politics,0.9831,512,True
http://www.igihe.com/politiki/article/perezida-kagame-yageze-muri-gabon-mu-ruzinduko-rw-iminsi-ibiri,politics,Perezida Kagame yageze muri Gabon mu ruzinduko rw'iminsi ibiri,politics,0.9809,512,True
http://www.igihe.com/politiki/article/imyaka-19-iruzuye-icyumweru-u-rwanda-rwahereyemo-isomo-uganda-bigacura-inzigo,politics,Imyaka 19 iruzuye! Icyumweru u Rwanda rwahereyemo isomo Uganda bigacura inzigo itarasibangana,politics,0.9465,512,True
http://www.igihe.com/politiki/article/abayanyamategeko-muri-uganda-basabye-umuryango-mpuzamahanga-kwinjira-mu-kibazo,politics,Abanyamategeko basabye umuryango mpuzamahanga gukurikirana ihohoterwa ry'Abanyarwanda muri Uganda,politics,0.9867,512,True
http://www.igihe.com/politiki/amakuru/article/ancel-yasobanuye-uko-ingabo-z-u-bufaransa-zasabwe-gusenya-ibirindiro-bya-fpr-mu,politics,Ancel yasobanuye uko Ingabo z'u Bufaransa zasabwe gusenya ibirindiro bya FPR mu 1994 ngo idafata Kigali,politics,0.8736,512,True
http://www.igihe.com/politiki/article/afurika-imeze-nk-indogobe-itwawe-n-u-bushinwa-ikiganiro-n-intyoza-mu-kuvuga-plo,politics,Afurika imeze nk'indogobe itwawe n'u Bushinwa- Ikiganiro n'intyoza mu kuvuga PLO Lumumba,politics,0.9083,512,True
http://www.igihe.com/politiki/amakuru/article/uganda-ihera-he-ihakana-ko-idakorana-n-abashaka-guhungabanya-u-rwanda,politics,Uganda ihera he ihakana ko ikorana n'abashaka guhungabanya umutekano w'u Rwanda?,politics,0.9944,512,True
http://www.igihe.com/politiki/article/museveni-yahamagariye-abacuruzi-b-abanya-uganda-kwishora-muri-magendu,politics,Museveni yahamagariye abacuruzi b'abanya-Uganda kwishora muri magendu,economy,0.5091,512,True
http://www.igihe.com/politiki/article/imyaka-ibiri-iruzuye-ijisho-ku-miyoborere-ya-perezida-macron-yahinduye-byinshi,politics,Imyaka ibiri iruzuye! Ijisho ku miyoborere ya Perezida Macron yahinduye byinshi mu mibanire n'u Rwanda,politics,0.9356,512,True
http://www.igihe.com/politiki/amakuru/article/uko-yandikiye-habyarimana-amusaba-kwemera-amashyaka-menshi-yanze-kuba-padiri,politics,"Uko yandikiye Habyarimana amusaba kwemera amashyaka menshi, yanze kuba Padiri…ikiganiro na Antoine Mugesera",religion,0.6284,512,True
http://www.igihe.com/politiki/article/inzego-za-gisirikare-cmi-na-iso-zasabwe-kugaragaza-abanyarwanda-zashimutiye,politics,Inzego za gisirikare 'CMI na ISO' zasabwe kugaragaza abanyarwanda zashimutiye muri Uganda,politics,0.9951,512,True
http://www.igihe.com/ubuzima/article/manirakiza-w-imyaka-19-arasaba-ubufasha-ngo-ajye-guhindurirwa-impyiko-irwaye-mu,health,Manirakiza w'imyaka 19 arasaba ubufasha ngo ajye guhindurirwa impyiko irwaye mu Buhinde,health,0.9803,512,True
http://www.igihe.com/ubuzima/article/gutera-akabariro-inshuro-nke-bishobora-gutuma-umugore-acura-imburagihe,health,Gutera akabariro inshuro nke bishobora gutuma umugore acura imburagihe,health,0.8986,512,True
http://www.igihe.com/ubuzima/article/ibitaro-byitiriwe-umwami-faisal-mu-mavugurura-azasiga-bibasha-kubaga-imitima,health,Ibitaro byitiriwe Umwami Faisal mu mavugurura azasiga bibasha kubaga imitima no gusimbuza impyiko,health,0.9858,512,True
http://www.igihe.com/ubuzima/article/umugore-yabyariye-mu-bitaro-bya-faisal-abana-bane-batagejeje-igihe-bari,health,"Umugore yabyariye mu bitaro bya Faisal abana bane batagejeje igihe, bari kwitabwaho",health,0.9346,512,True
http://www.igihe.com/ubuzima/article/abakora-muri-farumasi-baburiwe-ku-guha-abarwayi-imiti-nta-cyemezo-kibigaragaza,health,Abakora muri farumasi baburiwe ku guha abarwayi imiti nta cyemezo kibigaragaza,health,0.7169,512,True
http://www.igihe.com/ubuzima/article/minisante-yashyizeho-itsinda-ryo-kuvura-abanyarwanda-icyenda-batoterejwe-muri,health,Minisante yashyizeho itsinda ryo kuvura Abanyarwanda icyenda batoterejwe muri Uganda,health,0.953,512,True
http://www.igihe.com/ubuzima/article/ibimenyetso-byakwereka-ko-umuntu-yasazwe-n-agahinda-gakabije-gashobora-kuvamo,health,Ibimenyetso byakwereka ko umuntu yasazwe n'agahinda gakabije gashobora kuvamo kwiyahura,health,0.9777,512,True
http://www.igihe.com/ubuzima/article/inyungu-mu-kuba-u-rwanda-rwarabashije-kwikorera-umuti-ugabanya-uburibwe-ku,health,Inyungu mu kuba u Rwanda rwarabashije kwikorera umuti ugabanya uburibwe ku barwayi,health,0.987,512,True
http://www.igihe.com/ubuzima/article/inzitiramibu-za-mbere-zakorewe-mu-rwanda-zigiye-guhabwa-abaturage,health,Inzitiramibu za mbere zakorewe mu Rwanda zigiye guhabwa abaturage,health,0.8405,347,False
http://www.igihe.com/ubuzima/article/umurerwa-w-imyaka-16-yasabye-ubufasha-ngo-abashe-kujya-kwivuza-impyiko-mu,health,Umurerwa w'imyaka 16 yasabye ubufasha ngo abashe kujya kwivuza impyiko mu Buhinde,health,0.9749,512,True
http://www.igihe.com/ubuzima/article/ikibazo-cy-ababyeyi-batererana-abana-batewe-inda-giteye-inkeke,health,Ikibazo cy'ababyeyi batererana abana batewe inda giteye inkeke,health,0.949,512,True
http://www.igihe.com/ubuzima/article/mu-rwanda-havutse-abana-basaga-1700-kuri-noheli-n-ubunani,health,Mu Rwanda havutse abana basaga 1700 kuri Noheli n'Ubunani,health,0.9841,512,True
http://www.igihe.com/ubuzima/article/dr-nyirinkwaya-yasobanuye-byinshi-ku-kuzinga-inda-kubyara-igikoko-no-gusama,health,"Dr Nyirinkwaya yasobanuye byinshi ku kuzinga inda, kubyara igikoko no gusama ushaje",health,0.9866,512,True
http://www.igihe.com/ubuzima/article/minisitiri-w-ubuzima-yasabye-abajyanama-b-ubuzima-b-i-rusizi-gushaka-umushingwa,health,Minisitiri w'ubuzima yasabye abajyanama b'ubuzima b'i Rusizi gushaka umushinga ubinjiriza amafaranga,health,0.9652,512,True
http://www.igihe.com/ubuzima/article/2019-umwaka-usize-ubudasa-n-icyizere-bitajegajega-mu-buvuzi-bw-u-rwanda,health,2019: Umwaka usize ubudasa n'icyizere bitajegajega mu buvuzi bw'u Rwanda,health,0.9823,512,True
http://www.igihe.com/ubuzima/article/u-bushinwa-abanduye-coronavirus-batangiye-kwimurirwa-mu-bitaro-byihariye,health,U Bushinwa: Abanduye Coronavirus batangiye kwimurirwa mu bitaro byihariye byubatswe mu minsi 10,health,0.9792,248,False
http://www.igihe.com/ubuzima/article/u-rwanda-rugiye-gutaha-ku-mugararo-ikigo-kivura-kanseri,health,U Rwanda rugiye gutaha ku mugararo ikigo kivura kanseri,health,0.9858,486,False
http://www.igihe.com/ubuzima/article/u-rwanda-rwashimiye-u-bushinwa-ku-bufasha-buri-guha-abanyarwanda-155-bari-mu,health,U Rwanda rwashimiye u Bushinwa ku bufasha buri guha abanyarwanda 155 bari mu gace karimo Coronavirus,health,0.9336,512,True
http://www.igihe.com/ubuzima/article/u-rwanda-ntirurateganya-kuvana-abaturage-barwo-mu-bushinwa-kubera-coronavirus,health,U Rwanda ntirurateganya kuvana abaturage barwo mu Bushinwa kubera Coronavirus,health,0.9717,512,True
http://www.igihe.com/ubuzima/article/bwa-mbere-mu-bwongereza-hagaragaye-abanduye-coronavirus,health,Bwa mbere mu Bwongereza hagaragaye abanduye 'coronavirus',health,0.9677,512,True
http://www.igihe.com/ubuzima/article/rusizi-abatuye-ku-kirwa-cya-nkombo-batangiye-gukingirwa-ebola,health,Rusizi: Abatuye ku kirwa cya Nkombo batangiye gukingirwa Ebola,health,0.9871,512,True
http://www.igihe.com/ubuzima/article/oms-yatangaje-coronavirus-nk-icyorezo-gihangayikishije-isi,health,OMS yatangaje Coronavirus nk'icyorezo gihangayikishije Isi,health,0.982,478,False
http://www.igihe.com/ubuzima/indwara/article/abahanga-bari-gusiganwa-amasigamana-bashaka-urukiko-rwa-coronavirus,health,Abahanga bari gusiganwa amasigamana bashaka urukingo rwa Coronavirus,health,0.9833,512,True
http://www.igihe.com/ubuzima/indwara/article/ubushakashatsi-bwagaragaje-icyuho-mu-buvuzi-bw-abavukana-indwara-zisaba-kubagwa,health,Ubushakashatsi bwagaragaje icyuho mu buvuzi bw'abavukana indwara zisaba kubagwa mu Rwanda,health,0.9747,512,True
http://www.igihe.com/ubuzima/article/u-rwanda-rwashyize-abaganga-bahoraho-ku-kibuga-cy-indege-mu-gukumira,health,U Rwanda rwashyize abaganga bahoraho ku kibuga cy'indege mu gukumira Coronavirus ikomeje guhitana abantu,health,0.9811,512,True
http://www.igihe.com/ubuzima/article/inzitaramibu-zakorewe-mu-rwanda-zigiye-gutangira-gukwirakwizwa-mu-baturage,health,Inzitaramibu zakorewe mu Rwanda zigiye gutangira gukwirakwizwa mu baturage,health,0.9786,483,False
http://www.igihe.com/ubuzima/article/abanyarwanda-bahumurijwe-kuri-coronavirus-ikomeje-guhitana-abantu,health,Abanyarwanda bahumurijwe kuri Coronavirus ikomeje guhitana abantu,health,0.9839,512,True
http://www.igihe.com/ubuzima/article/u-rwanda-rugiye-gutangira-kwifashisha-indege-nto-zitagira-umupiloti-mu-guhashya,health,U Rwanda rugiye gutangira kwifashisha indege nto zitagira umupiloti mu guhashya Malaria,politics,0.4725,512,True
http://www.igihe.com/ubuzima/article/minisitiri-gashumba-yagaragaje-ko-malaria-ari-indwara-yakwirindwa-burundu,health,Minisitiri Gashumba yagaragaje ko Malaria ari indwara yakwirindwa burundu,health,0.8181,512,True
http://www.igihe.com/ubuzima/indwara/article/malaria-yishe-abantu-264-muri-miliyoni-3-9-bayirwaye-mu-rwanda-umwaka-ushize,health,Malaria yishe abantu 264 muri miliyoni 3.9 bayirwaye mu Rwanda umwaka ushize,health,0.9839,460,False
http://www.igihe.com/ubuzima/article/imbuto-foundation-yatangije-umushinga-ugamije-gukumira-inda-ziterwa-abangavu,health,Imbuto Foundation yatangije umushinga ugamije gukumira inda ziterwa abangavu muri Nyagatare na Burera,economy,0.965,512,True
http://www.igihe.com/ubuzima/indwara/article/abanyarwanda-basabwe-gusubika-ingendo-zigana-i-wuhan-mu-bushinwa-kubera-virusi,health,Abanyarwanda basabwe gusubika ingendo zigana i Wuhan mu Bushinwa kubera Virusi ya Coronavirus,health,0.9633,512,True
http://www.igihe.com/ubuzima/article/muri-amerika-hagaragaye-umuntu-wa-mbere-wanduye-coronavirus,health,Muri Amerika hagaragaye umuntu wa mbere wanduye 'Coronavirus',health,0.9782,512,True
http://www.igihe.com/ubuzima/indwara/article/abasaga-200-bamaze-kwandura-virusi-itaramenyekana-mu-bushinwa,health,Abasaga 200 bamaze kwandura virusi itaramenyekana mu Bushinwa,health,0.9755,512,True
http://www.igihe.com/ubuzima/article/afurika-ku-isonga-mu-kugira-umubare-mwinshi-w-ababana-n-ubwandu-bwa-virusi,health,Afurika ku isonga mu kugira umubare mwinshi w'abafite virusi itera SIDA,health,0.9481,512,True
http://www.igihe.com/ubuzima/article/sobanukirwa-uko-bapima-ingano-ya-alcohol-mu-maraso-bitewe-n-inzoga-umuntu,health,Sobanukirwa uko bapima ingano ya Alcohol mu maraso bitewe n'inzoga umuntu yanyoye,health,0.9843,512,True
http://www.igihe.com/ubuzima/article/ni-ryari-umwana-ashobora-kuganirizwa-ku-bijyanye-n-ubuzima-bw-imyororokere,health,Ni ryari umwana ashobora kuganirizwa ku bijyanye n'ubuzima bw'imyororokere?,health,0.9349,512,True
http://www.igihe.com/ubuzima/indwara/article/u-rwanda-rwakajije-ingamba-zo-kurwanya-ebola-abarenga-300-bayikingirwa-buri,health,"U Rwanda rwakajije ingamba zo kurwanya Ebola, abarenga 300 bayikingirwa buri munsi i Rubavu",health,0.9667,512,True
http://www.igihe.com/ubuzima/article/inzobere-mu-kuvura-indembe-dr-nyirigira-yagaragaje-ko-ububabare-bukabije,health,"Inzobere mu kuvura indembe, Dr Nyirigira yagaragaje ko ububabare bukabije bushobora gutera kwiyahura",health,0.9804,512,True
http://www.igihe.com/ubuzima/article/akarere-ka-nyagatare-kagiye-kubona-ibitaro-bishya,health,Nyagatare: Ibitaro bya Gatunda bizatahwa muri uyu mwaka,health,0.9589,454,False
http://www.igihe.com/ubuzima/article/abaturage-basaga-ibihumbi-ijana-bicwa-n-imiti-y-imyiganano-muri-afurika,health,Abaturage basaga ibihumbi ijana bicwa n'imiti y'imyiganano muri Afurika,health,0.5436,356,False
http://www.igihe.com/ubuzima/article/abarwayi-ba-diabete-bagiye-guhabwa-udukoresho-miliyoni-1-2-bapimisha-isukari-mu,health,Abarwayi ba diabète bagiye guhabwa udukoresho miliyoni 12 bapimisha isukari mu mubiri,health,0.9842,512,True
http://www.igihe.com/ubuzima/article/umujyi-wa-kigali-ugiye-kwimura-imiryango-isaga-1100-kubera-imvura-ikomeye,health,Umujyi wa Kigali ugiye kwimura imiryango isaga 1100 kubera imvura ikomeye yitezwe,politics,0.5395,512,True
http://www.igihe.com/ubuzima/article/minisante-yashyizeho-amabwiriza-mashya-ku-binjira-mu-rwanda-mu-guhangana-na,health,Minisante yashyizeho amabwiriza mashya ku binjira mu Rwanda mu guhangana na Coronavirus,health,0.5493,512,True
http://www.igihe.com/ubuzima/article/abamotari-bashobora-gusabwa-kugendana-alcohol-bahanaguza-muri-casque-mu,health,Abamotari bashobora gusabwa kugendana Alcohol bahanaguza muri Casque mu gukumira Coronavirus mu Rwanda,politics,0.6691,512,True
http://www.igihe.com/ubuzima/article/abaturage-batangiye-gushyira-mu-bikorwa-ingamba-zo-guhashya-coronavirus-mu,health,Abaturage batangiye gushyira mu bikorwa ingamba zo guhashya Coronavirus mu mujyi wa Kigali (Video),health,0.9269,512,True
http://www.igihe.com/ubuzima/article/guverinoma-yasabye-abanyarwanda-guhagarika-guhana-ibiganza-no-guhoberana-mu,health,Guverinoma yasabye Abanyarwanda guhagarika guhana ibiganza no guhoberana mu kwirinda Coronavirus,politics,0.6993,512,True
http://www.igihe.com/ubuzima/article/camera-zirimo-kwifashishwa-ku-kibuga-cy-indege-cya-kigali-mu-gutahura-uketsweho,health,Camera zirimo kwifashishwa ku kibuga cy'indege cya Kigali mu gutahura uketsweho Coronavirus,health,0.9381,512,True
http://www.igihe.com/ubuzima/indwara/article/u-rwanda-rwiteguye-gute-gufasha-uwagaragaraho-coronavirus,health,U Rwanda rwiteguye gute gufasha uwagaragaraho Coronavirus?,health,0.9692,512,True
http://www.igihe.com/ubuzima/inama/article/turyoherwe-n-ibigirira-umubiri-akamaro-uburyo-ukwiye-gufata-ifunguro,health,Turyoherwe n'ibigirira umubiri akamaro: Uburyo ukwiye gufata ifunguro ritagushyira mu kaga,health,0.9894,512,True
http://www.igihe.com/ubuzima/indwara/article/nyanza-abarwara-malaria-bavuye-ku-bihumbi-180-bagera-ku-bihumbi-50,health,Nyanza: Abarwara Malaria bavuye ku bihumbi 180 bagera ku bihumbi 50,health,0.9827,512,True
http://www.igihe.com/ubuzima/article/udukingirizo-dusaga-ibihumbi-170-twatanzwe-muri-tour-du-rwanda-2020,health,Udukingirizo dusaga ibihumbi 170 tumaze gutangwa muri Tour du Rwanda 2020,sport,0.6943,512,True
http://www.igihe.com/ubuzima/article/abashakashatsi-bo-muri-israel-batanze-icyizere-ku-rukingo-rwa-coronavirus,health,Abashakashatsi bo muri Israel batanze icyizere ku rukingo rwa Coronavirus,health,0.8216,222,False
http://www.igihe.com/ubuzima/article/gatsibo-abasaga-ibihumbi-90-bisuzumishije-hepatite-c-2544-basanga-bayirwaye,health,"Gatsibo: Abasaga ibihumbi 90 bisuzumishije Hepatite C, 2544 basanga bayirwaye",health,0.9863,437,False
http://www.igihe.com/ubuzima/indwara/article/uko-wakwirinda-coronavirus-ikomeje-kwibasira-isi,health,Uko wakwirinda Coronavirus ikomeje kwibasira Isi,health,0.9783,512,True
http://www.igihe.com/ubuzima/article/abakuramo-inda-mu-buryo-bwa-magendu-bahombya-leta-arenga-miliyali-buri-mwaka,health,Abakuramo inda mu buryo bwa magendu bahombya Leta arenga Miliyali buri mwaka,health,0.9838,512,True
http://www.igihe.com/ubuzima/article/minisante-igiye-gukurikirana-amakuru-avuga-ko-hari-abanyeshuri-bafashwe-n,health,Minisante igiye gukurikirana amakuru avuga ko hari abanyeshuri bafashwe n'indwara y'amashamba,health,0.9509,512,True
http://www.igihe.com/ubuzima/article/rusizi-hatangijwe-ubukangurambaga-bwo-gukingira-ebola-mu-baturage,health,Rusizi: Hatangijwe ubukangurambaga bwo gukingira Ebola mu baturage,health,0.9811,512,True
http://www.igihe.com/ubuzima/indwara/article/malaria-ikomeje-guhitana-imbaga-nubwo-hashyizweho-ingamba-zinyuranye-zo,health,Malaria ikomeje guhitana imbaga nubwo hashyizweho ingamba zinyuranye zo kuyihashya,health,0.9858,512,True
http://www.igihe.com/ubuzima/article/havumbuwe-uburyo-bushya-bwo-kuboneza-urubyaro-ku-bagabo-bumara-imyaka-13,health,Havumbuwe uburyo bushya bwo kuboneza urubyaro ku bagabo bumara imyaka 13,health,0.8168,317,False
http://www.igihe.com/ubuzima/inama/article/ubushakashatsi-bwagaragaje-ko-ibinini-byo-kuboneza-urubyaro-bishobora-kwangiza,health,Ubushakashatsi bwagaragaje ko ibinini byo kuboneza urubyaro bishobora kwangiza ubwonko,health,0.9868,475,False
http://www.igihe.com/ubuzima/article/abatuye-mu-mujyi-wa-kigali-boroherejwe-kwipimisha-indwara-zitandura,health,Abatuye mu Mujyi wa Kigali boroherejwe kwipimisha indwara zitandura,health,0.9879,512,True
http://www.igihe.com/ubuzima/article/umuvuduko-w-amaraso-na-diabete-mu-ndwara-zibasira-abanya-kigali,health,Umuvuduko w'amaraso na diabète mu ndwara zibasira Abanya-Kigali,health,0.9883,512,True
http://www.igihe.com/ubuzima/article/hakozwe-ibinini-byo-kuboneza-urubyaro-bizajya-binyobwa-rimwe-mu-kwezi,health,Hakozwe ibinini byo kuboneza urubyaro bizajya binyobwa rimwe mu kwezi,health,0.9835,272,False
http://www.igihe.com/ubuzima/article/u-rwanda-na-rdc-byatangije-gahunda-yo-gukingira-ebola-abaturiye-umupaka,health,U Rwanda na RDC byatangije gahunda yo gukingira Ebola abaturiye umupaka,health,0.9826,512,True
http://www.igihe.com/ubuzima/article/amb-deborah-banks-yagiriye-inama-ababyeyi-kumenya-buri-gihe-ibyo-abakobwa-babo,health,Amb. Deborah Banks yagiriye inama ababyeyi kumenya buri gihe ibyo abakobwa babo bahugiyemo,health,0.8453,393,False
http://www.igihe.com/ubuzima/inama/article/abanyarwanda-bavumbuye-ubwoko-bushya-bw-agakoko-gatera-igituntu-video,health,Abanyarwanda bavumbuye ubwoko bushya bw'agakoko gatera igituntu (Video),health,0.989,512,True
http://www.igihe.com/ubuzima/article/ibihe-by-ubushyuhe-bishobora-kongera-ibyago-byo-kuba-umugore-yabyara-umwana,health,Ibihe by'ubushyuhe bishobora kongera ibyago byo kuba umugore yabyara umwana utagejeje igihe,health,0.9881,482,False
http://www.igihe.com/ubuzima/inama/article/ubuhamya-buburira-bwa-usanase-wakize-kanseri-y-inkondo-y-umura,health,Ubuhamya buburira bwa Usanase wakize kanseri y'inkondo y'umura,health,0.9846,512,True
http://www.igihe.com/ubuzima/article/udukingirizo-dusaga-miliyoni-eshatu-twiganjemo-utw-abagore-tuzakwirakwizwa-mu,health,Udukingirizo dusaga miliyoni eshatu twiganjemo utw'abagore tuzakwirakwizwa mu Rwanda mu 2020,politics,0.7687,512,True
http://www.igihe.com/ubuzima/article/ubushakashatsi-bwagaragaje-ingaruka-zo-kuba-telefone-yarabaye-nk-ikiyobyabwenge,health,Ubushakashatsi bwagaragaje ingaruka zo kuba telefone yarabaye nk'ikiyobyabwenge ku rubyiruko,technology,0.659,348,False
http://www.igihe.com/ubuzima/article/kipharma-yazanye-amavuta-azafasha-abafite-inkovu-n-amaribori-bibabangamiye,health,Kipharma yazanye amavuta azafasha abafite inkovu n'amaribori bibabangamiye,economy,0.7406,462,False
http://www.igihe.com/imikino/football/article/cameroun-yagaragayemo-umurwayi-wa-coronavirus-amavubi-ashobora-kutitabira-chan,sport,"Cameroun yagaragayemo umurwayi wa Coronavirus, Amavubi ashobora kutitabira CHAN 2020",sport,0.9513,512,True
http://www.igihe.com/imikino/article/uko-abakinnyi-b-abanyarwanda-bigabanyije-hafi-miliyoni-7-frw-basaruye-muri-tour,sport,Uko Abakinnyi b'Abanyarwanda bigabanyije hafi miliyoni 7 Frw basaruye muri Tour du Rwanda 2020,sport,0.9808,512,True
http://www.igihe.com/imikino/football/article/police-fc-yandikiye-ferwafa-ivuga-ko-yibwe-mu-mukino-wayihuje-na-apr-fc,sport,Police FC yandikiye FERWAFA ivuga ko yibwe mu mukino wayihuje na APR FC,sport,0.9912,512,True
http://www.igihe.com/imikino/football/article/apr-fc-yatsinze-police-fc-ikomeza-kuba-mpatsamakipe-muri-shampiyona-y-uyu-mwaka,sport,APR FC yatsinze Police FC ikomeza kuyobora shampiyona y'u Rwanda (Amafoto),sport,0.9913,477,False
http://www.igihe.com/imikino/football/article/sugira-ernest-yafashije-rayon-sports-kwikura-i-rubavu,sport,Sugira Ernest yafashije Rayon Sports kwikura i Rubavu,sport,0.9921,475,False
http://www.igihe.com/imikino/football/article/umwe-mu-bakinnyi-ba-psg-ategerejwe-i-kigali-mu-minsi-iri-imbere,sport,Umwe mu bakinnyi ba PSG ategerejwe i Kigali mu minsi iri imbere,sport,0.9886,512,True
http://www.igihe.com/imikino/basketball/article/imikino-ya-basketball-africa-league-yagombaga-kubera-i-dakar-yasubitswe,sport,Imikino ya Basketball Africa League yagombaga kubera i Dakar yasubitswe,sport,0.9872,359,False
http://www.igihe.com/imikino/football/article/youri-djorkaeff-yasangije-abana-urugendo-rwe-muri-ruhago-n-uburyo-yishimiye-u,sport,Youri Djorkaeff yasangije abana urugendo rwe muri ruhago n'uburyo yishimiye u Rwanda,sport,0.9735,512,True
http://www.igihe.com/imikino/article/saca-yitabiriye-tour-du-rwanda-bwa-mbere-ikitwara-neza-yashimiye-skol,sport,SACA yitabiriye Tour du Rwanda bwa mbere ikitwara neza yashimiye Skol,sport,0.9879,512,True
http://www.igihe.com/imikino/football/article/as-kigali-yatsinze-as-muhanga-gasogi-united-itsindira-kiyovu-sports-ku-mumena,sport,"AS Kigali yatsinze AS Muhanga, Gasogi United itsindira Kiyovu Sports ku Mumena (Amafoto)",sport,0.9919,394,False
http://www.igihe.com/imikino/article/yarebye-tour-du-rwanda-asesa-urumeza-urugendo-rwa-amina-rwongereye-icyizere-cyo,sport,Yarebye Tour du Rwanda asesa urumeza! Urugendo rwa Amina rwongereye icyizere cyo kwakira Shampiyona y'Isi,sport,0.9557,512,True
http://www.igihe.com/imikino/ngororangingo/article/inkwenene-z-icyongereza-n-uko-yatekereje-guhunga-atinya-gufungwa-ikiganiro-na,sport,Inkwenene z'Icyongereza n'uko yatekereje guhunga atinya gufungwa: Ikiganiro na Myasiro (Video),sport,0.6658,512,True
http://www.igihe.com/imikino/football/article/etincelles-yahize-gutsinda-rayon-sports-yazamuriye-abakinnyi-agahimbazamusyi,sport,"Etincelles yahize gutsinda Rayon Sports, yazamuriye abakinnyi agahimbazamusyi",sport,0.9911,384,False
http://www.igihe.com/imikino/article/uko-abanyarwanda-bitwaye-muri-tour-du-rwanda-2020-biratanga-icyizere-komiseri,sport,Uko Abanyarwanda bitwaye muri Tour du Rwanda 2020 biratanga icyizere- Komiseri Ntiyamira,sport,0.9763,512,True
http://www.igihe.com/imikino/indi-mikino/article/niyigena-na-umulisa-begukanye-irushanwa-ry-ubutwari-2020-muri-tennis,sport,Niyigena na Umulisa begukanye irushanwa ry'Ubutwari 2020 muri Tennis,sport,0.969,369,False
http://www.igihe.com/imikino/football/article/europa-league-arsenal-na-ajax-zasezerewe-manchester-united-ikomeza-inyagiye,sport,"Europa League: Arsenal na Ajax zasezerewe, Manchester United ikomeza inyagiye Club Brugge (Amafoto)",sport,0.9923,512,True
http://www.igihe.com/imikino/article/tour-du-rwanda-2020-abahagarariye-u-rwanda-batuye-minisitiri-munyangaju-ikibazo,sport,Tour du Rwanda 2020: Abahagarariye u Rwanda batuye Minisitiri Munyangaju ikibazo cy'amagare atagezweho bakinisha,sport,0.9863,512,True
http://www.igihe.com/imikino/article/abanyarwanda-babuze-amahirwe-yo-kwegukana-agace-ka-gatanu-ka-tour-du-rwanda,sport,Abanyarwanda babuze amahirwe yo kwegukana agace ka gatanu ka Tour du Rwanda 2020 (Amafoto),sport,0.9885,512,True
http://www.igihe.com/imikino/football/article/ikipe-ya-congo-yakoreye-imyitozo-kuri-stade-amahoro-mbere-yo-gucakirana-n,sport,Ikipe ya Congo yakoreye imyitozo kuri Stade Amahoro mbere yo gucakirana n'Amavubi (Amafoto),sport,0.9898,258,False
http://www.igihe.com/imikino/football/article/rutahizamu-michael-sarpong-ategerejwe-muri-rayon-sports-uyu-munsi,sport,Rutahizamu Michael Sarpong ategerejwe muri Rayon Sports uyu munsi,sport,0.9825,425,False
http://www.igihe.com/imikino/article/skol-yishimira-umusaruro-wa-mugisha-yasobanuye-impamvu-ihemba-uwegukanye-agace,sport,"SKOL yashimye umusaruro wa Mugisha, isobanura impamvu ihemba uwegukanye agace muri Tour du Rwanda",sport,0.9809,512,True
http://www.igihe.com/imikino/Tour-du-Rwanda-2020-Restrepo-Jhonatan-yegukanye-Agace-ka-Rubavu-Musanze-Tesfatsion-aracyayoboye-Amafoto,sport,"Tour du Rwanda 2020: Restrepo Jhonatan yegukanye Agace ka Rubavu-Musanze, Tesfatsion aracyayoboye (Amafoto na Video)",sport,0.9889,512,True
http://www.igihe.com/imikino/football/article/champions-league-real-madrid-yatsinzwe-na-manchester-city-lyon-itungura,sport,"Champions League: Real Madrid yatsinzwe na Manchester City, Lyon itungura Juventus (Amafoto)",sport,0.9918,512,True
http://www.igihe.com/imikino/article/tour-du-rwanda-agace-ka-rusizi-rubavu-kagaruye-abanyarwanda-mu-isiganwa-amafoto,sport,Tour du Rwanda: Agace ka Rusizi- Rubavu kagaruye Abanyarwanda mu isiganwa (Amafoto),sport,0.9879,512,True
http://www.igihe.com/imikino/indi-mikino/article/maria-sharapova-yahagaritse-gukina-tennis-ku-myaka-32,sport,Maria Sharapova yahagaritse gukina Tennis ku myaka 32,sport,0.9821,419,False
http://www.igihe.com/imikino/football/article/cassa-mbungo-yagizwe-umutoza-wa-rayon-sports-miliyoni-ebyiri-ku-kwezi-niwo,sport,"Cassa Mbungo yagizwe umutoza wa Rayon Sports, miliyoni ebyiri ku kwezi niwo mushahara (Amafoto)",sport,0.984,261,False
http://www.igihe.com/imikino/Tesfatsion-yegukanye-agace-ka-Rusizi-Rubavu-anafata-umwambaro-w-umuhondo-Amafoto,sport,"Tour du Rwanda 2020: Tesfatsion yegukanye agace ka Rusizi-Rubavu, anafata umwambaro w'umuhondo (Amafoto na Video)",sport,0.9906,512,True
http://www.igihe.com/imikino/football/article/runanira-amza-yirukanywe-muri-rayon-sports-kubera-ubusinzi,sport,Runanira Amza yirukanywe muri Rayon Sports kubera ubusinzi,sport,0.9824,280,False
http://www.igihe.com/imikino/football/article/champions-league-chelsea-yanyagiriwe-iwayo-na-bayern-munich-napoli-ihagama-fc,sport,"Champions League: Chelsea yanyagiriwe iwayo na Bayern Munich, Napoli ihagama FC Barcelone (Amafoto)",sport,0.9922,512,True
http://www.igihe.com/imikino/article/ghirmay-w-imyaka-19-yambaye-umwambaro-w-umuhondo-nyuma-y-agace-ka-huye-rusizi,sport,Ghirmay w'imyaka 19 yambaye umwambaro w'umuhondo nyuma y'agace ka Huye- Rusizi (Amafoto),sport,0.987,512,True
http://www.igihe.com/imikino/football/article/champions-league-umukino-wa-psg-na-dortmund-uzabera-mu-muhezo,sport,Champions League: Umukino wa PSG na Dortmund uzabera mu muhezo,sport,0.983,285,False
http://www.igihe.com/imikino/football/article/umucamanza-yemeje-ko-ronaldinho-akomeza-gufungirwa-muri-paraguay,sport,Umucamanza yemeje ko Ronaldinho akomeza gufungirwa muri Paraguay,sport,0.9823,416,False
http://www.igihe.com/imikino/indi-mikino/article/gs-kimisange-yegukanye-umwanya-wa-mbere-mu-marushanwa-ya-esheke-chess-ahuza,sport,GS Kimisange yegukanye umwanya wa mbere mu marushanwa ya Esheke (Chess) ahuza ibigo by'amashuri,sport,0.9732,512,True
http://www.igihe.com/imikino/football/article/ifoto-y-umunsi-haruna-na-sibomana-patrick-basangiye-ibyishimo-by-intsinzi-ya,sport,Ifoto y'umunsi: Haruna na Sibomana Patrick basangiye ibyishimo by'intsinzi ya Yanga SC kuri Simba SC,sport,0.9868,295,False
http://www.igihe.com/imikino/football/article/police-fc-yatsinzwe-na-as-kigali-amahirwe-yayo-ku-gikombe-cya-shampiyona,sport,Police FC yatsinzwe na AS Kigali amahirwe yayo ku gikombe cya Shampiyona aragabanuka (Amafoto),sport,0.9906,494,False
http://www.igihe.com/imikino/indi-mikino/article/ishyirahamwe-rya-cricket-mu-rwanda-ryahembye-ababaye-indashyikirwa-mu-2019,sport,Ishyirahamwe rya Cricket mu Rwanda ryahembye ababaye indashyikirwa mu 2019,sport,0.8641,512,True
http://www.igihe.com/imikino/football/article/amafoto-yaranze-umukino-apr-fc-yanyagiyemo-mukura-vs,sport,Amafoto yaranze umukino APR FC yanyagiyemo Mukura VS,sport,0.9903,131,False
http://www.igihe.com/imikino/indi-mikino/article/shampiyona-y-abagore-muri-handball-yatangiye-es-kiziguro-inyagira-ur-remera,sport,Shampiyona y'abagore muri Handball yatangiye ES Kiziguro inyagira UR Remera,sport,0.9879,512,True
http://www.igihe.com/imikino/football/article/rurangirwa-yavuze-ku-misifurire-yo-mu-rwanda-na-penaliti-police-fc-ivuga-ko,sport,Rurangirwa yavuze ku misifurire yo mu Rwanda na penaliti Police FC ivuga ko yibwe kuri APR FC,sport,0.9858,512,True
http://www.igihe.com/imikino/football/article/apr-fc-yanyagiye-mukura-vs-y-abakinnyi-10-ikomeza-kuyobora-shampiyona,sport,"APR FC yanyagiye Mukura VS y'abakinnyi 10, ikomeza kuyobora Shampiyona",sport,0.9912,512,True
http://www.igihe.com/imikino/football/article/rayon-sports-yatsinze-musanze-fc-ikomeza-kwiruka-kuri-apr-fc-yanyagiye-mukura,sport,Rayon Sports yatsinze Musanze FC ikomeza kwiruka kuri APR FC yanyagiye Mukura VS (Amafoto),sport,0.9919,512,True
http://www.igihe.com/imikino/basketball/article/reg-bbc-ya-mbere-yatsinze-espoir-apr-bbc-ikomereza-kuri-iprc-kigali,sport,"REG BBC ya mbere yatsinze Espoir, APR BBC ikomereza kuri IPRC Kigali",sport,0.9907,512,True
http://www.igihe.com/imikino/indi-mikino/article/isiganwa-ry-imodoka-nyirangarama-rally-rigiye-kuba-ku-nshuro-ya-kabiri,sport,"Isiganwa ry'imodoka ""Nyirangarama Rally"" rigiye kuba ku nshuro ya kabiri",sport,0.9708,512,True
http://www.igihe.com/imikino/football/article/gasogi-united-yatsinze-imikino-ibiri-yikurikiranya-mu-cyiciro-cya-mbere-amafoto,sport,Gasogi United yatsinze imikino ibiri yikurikiranya mu cyiciro cya mbere (Amafoto),sport,0.9921,494,False
http://www.igihe.com/imikino/amagare/article/kigali-imwe-mu-mihanda-yafunzwe-kubera-tour-du-rwanda,sport,Kigali: Imwe mu mihanda yafunzwe kubera Tour du Rwanda,sport,0.3593,512,True
http://www.igihe.com/imikino/article/natnael-tesfazion-ashobora-kwegukana-tour-du-rwanda-2020-nubwo-agace-ka-nyuma,sport,Natnael Tesfazion ashobora kwegukana Tour du Rwanda 2020 nubwo agace ka nyuma kagoye,sport,0.9803,512,True
http://www.igihe.com/imikino/football/article/watford-yanyagiye-liverpool-yari-imaze-imikino-44-idatsindwa,sport,Watford yanyagiye Liverpool yari imaze imikino 44 idatsindwa,sport,0.9912,389,False
http://www.igihe.com/imikino/football/article/youri-djorkaeff-yagarutse-mu-rwanda-yiyemeza-gukundisha-abanyarwanda-psg,sport,"Youri Djorkaeff yagarutse mu Rwanda, yiyemeza gukundisha Abanyarwanda PSG (Amafoto)",sport,0.9905,512,True
http://www.igihe.com/imikino/Restrepo-Jhonatan-yegukanye-Agace-ka-Karindwi-yandika-amateka-muri-Tour-du-Rwanda-2020-Amafoto,sport,"Restrepo Jhonatan yegukanye Agace ka Karindwi, yandika amateka muri Tour du Rwanda 2020 (Amafoto na Video)",sport,0.9842,512,True
http://www.igihe.com/imikino/article/minisitiri-munyangaju-yashimiye-mugisha-moise-wiyongereye-amahirwe-yo-kwegukana,sport,Minisitiri Munyangaju yashimiye Mugisha Moïse wiyongereye amahirwe yo kwegukana Tour du Rwanda 2020,sport,0.9759,512,True
http://www.igihe.com/imikino/amagare/article/umuyobozi-mukuru-wa-uci-yakiriwe-na-guverineri-gatabazi-anasura-ikigo-cy,sport,Umuyobozi Mukuru wa UCI yasuye Ikigo cy'Amagare i Musanze (Amafoto),sport,0.8174,511,False
http://www.igihe.com/imikino/football/article/amavubi-yanganyije-na-congo-brazzaville-mu-mukino-wa-gicuti,sport,Amavubi yanganyije na Congo Brazzaville mu mukino wa gicuti,sport,0.9914,512,True
http://www.igihe.com/imikino/football/article/youri-djorkaeff-wakiniye-psg-n-u-bufaransa-ategerejwe-mu-rwanda,sport,Youri Djorkaeff wakiniye PSG n'u Bufaransa ategerejwe mu Rwanda,sport,0.9857,512,True
http://www.igihe.com/imikino/football/article/etincelles-yerekanye-umutoza-mushya-w-umwongereza-iburira-rayon-sports-bizahura,sport,"Etincelles FC yerekanye umutoza mushya w'Umwongereza, iburira Rayon Sports bigiye guhura",sport,0.9909,488,False
http://www.igihe.com/imikino/football/article/ruremesha-utoza-kiyovu-sports-yahawe-uburenganzira-bwo-gutoza-mu-cyiciro-cya,sport,Ruremesha utoza Kiyovu Sports yahawe uburenganzira bwo gutoza mu cyiciro cya mbere,sport,0.9848,268,False
http://www.igihe.com/imikino/Restrepo-Jhonatan-yegukanye-agace-ka-Gatandatu-ka-Tour-du-Rwanda-2020-kakinwe-imvura-ijojoba-Amafoto,sport,Restrepo Jhonatan yegukanye agace ka Gatandatu ka Tour du Rwanda 2020 kakinwe imvura ijojoba (Amafoto na Video),sport,0.9817,512,True
http://www.igihe.com/imikino/football/article/europa-league-arsenal-yatsindiye-olympiacos-iwayo-manchester-united-inganyiriza,sport,"Europa League: Arsenal yatsindiye Olympiacos iwayo, Manchester United inganyiriza mu Bubiligi (Amafoto)",sport,0.9925,469,False
http://www.igihe.com/imikino/football/article/pep-guardiola-ntateganya-kuva-muri-manchester-city-yafatiwe-ibihano-na-uefa,sport,Pep Guardiola ntateganya kuva muri Manchester City yafatiwe ibihano na UEFA,sport,0.9885,447,False
http://www.igihe.com/imikino/basketball/article/perezida-kagame-na-masai-ujiri-bamuritse-iserukiramuco-rya-giants-of-africa,sport,Perezida Kagame na Masai Ujiri bamuritse iserukiramuco rya Giants of Africa rizahuza ibihugu 11 (Amafoto),economy,0.6763,512,True
http://www.igihe.com/imikino/football/article/u-rwanda-rwagumye-ku-mwanya-wa-131-ku-rutonde-rwa-fifa,sport,U Rwanda rwagumye ku mwanya wa 131 ku rutonde rwa FIFA,sport,0.9856,256,False
http://www.igihe.com/imikino/amagare/article/abanyarwanda-bazakina-tour-du-rwanda-bahize-kuyegukana-ferwacy-na-rwanda-tea,sport,"Abanyarwanda bahize kwegukana Tour du Rwanda, Ferwacy na Rwanda Tea babizeza ishimwe (Amafoto)",sport,0.9763,512,True
http://www.igihe.com/imikino/football/article/champions-league-tottenham-ya-mourinho-yatsindiwe-mu-rugo-atalanta-yihererana,sport,"Champions League: Tottenham ya Mourinho yatsindiwe mu rugo, Atalanta yihererana Valence CF (Amafoto)",sport,0.9921,512,False
http://www.igihe.com/imikino/football/article/rayon-sports-na-kiyovu-sc-mu-makipe-yahawe-igihe-ntarengwa-cyo-gushaka-abandi,sport,Rayon Sports na Kiyovu SC mu makipe yahawe igihe ntarengwa cyo gushaka abandi batoza,sport,0.9879,401,False
http://www.igihe.com/imikino/football/article/stade-ya-gicumbi-yemerewe-kongera-kwakira-imikino-ya-shampiyona-amafoto,sport,Stade ya Gicumbi yemerewe kongera kwakira imikino ya shampiyona (Amafoto),sport,0.9882,451,False
http://www.igihe.com/imikino/football/article/kigali-ku-isonga-ry-imijyi-itanu-ihataniye-kwakira-umukino-wa-nyuma-wa-caf,sport,Kigali ku isonga ry'imijyi itanu ihataniye kwakira umukino wa nyuma wa CAF Champions League,sport,0.9731,512,True
http://www.igihe.com/imikino/football/article/startimes-yashyize-igorora-abakunzi-ba-europa-league,sport,StarTimes yashyize igorora abakunzi ba Europa League,sport,0.9916,512,True
http://www.igihe.com/imikino/football/article/bbc-yirukanye-umwe-mu-basesenguzi-bayo-wibasiye-abakinnyi-b-abirabura,sport,BBC yirukanye umwe mu basesenguzi bayo wibasiye abakinnyi b'abirabura,sport,0.8928,508,False
http://www.igihe.com/imikino/football/article/champions-league-liverpool-yatsinzwe-na-atletico-madrid-psg-itsindirwa-mu,sport,"Champions League: Liverpool yatsinzwe na Atlético Madrid, PSG itsindirwa mu Budage (Amafoto)",sport,0.9923,512,True
http://www.igihe.com/imikino/football/article/umunyezamu-w-amavubi-yavuze-uburyo-yanze-ruswa-ya-miliyoni-1-8-frw-ngo,sport,Emery Mvuyekure yahishuye uburyo yanze ruswa ya miliyoni 1.8 Frw ngo yitsindishe igitego,sport,0.9877,378,False
http://www.igihe.com/imikino/football/article/johnny-mckinstry-yiteze-guhangana-gukomeye-k-u-rwanda-na-uganda-muri-chan-2020,sport,Johnny McKinstry yiteze guhangana gukomeye k'u Rwanda na Uganda muri CHAN 2020,sport,0.9889,399,False
http://www.igihe.com/imikino/football/article/uruhare-rwa-skol-mu-mikoranire-yayo-na-rayon-sports,sport,Uruhare rwa SKOL mu mikoranire yayo na Rayon Sports,sport,0.9865,512,True
http://www.igihe.com/imyidagaduro/article/abari-baguze-amatike-y-igitaramo-cya-cecile-kayirebwa-cyahagaritswe-basabwe,entertainment,Abari baguze amatike y'igitaramo cya Cécile Kayirebwa cyahagaritswe basabwe kuyagumana,entertainment,0.9486,458,False
http://www.igihe.com/imyidagaduro/article/igor-mabano-yahinduye-umuvuno-yatangiye-kuririmba-no-mu-njyana-ya-dancehall,entertainment,"Igor Mabano yahinduye umuvuno, yatangiye kuririmba no mu njyana ya Dancehall",entertainment,0.9861,512,True
http://www.igihe.com/imyidagaduro/article/diamond-platnumz-yifurije-abakobwa-bose-bakundanye-umunsi-mwiza-w-abagore,entertainment,Diamond Platnumz yifurije abakobwa bose bakundanye umunsi mwiza w'abagore,entertainment,0.9867,447,False
http://www.igihe.com/imyidagaduro/article/umuraperi-w-umunyamerika-yahawe-inkwenene-nyuma-yo-gukubita-umugore-witabiriye,entertainment,Umuraperi w'Umunyamerika yahawe inkwenene nyuma yo gukubita umugore witabiriye igitaramo cye,entertainment,0.99,230,False
http://www.igihe.com/imyidagaduro/article/young-grace-yanenze-musore-wamuteye-inda-witarukije-inshingano-za-kibyeyi,entertainment,Young Grace yanenze umusore wamuteye inda akitarutsa inshingano za kibyeyi,entertainment,0.9307,512,True
http://www.igihe.com/imyidagaduro/Ibyamamare-muri-Sinema-byashimiwe-muri-Rwanda-International-Movie-Awards-2020-Amafoto-na-Video,entertainment,Ibyamamare muri Sinema byashimiwe muri Rwanda International Movie Awards 2020 (Amafoto na Video),entertainment,0.9773,512,True
http://www.igihe.com/imyidagaduro/article/ibitaramo-bya-misigaro-kayirebwa-n-ibindi-bikorwa-bihuza-abantu-benshi,entertainment,"Ibitaramo bya Misigaro, Kayirebwa n'ibindi bikorwa bihuza abantu benshi byahagaritswe mu kwirinda Coronavirus",entertainment,0.5856,512,True
http://www.igihe.com/imyidagaduro/article/hagiye-gutangizwa-irushanwa-ry-abaririmbyi-rizahemba-uwa-mbere-miliyoni-1-frw,entertainment,Hagiye gutangizwa irushanwa ry'abaririmbyi rizahemba uwa mbere miliyoni 1 Frw,entertainment,0.9891,450,False
http://www.igihe.com/imyidagaduro/article/uko-ibyamamare-byaserutse-muri-rwanda-international-movie-awards-2020-amafoto,entertainment,Uko ibyamamare byaserutse muri Rwanda International Movie Awards 2020 (Amafoto),entertainment,0.9784,352,False
http://www.igihe.com/imyidagaduro/article/ingamba-zo-kwirinda-coronavirus-zakajijwe-mu-gitaramo-cyo-gushimira-cecile,entertainment,Ingamba zo kwirinda Coronavirus zakajijwe mu gitaramo cyo gushimira Cécile Kayirebwa,entertainment,0.4093,512,True
http://www.igihe.com/imyidagaduro/article/shekinah-worship-team-masoro-yamuritse-album-mu-gitaramo-cyamaze-amasaha-12,entertainment,Shekinah Worship Team Masoro yamuritse album mu gitaramo cyamaze amasaha 12,religion,0.986,512,True
http://www.igihe.com/imyidagaduro/article/producer-holybeat-wo-muri-the-mane-yatawe-muri-yombi-kubera-ibiyobyabwenge,entertainment,Producer Holybeat wo muri The Mane yatawe muri yombi kubera ibiyobyabwenge,entertainment,0.9888,262,False
http://www.igihe.com/imyidagaduro/article/mukadaff-wari-umaze-igihe-atagaragara-mu-muziki-yashyize-hanze-album-ye-ya,entertainment,Mukadaff wari umaze igihe atagaragara mu muziki yashyize hanze Album ye ya mbere,entertainment,0.9873,391,False
http://www.igihe.com/imyidagaduro/article/amarangamutima-ya-queen-cha-wakorewe-indirimbo-na-junior-multisystem-nyuma-yo,entertainment,Amarangamutima ya Queen Cha wakorewe indirimbo na Junior Multisystem nyuma yo gucibwa ukuboko,entertainment,0.9897,415,False
http://www.igihe.com/imyidagaduro/article/nina-wagaragaye-wenyine-yahishuye-ibyari-bihugije-itsinda-ryabo-mu-minsi-ishize,entertainment,"Nina wagaragaye aririmba wenyine, yahishuye ibyari bihugije itsinda ryabo mu minsi ishize",entertainment,0.9907,419,False
http://www.igihe.com/imyidagaduro/urwenya/article/ibitwenge-byari-byose-miss-naomie-ari-mu-bateweho-urwenya-muri-seka-live,entertainment,Ibitwenge byari byose! Miss Naomie ari mu bateweho urwenya muri Seka Live (Amafoto),religion,0.6274,512,True
http://www.igihe.com/imyidagaduro/muzika/article/abahanzi-barimo-king-james-na-knowless-basendereje-ibyishimo-abanya-kigali-muri,entertainment,Abahanzi barimo King James na Knowless basendereje ibyishimo abanya-Kigali muri Tour du Rwanda (Amafoto),entertainment,0.9878,512,True
http://www.igihe.com/imyidagaduro/article/urwibutso-rwa-miss-rwanda-nishimwe-naomie-mu-rugendo-rwo-kuba-nyampinga-n,entertainment,"Urwibutso rwa Miss Rwanda Nishimwe Naomie mu rugendo rwo kuba nyampinga, n'uburyo yatunguwe no gutorwa (Video)",entertainment,0.9614,512,True
http://www.igihe.com/imyidagaduro/article/mashariki-african-film-festival-igiye-kuba-ku-nshuro-ya-gatandatu-ifitiye,entertainment,Filime zisaga 230 ziri guhatanira kwitabira iserukiramuco rya Mashariki African Film Festival,entertainment,0.9819,453,False
http://www.igihe.com/imyidagaduro/sinema/article/trezzo-mahoro-akomeje-kwandika-izina-muri-filime-iri-mu-zigezweho-kuri-netflix,entertainment,Trezzo Mahoro akomeje kwandika izina muri filime iri mu zigezweho kuri Netflix,entertainment,0.9827,512,True
http://www.igihe.com/imyidagaduro/article/buravan-michael-sengazi-na-herve-kimenyi-bazifashishwa-mu-kwezi-ko-kwizihiza,entertainment,"Buravan, Michaël Sengazi na Hervé Kimenyi bazifashishwa mu kwezi ko kwizihiza imyaka 50 OIF imaze",entertainment,0.9337,512,True
http://www.igihe.com/imyidagaduro/article/paris-abantu-30-bafashwe-bashinjwa-guteza-imvururu-hafi-y-aho-fally-ipupa,entertainment,Paris: Abantu 30 bafashwe bashinjwa guteza imvururu hafi y'aho Fally Ipupa yakoreye igitaramo,sport,0.3022,512,True
http://www.igihe.com/imyidagaduro/article/u-budage-filime-notre-dame-du-nil-yegukanye-igihembo-mu-iserukiramuco-rikomeye,entertainment,"U Budage: Filime 'Notre-Dame du Nil' yegukanye igihembo mu iserukiramuco rikomeye ""Berlinale 2020""",entertainment,0.9676,397,False
http://www.igihe.com/imyidagaduro/article/adrien-misigaro-na-gentil-misigaro-bageze-mu-rwanda-aho-bagiye-gukorera,entertainment,Adrien Misigaro na Gentil Misigaro bageze mu Rwanda aho bagiye gukorera ibitaramo bikomeye (Video),entertainment,0.9779,512,True
http://www.igihe.com/imyidagaduro/article/joeboy-yashimishije-abitabiriye-igitaramo-cya-kigali-jazz-junction-amafoto,entertainment,Joeboy yashimishije abitabiriye igitaramo cya Kigali Jazz Junction (Amafoto),entertainment,0.9892,512,True
http://www.igihe.com/imyidagaduro/article/miss-world-bahaye-ikaze-miss-nishimwe-naomie-uzitabira-iri-rushanwa-uyu-mwaka,entertainment,Miss World yahaye ikaze Miss Nishimwe Naomie uzitabira iri rushanwa uyu mwaka,fashion,0.3969,247,False
http://www.igihe.com/imyidagaduro/article/musanze-the-ben-yasusurukije-abitabiriye-tour-du-rwanda-mu-gitaramo-gikomeye,entertainment,Musanze: The Ben yasusurukije abitabiriye Tour du Rwanda mu gitaramo gikomeye (Video),entertainment,0.9898,301,False
http://www.igihe.com/imyidagaduro/imideli/article/uwase-wahagarariye-u-rwanda-muri-miss-supranational-2018-yitabiriye-irindi,entertainment,Uwase wahagarariye u Rwanda muri Miss Supranational 2018 yitabiriye irindi rushanwa rikomeye,entertainment,0.6515,383,False
http://www.igihe.com/imyidagaduro/article/senderi-yahawe-igihembo-n-akarere-ka-kirehe,entertainment,Senderi yahawe igihembo n'akarere ka Kirehe,entertainment,0.9881,383,False
http://www.igihe.com/imyidagaduro/article/musanze-bizihiwe-n-umuziki-w-abahanzi-bakomeye-mu-gitaramo-cya-tour-du-rwanda,entertainment,Musanze: Bizihiwe n'umuziki w'abahanzi bakomeye mu gitaramo cya Tour du Rwanda (Amafoto),entertainment,0.9873,512,True
http://www.igihe.com/imyidagaduro/article/umunyarwenya-kenny-blaq-witabiriye-seka-live-yageze-i-kigali,entertainment,Umunyarwenya Kenny BlaQ witabiriye Seka Live yageze i Kigali,entertainment,0.9878,280,False
http://www.igihe.com/imyidagaduro/article/tonzi-yashyize-hanze-indirimbo-nshya-hejuru-ya-byose,entertainment,"Tonzi yashyize hanze indirimbo nshya yise ""Hejuru ya byose""",entertainment,0.7082,245,False
http://www.igihe.com/imyidagaduro/article/uko-mr-eazi-yabereye-ikiraro-joeboy-ugiye-gutaramira-mu-rwanda,entertainment,Uko Mr Eazi yabereye ikiraro Joeboy ugiye gutaramira mu Rwanda,entertainment,0.9898,512,True
http://www.igihe.com/imyidagaduro/article/itorero-new-life-bible-church-ryateguye-igiterane-refresh-africa-conference,entertainment,Itorero New Life Bible Church ryateguye igiterane cyizitabirwa n'abashumba bakomeye muri Afurika,religion,0.984,389,False
http://www.igihe.com/imyidagaduro/article/joeboy-watumiwe-muri-kigali-jazz-junction-yageze-mu-rwanda,entertainment,Joeboy watumiwe muri Kigali Jazz Junction yageze mu Rwanda,entertainment,0.9899,512,True
http://www.igihe.com/imyidagaduro/article/james-na-daniella-n-abo-bazafatanya-bahishuye-aho-bageze-imyiteguro-y-igitaramo,entertainment,"James na Daniella n'abo bazafatanya bahishuye aho bageze imyiteguro y'igitaramo ""Mpa Amavuta Live Concert""",religion,0.7277,512,True
http://www.igihe.com/imyidagaduro/article/abazitabira-igitaramo-cya-kigali-jazz-junction-bakoresheje-move-bagabanyirijwe,entertainment,Abazitabira igitaramo cya Kigali Jazz Junction bakoresheje Move bagabanyirijwe ibiciro by'ingendo,entertainment,0.9878,512,True
http://www.igihe.com/imyidagaduro/article/yvan-buravan-yasabye-rib-gukurikirana-umutekamutwe-wamwiyitiriye-uri-kwiba,entertainment,Yvan Buravan yasabye RIB gukurikirana umutekamutwe wamwiyitiriye uri kwiba abantu,entertainment,0.9858,415,False
http://www.igihe.com/imyidagaduro/article/tmc-yavuze-ku-rugendo-rwe-muri-leta-zunze-ubumwe-za-amerika,entertainment,TMC yerekeje muri Leta Zunze Ubumwe za Amerika,entertainment,0.9855,512,True
http://www.igihe.com/imyidagaduro/article/niyo-bosco-yashimiye-adrien-misigaro-wamufashije-gukora-indirimbo-ibanga,entertainment,"Niyo Bosco yashimiye Adrien Misigaro wamufashije gukora indirimbo ""Ibanga""",entertainment,0.9872,421,False
http://www.igihe.com/imyidagaduro/article/miss-nishimwe-naomie-yasubije-abamwibasiye-kubera-amanota-yagize-mu-kizami-cya,entertainment,Miss Nishimwe Naomie yasubije abamwibasiye kubera amanota yagize mu kizamini cya Leta,entertainment,0.9683,427,False
http://www.igihe.com/imyidagaduro/article/senderi-hit-na-intore-tuyisenge-basohoye-indirimbo-bakoze-mu-rurimi-rw-ikirashi,entertainment,Senderi Hit na Intore Tuyisenge basohoye indirimbo bakoze mu rurimi rw'Ikirashi,entertainment,0.9883,512,True
http://www.igihe.com/imyidagaduro/article/impamvu-young-grace-yabatirishije-umwana-muri-kiliziya-gatolika-asengera-river,entertainment,Young Grace yavuze impamvu yabatirishije umwana we muri Kiliziya Gatolika kandi asengera mu rindi dini,religion,0.7446,343,False
http://www.igihe.com/imyidagaduro/article/miss-akacu-lynca-yambitswe-impeta-n-umusore-bamaze-igihe-bakundana,entertainment,Miss Akacu Lynca yambitswe impeta n'umusore bamaze igihe bakundana,entertainment,0.9377,273,False
http://www.igihe.com/imyidagaduro/sinema/article/usa-harvey-weinstein-wamamaye-mu-gutunganya-filimi-yahamijwe-ibyaha-byo-gufata,entertainment,USA: Harvey Weinstein wamamaye mu gutunganya filimi yahamijwe ibyaha byo gufata ku ngufu,entertainment,0.7075,512,True
http://www.igihe.com/imyidagaduro/article/riderman-social-mula-na-marina-basusurukije-abitabiriye-igitaramo-bakoreye-mu,entertainment,"Riderman, Social Mula na Marina basusurukije abitabiriye igitaramo bakoreye mu Bubiligi (Amafoto)",entertainment,0.9851,387,False
http://www.igihe.com/imyidagaduro/article/u-butaliyani-umuntu-wa-karindwi-yishwe-na-coronavirus,entertainment,U Butaliyani: Umuntu wa karindwi yishwe na Coronavirus,health,0.9492,260,False
http://www.igihe.com/imyidagaduro/article/itorero-ry-igihugu-urukerereza-ryabonye-abanyempano-bashya-barimo-umusaza-w,entertainment,Itorero ry'igihugu Urukerereza ryakiriye abanyempano 100 bashya,politics,0.9286,334,False
http://www.igihe.com/imyidagaduro/article/ibidasanzwe-byaranze-miss-nishimwe-naomie-ubwo-yigaga-mu-mashuri-yisumbuye,entertainment,Ibidasanzwe byaranze Miss Nishimwe Naomie ubwo yigaga mu mashuri yisumbuye,entertainment,0.9599,512,True
http://www.igihe.com/imyidagaduro/article/wagira-ngo-yari-miss-universe-miss-uwimana-dative-waturutse-i-burundi-avuga,entertainment,Miss Uwimana w'i Burundi yatunguwe n'ibirori bya Miss Rwanda abigereranya na Miss Universe,entertainment,0.8197,380,False
http://www.igihe.com/imyidagaduro/article/tour-du-rwanda-2020-skol-yifashishije-the-ben-mu-gusangira-ibyishimo-n-abakunzi,entertainment,Tour du Rwanda 2020: Skol yifashishije The Ben mu gusangira ibyishimo n'abakunzi b'amagare (Amafoto),entertainment,0.9217,512,True
http://www.igihe.com/imyidagaduro/article/nyampinga-w-u-rwanda-2020-yahinduriwe-ikamba-ibitazibagirana-byaranze-ibirori,entertainment,"Ikanzu ya Meghan, Shaddyboo, ikamba rishya: Udushya mu birori byo gutoranya Miss Rwanda 2020",entertainment,0.959,512,True
http://www.igihe.com/imyidagaduro/muzika/article/abanyarwanda-basogongejwe-ku-muco-wo-muri-senegal-mu-gitaramo-kidasanzwe,entertainment,Abanyarwanda basogongejwe ku muco wo muri Sénégal mu gitaramo kidasanzwe (Amafoto),entertainment,0.9862,239,False
http://www.igihe.com/imyidagaduro/article/incamake-z-urugendo-rwa-nishimwe-naomie-mu-irushanwa-rya-miss-rwanda-yasoje,entertainment,Incamake y'urugendo rwa Nishimwe Naomie mu irushanwa rya Miss Rwanda rwamuhesheje kwambara ikamba,entertainment,0.9722,512,True
http://www.igihe.com/imyidagaduro/Nishimwe-Naomie-yegukanye-ikamba-rya-Nyampinga-w-u-Rwanda-2020-Amafoto-na-Video,entertainment,Nishimwe Naomie yegukanye ikamba rya Nyampinga w'u Rwanda 2020 (Amafoto na Video),entertainment,0.9628,512,True
http://www.igihe.com/imyidagaduro/article/alpha-blondy-w-imyaka-67-yasezeranye-imbere-y-imana-n-umunyamakurukazi-ukora,entertainment,Alpha Blondy yasezeranye imbere y'Imana n'umunyamakuru ukora kuri radiyo ye,entertainment,0.9732,414,False
http://www.igihe.com/imyidagaduro/article/babou-warangije-amashuri-yisumbuye-agiye-gusubukura-iby-umuziki-video,entertainment,Babou agiye gusubukura iby'umuziki nyuma yo kurangiza amashuri yisumbuye (Video),entertainment,0.9894,512,True
http://www.igihe.com/imyidagaduro/article/nyampinga-wa-botswana-sudani-y-epfo-na-ghana-bageze-mu-rwanda-bitabiriye-miss,entertainment,"Nyampinga wa Botswana, Sudani y'Epfo na Ghana bitabiriye ibirori bya Miss Rwanda 2020",entertainment,0.9182,360,False
http://www.igihe.com/imyidagaduro/article/abakobwa-19-basigaye-muri-miss-rwanda-bahishuye-agahinda-batewe-na-ingabire,entertainment,Abakobwa bari muri Miss Rwanda bahishuye agahinda batewe na Ingabire wavuyemo kubera uburwayi,entertainment,0.957,512,True
http://www.igihe.com/imyidagaduro/article/the-ben-yasinye-amasezerano-y-imikoranire-na-onomo-hotel-yiyemeje,entertainment,The Ben yasinye amasezerano y'imikoranire na Onomo Hotel yiyemeje kumushyigikira mu muziki we,entertainment,0.9882,512,True
http://www.igihe.com/imyidagaduro/article/miss-rwanda-2020-ibyo-abakobwa-bazakumbura-mu-mwiherero-n-umushinga-wa-buri,entertainment,Miss Rwanda 2020: Ibyo abakobwa bazakumbura mu mwiherero n'umushinga wa buri wese (Video),entertainment,0.9551,512,True
http://www.igihe.com/imyidagaduro/article/abakobwa-batabashije-gukomeza-muri-miss-rwanda-2020-bakomereje-ibikorwa-by,entertainment,Abakobwa batabashije gukomeza muri Miss Rwanda 2020 bakomereje ibikorwa by'urukundo mu Karere ka Gisagara,entertainment,0.9463,512,True
http://www.igihe.com/imyidagaduro/article/niyo-bosco-yasohoye-indirimbo-nshya-yise-ibanga,entertainment,"Niyo Bosco yasohoye indirimbo nshya yise ""Ibanga""",entertainment,0.9897,373,False
http://www.igihe.com/imyidagaduro/article/abakobwa-bahatana-muri-miss-rwanda-basuye-ecobank-bella-flowers-na-africa,entertainment,"Abakobwa bahatana muri Miss Rwanda basuye Ecobank, Bella Flowers na Africa Improved Food (Amafoto)",entertainment,0.8057,512,True
http://www.igihe.com/ikoranabuhanga/article/ricta-n-abafatanyabikorwa-basuzumye-uko-internet-n-ikoranabuhanga-rigezweho,technology,RICTA n'abafatanyabikorwa basuzumye uko Internet n'ikoranabuhanga rigezweho byitabirwa mu Rwanda,technology,0.8738,449,False
http://www.igihe.com/ikoranabuhanga/article/uburyo-indege-zo-mu-bwoko-bwa-pod-zizahindura-ibijyanye-n-ingendo-n-ubwikorezi,technology,Uburyo indege zo mu bwoko bwa Pod zizahindura ibijyanye n'ingendo n'ubwikorezi,technology,0.838,454,False
http://www.igihe.com/ikoranabuhanga/article/uko-wagura-itike-ya-tap-go-wifashishije-ikoranabuhanga,technology,Uko wagura itike ya Tap&Go wifashishije ikoranabuhanga,technology,0.9272,512,True
http://www.igihe.com/ikoranabuhanga/article/snapchat-igiye-kujya-igenzura-amatangazo-yamamaza-abanyapolitiki,technology,Snapchat igiye kujya igenzura amatangazo yamamaza abanyapolitiki,technology,0.8878,262,False
http://www.igihe.com/ikoranabuhanga/article/hagaragajwe-ko-udushya-mu-ikusanyamakuru-twafasha-afurika-kugera-ku-iterambere,technology,Hagaragajwe ko udushya mu ikusanyamakuru twafasha Afurika kugera ku iterambere rirambye,economy,0.8899,512,True
http://www.igihe.com/ikoranabuhanga/article/ibyishimo-bya-ambasaderi-wa-eu-ku-munsi-wa-mbere-akoresheje-telefoni-ikorerwa,technology,Ibyishimo bya Ambasaderi wa EU ku munsi wa mbere akoresheje telefoni ikorerwa mu Rwanda,technology,0.8046,512,True
http://www.igihe.com/ikoranabuhanga/article/intumbero-za-goffin-ushaka-gutangiza-mu-rwanda-ikoranabuhanga-rikora-robot,technology,Intumbero za Goffin ushaka gutangiza mu Rwanda ikoranabuhanga rikora robot,technology,0.9693,512,True
http://www.igihe.com/ikoranabuhanga/article/uburyo-bushya-bwo-kwerekana-amashusho-bwa-disney-plus-na-netflix-bushobora,technology,Uburyo bushya bwo kwerekana amashusho bwa Disney plus na Netflix bushobora gohombya televiziyo nyinshi,entertainment,0.8452,512,True
http://www.igihe.com/ikoranabuhanga/article/urubyiruko-rwamuritse-imishinga-mishya-irimo-uwo-kororera-amafi-imusozi,technology,"Urubyiruko rwamuritse imishinga mishya irimo uwo kororera amafi imusozi, gusudiza umunyu n'indi",economy,0.6391,512,True
http://www.igihe.com/ikoranabuhanga/internet/article/facebook-imaze-gufunga-konti-miliyari-5-4-muri-uyu-mwaka,technology,Facebook imaze gufunga konti miliyari 5.4 muri uyu mwaka,technology,0.947,389,False
http://www.igihe.com/ikoranabuhanga/article/imare-amatsiko-ku-mibereho-y-ahazaza-mu-isi-y-imashini-zikora-nk-abantu,technology,Imare amatsiko ku mibereho y'ahazaza mu Isi y'imashini zikora nk'abantu,technology,0.8053,512,True
http://www.igihe.com/ikoranabuhanga/article/ac-group-yazanye-ikoranabuhanga-rya-tap-go-ku-bagenzi-bajya-mu-ntara,technology,AC Group yazanye ikoranabuhanga rya Tap&Go ku bagenzi bajya mu ntara,technology,0.8692,438,False
http://www.igihe.com/ikoranabuhanga/article/whatsapp-yazanye-uburyo-bushya-butuma-ntawe-ushyirwa-muri-group-atabishaka,technology,WhatsApp yazanye uburyo bushya butuma ntawe ushyirwa muri 'Group' atabishaka,technology,0.9643,341,False
http://www.igihe.com/ikoranabuhanga/article/u-bushinwa-bwatangije-ku-mugaragaro-ikoreshwa-rya-internet-ya-5g,technology,U Bushinwa bwatangije ku mugaragaro ikoreshwa rya internet ya 5G,technology,0.9658,491,False
http://www.igihe.com/ikoranabuhanga/mobayilo/article/iphone-5-muri-telefoni-zishobora-gutakaza-ubushobozi-bumwe-kuri-iki-cyumweru,technology,iPhone 5 muri telefoni zishobora gutakaza ubushobozi bumwe kuri iki Cyumweru,technology,0.9699,312,False
http://www.igihe.com/ikoranabuhanga/article/u-burusiya-mu-mugambi-uzabufasha-gushwanyuza-ibibuye-bishobora-kugonga-isi,technology,U Burusiya mu mugambi uzabufasha gushwanyuza ibibuye bishobora kugonga Isi,technology,0.8108,455,False
http://www.igihe.com/ikoranabuhanga/article/ikigo-essoka-cyashyizeho-uburyo-ibigo-bishobora-guhangana-n-abajura,technology,Ikigo ESSOKA cyashyizeho uburyo ibigo bishobora guhangana n'abajura babyinjirira bakoresheje ikoranabuhanga,technology,0.8777,512,True
http://www.igihe.com/ikoranabuhanga/article/risa-yahembye-imishinga-y-ikoranabuhanga-ritanga-icyizere-mu-koroshya-ubuzima,technology,RISA yahembye imishinga y'ikoranabuhanga ritanga icyizere mu koroshya ubuzima bw'abafite ubumuga,economy,0.7243,512,True
http://www.igihe.com/ikoranabuhanga/mobayilo/article/uko-blackberry-yasigaye-inyuma-mu-rugamba-rw-ikoranabuhanga-rya-telefone,technology,Uko Blackberry yasigaye inyuma mu rugamba rw'ikoranabuhanga rya telefone zigezweho,technology,0.9734,512,True
http://www.igihe.com/ikoranabuhanga/ubumenyi/article/imiterere-ya-tesla-cybertruck-imodoka-y-akataraboneka-igiye-guhindura-ibintu-ku,technology,"Imiterere ya 'Tesla Cybertruck', imodoka y'akataraboneka igiye guhindura ibintu ku isoko",technology,0.9664,512,True
http://www.igihe.com/ikoranabuhanga/article/mu-rwanda-hatangiye-kugeragezwa-ikoranabuhanga-rizifashishwa-mu-gutanga-amakuru,technology,Mu Rwanda hatangiye kugeragezwa ikoranabuhanga rizifashishwa mu gutanga amakuru ajyanye n'ubuhinzi,economy,0.9119,512,True
http://www.igihe.com/ikoranabuhanga/article/sobanukirwa-imikorere-y-utwuma-twambikwa-abagororwa-tugasimbura-gereza,technology,Imikorere y'utwuma twambikwa abagororwa tugasimbura gereza,politics,0.9311,512,True
http://www.igihe.com/ikoranabuhanga/ubumenyi/article/sobanukirwa-impamvu-usabwa-kuzimya-telefone-yawe-igihe-indege-igiye-guhaguruka,technology,Sobanukirwa impamvu usabwa kuzimya telefone yawe igihe indege igiye guhaguruka no kururuka,technology,0.9417,512,True
http://www.igihe.com/ikoranabuhanga/article/hagiye-gushorwa-miliyoni-18-mu-ikoranabuhanga-rizaca-uburiganya-mu-bamotari,technology,Hagiye gushorwa miliyoni $18 mu ikoranabuhanga rizaca uburiganya mu bamotari,economy,0.3813,512,True
http://www.igihe.com/ikoranabuhanga/article/minisitiri-w-intebe-dr-ngirente-yavuze-ko-kwemerera-abanyeshuri-telefone-byaba,technology,Minisitiri w'Intebe Dr Ngirente yashimangiye ko kwemerera abanyeshuri telefone byaba ari ukubarangaza,technology,0.6575,512,True
http://www.igihe.com/ikoranabuhanga/internet/article/ktrn-yashoye-miliyoni-10-z-amadorali-mu-kuvugurura-umuyoboro-wa-4g,technology,KtRN yashoye miliyoni 10 z'amadorali mu kuvugurura umuyoboro wa 4G,technology,0.9486,512,True
http://www.igihe.com/ikoranabuhanga/ubumenyi/ubumenyi-bw-isi/article/ibyogajuru-by-ikoranabuhanga-rihambaye-byoherejwe-mu-isanzura-mu-minsi-irindwi,technology,Ibyogajuru by'ikoranabuhanga rihambaye byoherejwe mu isanzure muri iki cyumweru,technology,0.9586,490,False
http://www.igihe.com/ikoranabuhanga/article/abanyarwanda-batandatu-ba-mbere-bahuguwe-ku-mikorere-y-ubwenge-bw-ubukorano,technology,Abanyarwanda batandatu ba mbere bahuguwe ku mikorere y'ubwenge bw'ubukorano bahawe impamyabushobozi,economy,0.8515,512,True
http://www.igihe.com/ikoranabuhanga/article/hakozwe-ikoranabuhanga-rikora-incamake-y-inyandiko-ndende-zanditse-mu-ndimi,technology,Hakozwe ikoranabuhanga rikora incamake y'inyandiko ndende zanditse mu ndimi icyenda,technology,0.9219,397,False
http://www.igihe.com/ikoranabuhanga/article/umuyobozi-mukuru-wa-twitter-yababajwe-no-gusoza-uruzinduko-rwe-muri-afurika,technology,Umuyobozi Mukuru wa Twitter arateganya kuzaza muri Afurika akahamara amezi atatu,technology,0.9225,493,False
http://www.igihe.com/ikoranabuhanga/article/twitter-igiye-gushyiraho-uburyo-bwo-guhitamo-abemerewe-kuvuga-ku-byo-umuntu,technology,Twitter igiye gushyiraho uburyo bwo guhitamo abemerewe kuvuga ku byo umuntu yanditse,technology,0.8764,314,False
http://www.igihe.com/ikoranabuhanga/article/umunara-wa-startimes-wakubiswe-n-inkuba-bibuza-bamwe-muri-kigali-kureba,technology,Umunara wa StarTimes wakubiswe n'inkuba bibuza bamwe muri Kigali kureba Televiziyo,entertainment,0.6697,371,False
http://www.igihe.com/ikoranabuhanga/article/havumbuwe-batiri-ishobora-kubika-umuriro-wakoresha-smartphone-iminsi-itanu,technology,Havumbuwe batiri ishobora kubika umuriro wakoresha smartphone iminsi itanu,tourism,0.3583,369,False
http://www.igihe.com/ikoranabuhanga/ubumenyi/article/hakozwe-ikoranabuhanga-rishobora-gutahura-kanseri-y-ibere-kurusha-abaganga,technology,Hakozwe ikoranabuhanga rishobora gutahura kanseri y'ibere kurusha abaganga,health,0.9881,512,True
http://www.igihe.com/ikoranabuhanga/article/mu-2019-samsung-yagurishije-telefoni-zikoresha-5g-zisaga-miliyoni-esheshatu,technology,Mu 2019 Samsung yagurishije telefoni zikoresha 5G zisaga miliyoni esheshatu,technology,0.9587,274,False
http://www.igihe.com/ikoranabuhanga/article/tesla-yashyize-ku-isoko-imodoka-za-mbere-yakoreye-mu-bushinwa,technology,Tesla yashyize ku isoko imodoka za mbere yakoreye mu Bushinwa,technology,0.9537,440,False
http://www.igihe.com/ikoranabuhanga/ubumenyi/article/impamvu-abavutse-ku-wa-29-gashyantare-bizihiza-isabukuru-y-amavuko-rimwe-mu,technology,Impamvu abavutse ku wa 29 Gashyantare bizihiza isabukuru y'amavuko rimwe mu myaka ine,health,0.8481,512,True
http://www.igihe.com/ikoranabuhanga/article/abanyarwandakazi-bakoze-ikoranabuhanga-rizajya-rimenyesha-abantu-aho-bakorera,technology,Abanyarwandakazi bakoze ikoranabuhanga rizajya rimenyesha abantu aho bakorera siporo habegereye,technology,0.6017,512,True
http://www.igihe.com/ikoranabuhanga/article/arsenal-yemeye-kwitabira-ubukangurambaga-bwa-connectrwanda,technology,Arsenal yemeye kwitabira ubukangurambaga bwa #ConnectRwanda,technology,0.8575,410,False
http://www.igihe.com/ikoranabuhanga/mobayilo/article/perezida-kagame-yatangaje-umubare-wa-telefoni-zizatangwa-na-madamu-we-n-abana,technology,Perezida Kagame yatangaje umubare wa telefoni zizatangwa na Madamu we n'abana muri #ConnectRwanda,politics,0.6597,512,True
http://www.igihe.com/ikoranabuhanga/article/mtn-rwanda-yinjiye-mu-bukangurambaga-connectrwanda-bugamije-kugeza-telefone,technology,MTN Rwanda yinjiye mu bukangurambaga 'ConnectRwanda' bugamije kugeza telefoni zigezweho kuri bose,technology,0.8727,512,True
http://www.igihe.com/ikoranabuhanga/article/icyogajuru-cya-boeing-kigiye-kugaruka-ku-butaka-kitarangije-ubutumwa,technology,Icyogajuru cya Boeing kigiye kugaruka ku butaka kitarangije ubutumwa cyoherejwemo,technology,0.9707,512,True
http://www.igihe.com/ikoranabuhanga/article/perezida-kagame-yemeye-kwishyura-smartphone-1000-muri-gahunda-y-uko-buri-rugo,technology,Perezida Kagame yemeye kwishyura 'smartphones' 1500 muri gahunda y'uko buri rugo rutunga imwe (Yavuguruwe),technology,0.716,512,True
http://www.igihe.com/ikoranabuhanga/article/facebook-niyo-ifite-porogaramu-nyinshi-zimaze-kumanurwa-kuri-internet,technology,Facebook niyo ifite porogaramu nyinshi zimaze kumanurwa kuri internet,technology,0.9441,512,True
http://www.igihe.com/ikoranabuhanga/article/ibiganiro-ku-mushinga-uzongerera-ubushobozi-abiga-ibya-porogaramu-z,technology,Ibiganiro ku mushinga uzongerera ubushobozi abiga ibya porogaramu z'ikoranabuhanga bigeze kure,economy,0.6564,444,False
http://www.igihe.com/ikoranabuhanga/mobayilo/article/umuburo-ku-bakoresha-whatsapp-kubera-abatekamutwe-bakomeje-kubibasira,technology,Umuburo ku bakoresha WhatsApp kubera abatekamutwe bakomeje kubibasira,politics,0.9286,512,True
http://www.igihe.com/ikoranabuhanga/ubumenyi/ubumenyi-bw-isi/article/ikoranabuhanga-rishya-rishobora-gutuma-tugera-kuri-mars-vuba,technology,Ikoranabuhanga rishya rishobora gutuma tugera kuri Mars vuba,technology,0.9081,482,False
http://www.igihe.com/ikoranabuhanga/article/toyota-na-honda-zakuye-ku-isoko-imodoka-zirenga-miliyoni-esheshatu-kubera,technology,Toyota na Honda zakuye ku isoko imodoka zirenga miliyoni esheshatu kubera ibibazo bya tekiniki,technology,0.9003,377,False
http://www.igihe.com/ikoranabuhanga/article/instagram-igiye-kuzajya-igenzura-amafoto-ayishyirwaho-yanyujijwe-muri-photoshop,technology,Instagram igiye kujya igenzura amafoto ayishyirwaho yanyujijwe muri Photoshop,technology,0.528,227,False
http://www.igihe.com/ikoranabuhanga/internet/article/verizon-yatangije-ishakiro-rya-onesearch-riha-umwihariko-umutekano-w-abakoresha,technology,Verizon yatangije ishakiro rya OneSearch riha umwihariko umutekano w'abakoresha internet,technology,0.963,512,True
http://www.igihe.com/ikoranabuhanga/mudasobwa/article/windows-7-mu-marembera,technology,Windows 7 mu marembera,technology,0.9668,512,True
http://www.igihe.com/ikoranabuhanga/mobayilo/article/ni-gute-wagaruza-telefoni-yawe-ya-android-yibwe,technology,Uko wagaruza telefoni yawe ya Android yibwe,technology,0.974,512,True
http://www.igihe.com/ikoranabuhanga/article/umunyarwanda-yavumbuye-ikoranabuhanga-rikoreshwa-muri-gari-ya-moshi-zo-mu,technology,Umunyarwanda yavumbuye ikoranabuhanga rikoreshwa muri Gari ya moshi zo mu Bushinwa,technology,0.9002,512,True
http://www.igihe.com/ikoranabuhanga/mobayilo/article/ikoreshwa-rya-smartphones-zirimo-gutangwa-muri-connect-rwanda-rizakurikiranwa,technology,Ikoreshwa rya 'smartphones' zirimo gutangwa muri Connect Rwanda rizakurikiranwa rite?,technology,0.965,512,True
http://www.igihe.com/ikoranabuhanga/article/hagiye-gukorwa-impinduka-mu-mikorere-ya-bluetooth-bwa-mbere-mu-myaka-20,technology,Hagiye gukorwa impinduka mu mikorere ya Bluetooth bwa mbere mu myaka 20,technology,0.9605,309,False
http://www.igihe.com/ikoranabuhanga/article/havumbuwe-ikoranabuhanga-ririnda-uburyo-bwo-guhumeka-kw-abana-bavutse,technology,Havumbuwe ikoranabuhanga ririnda uburyo bwo guhumeka kw'abana bavutse batagejeje igihe,health,0.9786,287,False
http://www.igihe.com/ikoranabuhanga/article/twitter-yatangiye-kugerageza-fleets-uburyo-bwo-gusangiza-inkuru-zisiba-nyuma-y,technology,"Twitter yatangiye kugerageza 'Fleets', uburyo bwo gusangiza inkuru zisiba nyuma y'amasaha 24",technology,0.9371,286,False
http://www.igihe.com/ikoranabuhanga/ibindi-bikoresho/article/uruganda-rwa-bmw-rwavuguruye-ikirango-cyarwo,technology,Uruganda rwa BMW rwavuguruye ikirango cyarwo,technology,0.727,512,True
http://www.igihe.com/ikoranabuhanga/article/apple-igiye-gutanga-impozamarira-za-miliyoni-500-kubera-kugabanya-ubushobozi,technology,Apple igiye gutanga impozamarira za miliyoni $500 kubera kugabanya ubushobozi bwa iPhone,technology,0.9712,385,False
http://www.igihe.com/ikoranabuhanga/article/ibitanda-mu-ndege-air-new-zealand-igiye-gutangiza-ingendo-z-indege-zizajya,technology,Ibitanda mu ndege: Air New Zealand igiye gutangiza ingendo z'indege zizajya zifasha abashaka kuryama,technology,0.5107,512,True
http://www.igihe.com/ikoranabuhanga/internet/article/ikinyarwanda-mu-ndimi-eshanu-nshya-zatangiye-gukoreshwa-muri-google-translate,technology,Ikinyarwanda mu ndimi eshanu nshya zatangiye gukoreshwa muri Google Translate,technology,0.9651,358,False
http://www.igihe.com/ikoranabuhanga/internet/article/liquid-telecom-yagabanyije-ibiciro-bya-internet-izamura-umuvuduko-wayo,technology,Liquid Telecom yagabanyije ibiciro bya internet inakuraho ingano ntarengwa y'iyo ukoresha,economy,0.5795,512,True
http://www.igihe.com/ikoranabuhanga/article/google-irashinjwa-ubutasi-ku-banyeshuri-b-abanyamerika,technology,Google irashinjwa ubutasi ku banyeshuri b'Abanyamerika,technology,0.9549,391,False
http://www.igihe.com/ikoranabuhanga/article/urugendo-rwa-ashish-thakkar-winjiye-mu-bucuruzi-ku-myaka-15-ubu-ageze-ku,technology,"Urugendo rwa Ashish Thakkar winjiye mu bucuruzi ku myaka 15, ubu ageze ku ruganda rwa Mara Phones",economy,0.9602,512,True
http://www.igihe.com/ikoranabuhanga/article/uburyo-waryoherwa-n-ubuzima-ukoresha-umurongo-wa-irtel,technology,Uburyo waryoherwa n'ubuzima ukoresha umurongo wa Airtel,technology,0.6071,512,True
http://www.igihe.com/ikoranabuhanga/mobayilo/article/smartphones-1000-za-mbere-zashyikirijwe-abatishoboye-muri-connect-rwanda,technology,Smartphones 1000 za mbere zashyikirijwe abatishoboye muri #Connect Rwanda,technology,0.8359,512,True
http://www.igihe.com/ikoranabuhanga/article/umubare-w-abakoresha-whatsapp-wageze-kuri-miliyari-ebyiri,technology,Umubare w'abakoresha WhatsApp wageze kuri miliyari ebyiri,technology,0.9498,323,False
http://www.igihe.com/ikoranabuhanga/mobayilo/article/samsung-yashyize-ku-isoko-telefoni-nshya-ya-galaxy-z-flip-ishobora-gukunjwa,technology,Samsung yashyize ku isoko telefoni nshya ya Galaxy Z Flip ishobora gukunjwa,technology,0.9496,448,False
http://www.igihe.com/ikoranabuhanga/article/cadillac-yashyize-hanze-ubwoko-bw-imodoka-ishobora-kwitwara,technology,Cadillac yashyize hanze ubwoko bw'imodoka ishobora kwitwara,technology,0.9636,234,False
http://www.igihe.com/ikoranabuhanga/ubumenyi/article/drones-zirimo-iy-abanyafurika-zagurukijwe-mu-mwitozo-utegura-irushanwa-ryazo-mu,technology,Drones zirimo iy'Abanyafurika zagurukijwe mu mwitozo utegura irushanwa ryazo mu Rwanda (Amafoto na Video),technology,0.8319,512,True
http://www.igihe.com/ikoranabuhanga/article/whatsapp-igiye-guhagarikwa-muri-telefoni-nyinshi-ku-isi,technology,WhatsApp igiye guhagarikwa muri telefoni nyinshi ku Isi,technology,0.9685,281,False
http://www.igihe.com/umuco/ibitabo/article/u-bufaransa-uwambaje-beatrice-yanditse-igitabo-yise-le-silence-des-collines,culture,U Bufaransa: Uwambaje Béatrice yanditse igitabo yise 'Le silence des Collines',history,0.7952,512,True
http://www.igihe.com/umuco/amateka/article/imyemerere-ihejeje-abantu-mu-rujijo-imana-y-i-rwanda-imana-ya-israel-igice-cya,culture,"Imyemerere ihejeje abantu mu rujijo: Imana y'i Rwanda, Imana ya Israel ( Igice cya mbere)",religion,0.9791,512,True
http://www.igihe.com/umuco/article/inkomoko-y-insigamugani-yaraye-i-ragwe,culture,Inkomoko y'Insigamugani: Yaraye i Ragwe!,culture,0.6481,469,False
http://www.igihe.com/umuco/amateka/article/inkomoko-y-insigamugani-ntibigira-rutangira,culture,Inkomoko y'Insigamugani 'Ntibigira rutangira!',culture,0.6511,512,True
http://www.igihe.com/umuco/article/ibyihariye-ku-itongo-ry-umwami-kigeri-iv-rwabugiri-ry-i-karongi-ahateguriwe,culture,"Ibyihariye ku itongo ry'Umwami Kigeri IV Rwabugiri ry'i Karongi,ahateguriwe ibitero bikomeye",culture,0.3886,512,True
http://www.igihe.com/umuco/article/rutangarwamaboko-yakoze-umuhango-gakondo-wo-gutura-umuganura-abakuru-amafoto,culture,Rutangarwamaboko yakoze umuhango gakondo wo gutura Umuganura abakuru (Amafoto),politics,0.7554,512,True
http://www.igihe.com/umuco/article/umuhango-wo-guca-inzigo-mu-butabera-bwo-mu-rwanda-rwo-ha-mbere,culture,Umuhango wo guca inzigo mu butabera bwo mu Rwanda rwo ha mbere,history,0.4627,512,True
http://www.igihe.com/umuco/article/inkomoko-y-insigamugani-yatanze-rwantorero,culture,Inkomoko y'Insigamugani:Yatanze Rwantorero,culture,0.8297,512,True
http://www.igihe.com/umuco/article/uko-umunsi-w-umuganura-wizihijwe-mu-bice-bitandukanye-by-igihugu-amafoto,culture,Uko Umunsi w'Umuganura wizihijwe mu bice bitandukanye by'igihugu (Amafoto),health,0.9831,512,True
http://www.igihe.com/umuco/ibitaramo/article/ibyaranze-igitaramo-ndangamuco-i-nyanza-twataramye-amafoto,culture,Ibyaranze igitaramo ndangamuco I Nyanza Twataramye (Amafoto),entertainment,0.961,512,True
http://www.igihe.com/umuco/amateka/article/umunsi-mukuru-w-umuganura-mu-muco-no-mu-mateka-y-u-rwanda,culture,Umunsi mukuru w'Umuganura mu muco no mu mateka y'u Rwanda,history,0.883,512,True
http://www.igihe.com/umuco/article/inkomoko-y-insigamugani-yigize-nyiranzakaha,culture,"Inkomoko y'insigamugani ""Yigize nyiranzakaha""",culture,0.7106,512,True
http://www.igihe.com/umuco/ibitabo/article/umwanditsi-pierre-pean-wakunze-kunengwa-ku-gupfobya-jenoside-yakorewe-abatutsi,culture,"Umwanditsi Pierre Péan wakunze kunengwa ku gupfobya Jenoside yakorewe Abatutsi, yapfuye",history,0.7075,429,False
http://www.igihe.com/umuco/article/ubuhanzi-nyarwanda-bwahawe-umwihariko-udasanzwe-mu-muganura-w-uyu-mwaka,culture,Ubuhanzi nyarwanda bwahawe umwihariko udasanzwe mu muganura w'uyu mwaka,entertainment,0.9031,512,True
http://www.igihe.com/umuco/amateka/article/ububiko-bw-amateka-yo-ha-mbere-ingoma-ngabe-rukombamazi,culture,Ububiko bw'amateka yo ha mbere: Ingoma ngabe Rukombamazi,history,0.3142,512,True
http://www.igihe.com/umuco/amateka/article/imiryango-yahamije-ubuhangange-mu-mateka-y-u-rwanda-igicumbi-cy-uwa-rwakagara,culture,Imiryango yahamije ubuhangange mu mateka y'u Rwanda: Igicumbi cy'uwa Rwakagara (Igice cya kabiri),history,0.4485,512,True
http://www.igihe.com/umuco/amateka/article/imiryango-yahamije-ubuhangange-mu-mateka-y-u-rwanda-igicumbi-cyo-kwa-rwakagara,culture,Imiryango yahamije ubuhangange mu mateka y'u Rwanda: Igicumbi cyo kwa Rwakagara (Igice cya mbere),history,0.8082,512,True
http://www.igihe.com/umuco/ibitabo/article/padiri-amerika-yasohoye-igitabo-nzi-uwo-nemeye-gihanura-abasoma-bibiliya,culture,"Padiri Amerika yasohoye igitabo 'Nzi Uwo Nemeye', gihanura abasoma Bibiliya 'bunyuguti'",religion,0.9882,512,True
http://www.igihe.com/umuco/amateka/article/u-bubiligi-bwahaye-u-rwanda-urutonde-rw-ibikoresho-ndangamurage-bubitse-birimo,culture,U Bubiligi bwahaye u Rwanda urutonde rw'ibikoresho ndangamurage bubitse birimo igisingo cy'umwami Rwabugili,culture,0.3992,512,True
http://www.igihe.com/umuco/article/mu-rwanda-hatangijwe-imurika-ry-amateka-y-abanyarwanda-mu-ntambara-ya-mbere-y,culture,Mu Rwanda hatangijwe imurika ry'amateka y'abanyarwanda mu ntambara ya mbere y'isi yose,history,0.7215,512,True
http://www.igihe.com/umuco/article/ibigwi-n-ibirindiro-amateka-n-ibigwi-by-inka-mu-rwanda-igice-cya-mbere,culture,Ibigwi n'ibirindiro: Amateka n'ibigwi by'inka mu Rwanda ( Igice cya mbere),history,0.9076,512,True
http://www.igihe.com/umuco/ibitabo/article/padiri-amerika-agiye-kumurika-igitabo-gitanga-umucyo-ku-mpaka-z-urudaca,culture,Padiri Amerika agiye kumurika igitabo gitanga umucyo ku mpaka z'urudaca zishingiye kuri Bibiliya,religion,0.9861,512,True
http://www.igihe.com/umuco/amateka/article/ububiko-bw-amateka-umudugudu-wa-nyirabwana-wahoze-ari-igicumbi-cy-ingoma-y-u,culture,Ububiko bw'amateka: Umudugudu wa Nyirabwana wahoze ari igicumbi cy'ingoma y'u Bwanacyambwe,history,0.4708,512,True
http://www.igihe.com/umuco/article/umusozi-wa-kigali-wasabirwagaho-kugira-umutima-w-u-rwanda,culture,Umusozi wa Kigali wasabirwagaho kugira Umutima w'u Rwanda,culture,0.5119,512,True
http://www.igihe.com/umuco/amateka/article/village-urugwiro-inyubako-y-amateka-akomeye-mu-rwanda,culture,"Village Urugwiro, inyubako y'amateka akomeye mu Rwanda",health,0.9367,512,True
http://www.igihe.com/umuco/article/ikinyarwanda-cyahawe-intebe-muri-miss-rwanda-2020-urundi-rurimi-ruzakoreshwa-ku,culture,"Ikinyarwanda cyahawe intebe muri Miss Rwanda 2020, urundi rurimi ruzakoreshwa ku bushake bw'uhatana",entertainment,0.958,512,True
http://www.igihe.com/umuco/amateka/article/imiryango-yahamije-ibigwi-mu-mateka-y-u-rwanda-igicumbi-cy-umuryango-w-umwami,culture,Imiryango yahamije ibigwi mu mateka y'u Rwanda: Igicumbi cy'umuryango w'umwami Ndoba,history,0.5234,512,True
http://www.igihe.com/umuco/article/hagiye-kuba-amarushanwa-y-igisoro-umwe-mu-mikino-nyarwanda-imaze-igihe,culture,"Hagiye kuba amarushanwa y'igisoro, umwe mu mikino nyarwanda imaze igihe",sport,0.9286,512,True
http://www.igihe.com/umuco/article/ibigwi-n-ibirindiro-by-umwami-kigeli-rwabugili-mu-gitero-cy-imigogo-igice-cya,culture,"Ibigwi n'ibirindiro by'umwami Kigeli Rwabugili, mu gitero cy'Imigogo (Igice cya mbere)",history,0.4769,512,True
http://www.igihe.com/umuco/amateka/article/inkomoko-gakondo-y-ibicumbi-by-imiryango-migari-y-abanyarwanda-igice-cya-mbere,culture,Inkomoko gakondo y'ibicumbi by'imiryango migari y'Abanyarwanda ( Igice cya mbere),politics,0.7126,512,True
http://www.igihe.com/umuco/amateka/article/uruzinduko-rw-amasaha-arindwi-bush-yakoreye-mu-rwanda-rugasiga-ishusho-nshya-y,culture,"Uruzinduko rw'amasaha arindwi Bush yakoreye mu Rwanda, rugasiga ishusho nshya y'umubano mu ishoramari",politics,0.9029,512,True
http://www.igihe.com/umuco/ibitabo/article/sinzatesha-agaciro-uwakansubije-igitabo-kivuga-amateka-y-abanyarwandakazi-n,culture,"'Sinzatesha agaciro uwakansubije', igitabo kivuga amateka y'Abanyarwandakazi n'uburyo basubiranye ijambo",politics,0.7828,512,True
http://www.igihe.com/umuco/article/kurasaga-imyotso-kurumika-kugombora-uburyo-gakondo-bwamamaye-mu-kuvura-indwara,culture,"Kurasaga, imyotso, kurumika, kugombora: Uburyo gakondo bwamamaye mu kuvura indwara z'amayobera",health,0.9887,512,True
http://www.igihe.com/umuco/article/nzaharanira-kutaruta-ubutumwa-kuko-buruta-intumwa-isezerano-rya-bamporiki-nyuma,culture,Nzaharanira kutaruta ubutumwa kuko buruta intumwa! Isezerano rya Bamporiki nyuma yo kugirwa Minisitiri,entertainment,0.6733,512,True
http://www.igihe.com/umuco/article/imiryango-yahamije-ubuhangange-mu-mateka-igicumbi-cy-umuryango-w-umwami-yuhi,culture,Imiryango yahamije ubuhangange mu mateka: Igicumbi cy'Umuryango w'Umwami Yuhi Mazimpaka,history,0.8667,512,True
http://www.igihe.com/umuco/article/inkomoko-y-insigamugani-barapfa-iz-imibaya,culture,"Inkomoko y'Insigamugani ""Barapfa iz'imibaya""",culture,0.2998,512,True
http://www.igihe.com/umuco/ibitaramo/article/igitaramo-twinikize-inkera-cyasubije-abanyarwanda-ku-isoko-y-amazina-y-inka,culture,Igitaramo 'Twinikize Inkera' cyasubije abanyarwanda ku isoko y'amazina y'inka,culture,0.5791,512,True
http://www.igihe.com/umuco/amateka/article/uko-nyanza-yabaye-umurwa-mukuru-w-ubwami-bw-u-rwanda-igice-cya-gatatu,culture,Uko Nyanza yabaye umurwa mukuru w'ubwami bw'u Rwanda (Igice cya gatatu),history,0.6789,512,True
http://www.igihe.com/umuco/amateka/article/inkomoko-y-insigamugani-nzarya-ikindi-nsibe-inyama-y-ibusinga,culture,Inkomoko y'Insigamugani 'Nzarya ikindi nsibe inyama y'ibusinga',culture,0.634,512,True
http://www.igihe.com/umuco/article/ralc-irashishikariza-abanyarwanda-kugira-umuco-wo-kuremera,culture,RALC irashishikariza Abanyarwanda kugira umuco wo Kuremera,economy,0.6219,512,True
http://www.igihe.com/umuco/amateka/article/inkomoko-y-inyito-y-umugezi-wa-nyabugogo-igice-cya-kabiri,culture,Inkomoko y'inyito y'umugezi wa Nyabugogo( Igice cya Kabiri),economy,0.6123,512,True
http://www.igihe.com/umuco/article/imitako-ya-kinyarwanda-yatanzweho-impano-mu-isangira-ry-abayobozi-ba-rotary,culture,Imitako ya Kinyarwanda yatanzweho impano mu isangira ry'abayobozi ba Rotary (Amafoto),economy,0.7934,512,True
http://www.igihe.com/umuco/amateka/article/inkomoko-y-inyito-nyabugogo-igice-cya-mbere,culture,Inkomoko y'inyito Nyabugogo( Igice cya Mbere),culture,0.4846,512,True
http://www.igihe.com/umuco/ubugeni/article/menya-bushayija-pascal-nyir-ibihangano-bimanitse-mu-nzu-z-abanyacyubahiro,culture,"Menya Bushayija Pascal, nyir'ibihangano bimanitse mu nzu z'abanyacyubahiro",politics,0.897,512,True
http://www.igihe.com/umuco/ibitabo/article/nyakarundi-yasohoye-igitabo-gikebura-abafite-inzozi-zo-kuba-i-burayi-na-amerika,culture,Nyakarundi yasohoye igitabo gikebura abafite inzozi zo kuba i Burayi na Amerika,health,0.9777,512,True
http://www.igihe.com/umuco/article/inkomoko-y-insigamugani-ni-mu-rya-bilindi,culture,"Inkomoko y'Insigamugani ""Ni mu rya Bilindi""",culture,0.7328,512,True
http://www.igihe.com/umuco/ikinyarwanda/article/ralc-yasabye-abanyarwanda-guha-agaciro-indimishami-z-ikinyarwanda,culture,RALC yasabye abanyarwanda guha agaciro 'Indimishami z'Ikinyarwanda',history,0.5613,512,True
http://www.igihe.com/umuco/ibitabo/article/ababyeyi-barasabwa-guteganya-amafaranga-yo-kugurira-abana-babo-ibitabo,culture,Ababyeyi barasabwa guteganya amafaranga yo kugurira abana babo ibitabo,politics,0.9906,512,True
http://www.igihe.com/umuco/article/ururimi-rw-igifaransa-rwungutse-amagambo-mashya-109,culture,Ururimi rw'Igifaransa rwungutse amagambo mashya 109,politics,0.5535,512,True
http://www.igihe.com/umuco/amateka/article/amwe-mu-magambo-akomeye-yavuzwe-na-bob-marley-umaze-imyaka-38-apfuye,culture,Amwe mu magambo akomeye yavuzwe na Bob Marley umaze imyaka 38 apfuye,history,0.5484,512,True
http://www.igihe.com/umuco/amateka/article/imvano-y-igitutu-cy-u-burayi-na-amerika-ku-rwanda-ubwo-habyarimana-yacudikaga,culture,Imvano y'igitutu cy'u Burayi na Amerika ku Rwanda ubwo Habyarimana yacudikaga na Koreya ya Ruguru,politics,0.9799,512,True
http://www.igihe.com/umuco/ibitabo/article/bamurangirwa-agiye-gusohora-ibitabo-bibiri-birimo-igikebura-abanyafurika,culture,Bamurangirwa agiye gusohora ibitabo bibiri birimo igikebura abanyafurika abategereje amakiriro mu mahanga,history,0.4165,512,True
http://www.igihe.com/umuco/article/umuco-ube-ubuzima-bw-abanyarwanda-mu-gihugu-no-mu-mahanga,culture,Umuco ube ubuzima bw'Abanyarwanda mu gihugu no mu mahanga,politics,0.8647,512,True
http://www.igihe.com/umuco/article/imiryango-yahamije-ubuhangange-mu-mateka-igicumbi-cy-umuryango-wa-rurenge,culture,Imiryango yahamije ubuhangange mu Mateka: Igicumbi cy'umuryango wa Rurenge,politics,0.4179,512,True
http://www.igihe.com/umuco/article/imyemerere-itangaje-y-abanyarwanda-bo-hambere-kuzinga-inzoka-no-kohera-imvura,culture,Imyemerere itangaje y'Abanyarwanda bo hambere: Kuzinga inzoka no kohera imvura,health,0.9746,512,True
http://www.igihe.com/ubukerarugendo/article/u-rwanda-rumaze-kungukira-miliyari-36-frw-mu-bufatanye-na-arsenal,tourism,U Rwanda rumaze kungukira miliyari 36 Frw mu bufatanye na Arsenal,sport,0.5817,512,True
http://www.igihe.com/ubukerarugendo/article/mu-itongo-kwa-richard-kandt-igicumbi-cy-ubushakashatsi-icumbi-ry-abamisiyoneri,tourism,"Mu itongo kwa Richard Kandt! Igicumbi cy'ubushakashatsi, icumbi ry'abamisiyoneri ryasinyiwemo amasezerano akomeye (Amafoto)",politics,0.6488,512,True
http://www.igihe.com/ubukerarugendo/article/shira-amatsiko-ku-mibereho-y-inkima-zo-mu-birunga-zisangiye-amateka-na-richard,tourism,Shira amatsiko ku mibereho y'Inkima zo mu Birunga zisangiye amateka na Richard Kandt (Amafoto),tourism,0.3624,512,True
http://www.igihe.com/ubukerarugendo/article/mu-mafoto-imiterere-ya-beach-10-za-mbere-nziza-ku-isi-mu-2019,tourism,Mu mafoto: Imiterere ya 'beach' 10 za mbere nziza ku Isi mu 2019,entertainment,0.9195,512,True
http://www.igihe.com/ubukerarugendo/pariki-n-amashyamba/article/abana-25-b-ingagi-bagiye-kwitwa-amazina-mu-muhango-wateguwe-ku-nshuro-ya-15,tourism,Abana 25 b'Ingagi bagiye kwitwa amazina mu muhango wateguwe ku nshuro ya 15,environment,0.253,481,False
http://www.igihe.com/ubukerarugendo/pariki-n-amashyamba/article/uruhare-rw-abaturage-ku-isonga-mu-byatumye-gishwati-mukura-izuka-igahinduka,tourism,Uruhare rw'abaturage ku isonga mu byatumye Gishwati - Mukura izuka igahinduka Pariki y'Igihugu,tourism,0.4318,512,True
http://www.igihe.com/ubukerarugendo/article/radisson-blu-yabaye-iya-mbere-mu-rwanda-yahawe-igihembo-cya-hoteli-itekanye,tourism,Radisson Blu yabaye iya mbere mu Rwanda yahawe igihembo cya hoteli itekanye,politics,0.4142,512,True
http://www.igihe.com/ubukerarugendo/article/rdb-yavuze-ku-mpinduka-zimaze-kugaragara-nyuma-y-imyaka-ibiri-ibiciro-byo,tourism,RDB yavuze ku mpinduka zimaze kugaragara nyuma y'imyaka ibiri ibiciro byo gusura ingagi bikubwe kabiri,economy,0.941,512,True
http://www.igihe.com/ubukerarugendo/article/perezida-kagame-yafunguye-ku-mugaragaro-singita-kwitonda-lodge-and-kataza-house,tourism,Perezida Kagame yafunguye ku mugaragaro Singita Kwitonda Lodge and Kataza House (Amafoto),economy,0.4763,512,True
http://www.igihe.com/ubukerarugendo/article/icyerekezo-cya-onomo-hoteli-imaze-umwaka-ku-isoko-ry-u-rwanda-ikiganiro-na,tourism,"Icyerekezo cya Onomo, hoteli imaze umwaka ku isoko ry'u Rwanda- Ikiganiro na Nizey Emile uyiyobora",economy,0.5701,512,True
http://www.igihe.com/ubukerarugendo/article/intare-zimaze-kwikuba-gatatu-muri-pariki-y-igihugu-y-akagera-kuva-mu-2015,tourism,Intare zimaze kwikuba gatatu muri Pariki y'Igihugu y'Akagera kuva mu 2015,economy,0.5049,512,True
http://www.igihe.com/ubukerarugendo/article/ramada-sosiyete-ikomeye-mu-by-amahoteli-ishobora-kwinjira-ku-isoko-ry-u-rwanda,tourism,"Ramada, sosiyete ikomeye mu by'amahoteli ishobora kwinjira ku isoko ry'u Rwanda",economy,0.7201,512,True
http://www.igihe.com/ubukerarugendo/article/ibikorwa-byo-gusura-ikiraro-cyo-mu-bushorishori-bwa-nyungwe-byasubukuwe,tourism,Ibikorwa byo gusura ikiraro cyo mu bushorishori bwa Nyungwe byasubukuwe,tourism,0.5185,512,True
http://www.igihe.com/ubukerarugendo/ahantu-nyaburanga/article/abanyarwanda-100-bafite-imyaka-25-bahawe-amahirwe-yo-gusura-ingagi-ku-buntu,tourism,Abanyarwanda 100 bafite imyaka 25 bahawe amahirwe yo gusura ingagi ku buntu,politics,0.7742,512,True
http://www.igihe.com/ubukerarugendo/article/amafoto-y-inkura-eshanu-u-rwanda-rwahawe-ubwo-zagezwaga-muri-pariki-y-akagera,tourism,Amafoto y'Inkura eshanu u Rwanda rwahawe ubwo zagezwaga muri Pariki y'Akagera,politics,0.7251,512,True
http://www.igihe.com/ubukerarugendo/article/uko-byagenze-ngo-amasezerano-y-u-rwanda-na-psg-agerweho,tourism,Uko byagenze ngo amasezerano y'u Rwanda na PSG agerweho,sport,0.9875,512,True
http://www.igihe.com/ubukerarugendo/article/paris-saint-germain-yiyongereye-kuri-arsenal-mu-kwamamaza-visit-rwanda,tourism,Paris Saint Germain yiyongereye kuri Arsenal mu kwamamaza Visit Rwanda,sport,0.9737,512,True
http://www.igihe.com/ubukerarugendo/article/inzira-z-ubukerarugendo-gakondo-zitezweho-gukuba-kabiri-umubare-w-abasura-i,tourism,Inzira z'Ubukerarugendo gakondo zitezweho gukuba kabiri umubare w'abasura i Nyanza,politics,0.3554,512,True
http://www.igihe.com/ubukerarugendo/ahantu-nyaburanga/article/burera-inkomoko-y-izina-ry-agasantere-kiswe-kidaho,tourism,Burera: Inkomoko y'izina ry'agasantere kiswe Kidaho,economy,0.9705,512,True
http://www.igihe.com/ubukerarugendo/article/inyubako-za-mbere-mu-rwanda-zakira-ba-mukerarugendo-zihenze-kurusha-izindi,tourism,Inyubako za mbere mu Rwanda zakira ba mukerarugendo zihenze kurusha izindi (Amafoto),tourism,0.2195,512,True
http://www.igihe.com/ubukerarugendo/article/impamvu-u-rwanda-rwatoranyijwe-kwakira-isozwa-ry-imurika-ry-ingoro-ndangamurage,tourism,Impamvu u Rwanda rwatoranyijwe kwakira isozwa ry'imurika ry'Ingoro Ndangamurage muri Afurika,economy,0.8652,512,True
http://www.igihe.com/ubukerarugendo/pariki-n-amashyamba/article/inyamaswa-ziri-muri-pariki-y-akagera-zageze-ku-bihumbi-13,tourism,Inyamaswa ziri muri Pariki y'Akagera zageze ku bihumbi 13,tourism,0.4533,379,False
http://www.igihe.com/ubukerarugendo/article/maria-sharapova-yashimagije-bisate-eco-lodge-yacumbitsemo-ari-mu-rwanda,tourism,Maria Sharapova yashimagije Bisate Eco Lodge yacumbitsemo ari mu Rwanda,sport,0.7681,512,True
http://www.igihe.com/ubukerarugendo/article/maria-sharapova-yasuye-ingagi-muri-pariki-y-ibirunga-amafoto,tourism,Maria Sharapova yasuye ingagi muri Pariki y'Ibirunga (Amafoto),sport,0.8291,312,False
http://www.igihe.com/ubukerarugendo/ahantu-nyaburanga/article/imbeho-y-ubutita-imvura-ku-bitugu-kubabwa-n-isusa-twasuye-ingagi-mu-birunga,tourism,"Imbeho y'ubutita, imvura ku bitugu, kubabwa n'isusa… Twasuye Ingagi mu Birunga (Amafoto)",politics,0.2543,512,True
http://www.igihe.com/ubukerarugendo/article/u-rwanda-rwamuritse-ibyiza-byarwo-i-londres-rutumira-abatuye-isi-muri-chogm,tourism,"U Rwanda rwamuritse ibyiza byarwo i Londres, rutumira abatuye Isi muri CHOGM 2020",economy,0.3429,512,True
http://www.igihe.com/ubukerarugendo/ahantu-nyaburanga/article/u-rwanda-ku-mwanya-wa-mbere-mu-bihugu-bizasurwa-cyane-muri-afurika-mu-2020,tourism,U Rwanda ku mwanya wa mbere mu bihugu bizasurwa cyane muri Afurika mu 2020,tourism,0.3087,512,True
http://www.igihe.com/ubukerarugendo/ahantu-nyaburanga/article/umujyi-wa-kigali-ugiye-gutaha-ubusitani-bugezweho-imbere-y-ibiro-byawo-amafoto,tourism,Umujyi wa Kigali ugiye gutaha ubusitani bugezweho imbere y'ibiro byawo (Amafoto),economy,0.8646,442,False
http://www.igihe.com/ubukerarugendo/article/one-only-gorilla-s-nest-yiyongereye-ku-nyubako-zigezweho-zakira-ba,tourism,One&Only Gorilla's Nest yiyongereye ku nyubako zigezweho zakira ba mukerarugendo mu Rwanda (Amafoto),tourism,0.4811,512,True
http://www.igihe.com/ubukerarugendo/article/bisate-lodge-yabaye-hoteli-ya-kabiri-mu-ntara-yahawe-inyenyeri-eshanu-amafoto,tourism,Bisate Lodge yabaye hoteli ya kabiri mu ntara yahawe inyenyeri eshanu (Amafoto na Video),tourism,0.3342,512,True
http://www.igihe.com/ubukerarugendo/article/u-rwanda-mu-bihugu-bikomeje-gutera-imbere-cyane-mu-bukerarugendo,tourism,U Rwanda mu bihugu bikomeje gutera imbere cyane mu bukerarugendo,economy,0.5352,512,True
http://www.igihe.com/ubukerarugendo/article/uganda-umunyamerikakazi-n-umukozi-uyobora-ba-mukerarugendo-bashimutiwe-muri,tourism,Umunyamerikakazi n'umukozi uyobora ba mukerarugendo bashimutiwe muri pariki muri Uganda,economy,0.404,343,False
http://www.igihe.com/ubukerarugendo/article/singita-kwitonda-lodge-yubatse-mu-ntango-y-ibirunga-izafungurwa-muri-kanama,tourism,Singita Kwitonda Lodge yubatse mu ntango y'Ibirunga izafungurwa muri Kanama,economy,0.8966,512,True
http://www.igihe.com/ubukerarugendo/article/twatembereye-nyungwe-n-inkengero-zayo-iby-umutekano-muke-babifata-nk-ibihuha,tourism,Twatembereye Nyungwe n'Inkengero zayo! Iby'umutekano muke babifata nk'ibihuha,politics,0.893,512,True
http://www.igihe.com/ubukerarugendo/article/abagore-bari-mu-bukerarugendo-bakangukiye-kubyaza-umusaruro-amahirwe-aburimo,tourism,Abagore bari mu bukerarugendo bakangukiye kubyaza umusaruro amahirwe aburimo (Amafoto),economy,0.5377,512,True
http://www.igihe.com/ubukerarugendo/article/ubukerarugendo-mu-isura-nshya-i-kigali-kubera-imodoka-zoroshya-kuyizenguruka,tourism,Ubukerarugendo mu isura nshya i Kigali kubera imodoka zoroshya kuyizenguruka (Amafoto),economy,0.4191,512,True
http://www.igihe.com/ubukerarugendo/pariki-n-amashyamba/article/gahunda-yo-kugaburira-abana-ku-ishuri-ihagaze-ite-mu-myaka-itanu-imaze,tourism,Gahunda yo kugaburira abana ku mashuri ihagaze ite mu myaka itanu imaze?,politics,0.7221,512,True
http://www.igihe.com/ubukerarugendo/pariki-n-amashyamba/article/kenya-umwongereza-yafotoye-inzovu-idasanzwe-iri-mu-zakendereye-muri-afurika,tourism,Kenya: Umwongereza yafotoye inzovu idasanzwe iri mu zakendereye muri Afurika,entertainment,0.3023,485,False
http://www.igihe.com/ubukerarugendo/article/abantu-35-bari-guhugurirwa-kuyobora-abashaka-kureba-amoko-y-inyoni-mu-rwanda,tourism,Abantu 35 bari guhugurirwa kuyobora abashaka kureba amoko y'inyoni mu Rwanda,economy,0.4759,512,True
http://www.igihe.com/ubukerarugendo/article/imodoka-zihariye-zigiye-kujya-zifashishwa-mu-kwereka-ba-mukerarugendo-ubwiza,tourism,Imodoka zihariye zigiye kujya zifashishwa mu kwereka ba mukerarugendo ubwiza bwa Kigali,economy,0.949,512,True
http://www.igihe.com/ubukerarugendo/article/ibibuga-by-indege-20-byakoreshejwe-n-abantu-benshi-mu-2018,tourism,Ibibuga by'indege 20 byakoreshejwe n'abantu benshi mu 2018,economy,0.6365,512,True
http://www.igihe.com/ubukerarugendo/article/u-rwanda-rwanyuranye-umucyo-mu-imurika-mpuzamahanga-ry-ubukerarugendo-i-berlin,tourism,U Rwanda rwanyuranye umucyo mu imurika mpuzamahanga ry'ubukerarugendo i Berlin (Amafoto),economy,0.5069,512,True
http://www.igihe.com/ubukerarugendo/article/u-rwanda-rwitabiriye-ku-nshuro-ya-13-imurika-mpuzamahanga-ry-ubukerarugendo-i,tourism,U Rwanda rwitabiriye ku nshuro ya 13 imurika mpuzamahanga ry'ubukerarugendo i Berlin (Amafoto),economy,0.6752,512,True
http://www.igihe.com/ubukerarugendo/article/u-rwanda-na-tanzania-mu-bufatanye-bwihariye-bugamije-kwagura-ubukerarugendo,tourism,U Rwanda na Tanzania mu bufatanye bwihariye bugamije kwagura ubukerarugendo muri Afurika,economy,0.7205,512,True
http://www.igihe.com/ubukerarugendo/article/u-rwanda-rwahawe-igihembo-cy-igihugu-kibereye-ubukerarugendo,tourism,U Rwanda rwahawe igihembo cy'igihugu kibereye ubukerarugendo,economy,0.9079,512,True
http://www.igihe.com/ubukungu/iterambere/article/u-rwanda-nicyo-gihugu-rukumbi-cyo-munsi-y-ubutayu-bwa-sahara-ubukungu,economy,U Rwanda nicyo gihugu rukumbi cyo munsi y'ubutayu bwa Sahara ubukungu buzazamuka ku 8%,economy,0.9834,512,True
http://www.igihe.com/ubukungu/article/ibiciro-by-ibiribwa-mu-mijyi-byiyongereyeho-6-7-mu-ukuboza-2019,economy,Ibiciro by'ibiribwa byiyongereyeho 6.7% mu Ukuboza 2019,economy,0.9164,512,True
http://www.igihe.com/ubukungu/article/ubukungu-bw-isi-bwitezweho-kuzamuka-ku-kigero-cya-2-5-muri-2020,economy,Ubukungu bw'isi bwitezweho kuzamuka ku kigero cya 2.5 % muri 2020,economy,0.9854,512,True
http://www.igihe.com/ubukungu/ubucuruzi/article/muhanga-bdf-yafashije-urubyiruko-gutangiza-umushinga-wunguka-ibihumbi-30-ku,economy,Muhanga: BDF yafashije urubyiruko gutangiza umushinga wunguka ibihumbi 30 ku munsi,economy,0.9498,512,True
http://www.igihe.com/ubukungu/ishoramari/article/ishoramari-rishya-mu-rwanda-ryageze-kuri-miliyari-2-4-mu-2019,economy,Ishoramari rishya mu Rwanda ryageze kuri miliyari $2.4 mu 2019,economy,0.7489,512,True
http://www.igihe.com/ubukungu/article/bnr-yasubije-ku-isoko-impapuro-mpeshamwenda-zifite-agaciro-ka-miliyari-15-frw,economy,BNR yasubije ku isoko impapuro mpeshamwenda zifite agaciro ka miliyari 15 Frw,economy,0.9894,369,False
http://www.igihe.com/ubukungu/article/boeing-yavumbuye-indi-mpamvu-ishobora-gutera-impanuka-mu-ndege-za-737-max,economy,Boeing yavumbuye indi mpamvu ishobora gutera impanuka mu ndege za 737 MAX,technology,0.9715,512,True
http://www.igihe.com/ubukungu/article/ecobank-rwanda-yashyize-imbaraga-mu-gutanga-serivisi-z-imari-hifashishijwe,economy,Ecobank Rwanda yashyize imbaraga mu gutanga serivisi z'imari hifashishijwe telefoni,economy,0.9294,512,True
http://www.igihe.com/ubukungu/article/ubutunzi-bw-umuherwe-dangote-bwiyongereyeho-miliyari-4-3-mu-2019,economy,Ubutunzi bw'umuherwe Dangote bwiyongereyeho miliyari $4.3 mu 2019,economy,0.977,512,True
http://www.igihe.com/ubukungu/article/brd-yatanze-miliyoni-50-frw-muri-connectchallenge-imaze-gutangwamo-telefoni,economy,BRD yatanze miliyoni 50 FRW muri #ConnectChallenge imaze gutangwamo telefoni zirenga 32 000,technology,0.9437,512,True
http://www.igihe.com/ubukungu/article/hahishuwe-uko-abari-abayobozi-ba-nakumatt-bigurije-miliyari-y-amashilingi,economy,Hahishuwe uko abari abayobozi ba Nakumatt bigurije miliyari y'amashilingi atagira inyungu,economy,0.9883,512,True
http://www.igihe.com/ubukungu/ishoramari/article/amasezerano-y-ibanze-yarangiye-equity-bank-itabashije-kwegukana-bpr-plc,economy,Amasezerano y'ibanze yarangiye Equity Bank itabashije kwegukana BPR Plc,economy,0.99,512,True
http://www.igihe.com/ubukungu/ubucuruzi/article/abahoze-ari-abakozi-ba-jumia-bashinze-sosiyete-igeza-amafunguro-ku-bayifuza,economy,Abahoze ari abakozi ba Jumia bashinze sosiyete igeza amafunguro ku bayifuza,economy,0.7466,512,True
http://www.igihe.com/ubukungu/ubwiteganyirize/article/radiant-yahaye-umwaka-mushya-abakiliya-bayo-inatangaza-ikarita-idasanzwe-ifasha,economy,Radiant yahaye umwaka mushya abakiliya bayo inatangaza ikarita idasanzwe ifasha mu kwishyura ubwishingizi,economy,0.9884,512,True
http://www.igihe.com/ubukungu/ishoramari/article/imishinga-12-y-ishoramari-yashinze-imizi-mu-rwanda-mu-2019,economy,Imishinga 12 y'ishoramari yashinze imizi mu Rwanda mu 2019,politics,0.7422,512,True
http://www.igihe.com/ubukungu/article/kumva-ko-icyayi-ari-icy-abanyamahanga-byasubizaga-inyuma-abahinzi-bacyo-muri,economy,Kumva ko icyayi ari icy'abanyamahanga byasubizaga inyuma abahinzi bacyo muri Nyaruguru,economy,0.9842,490,False
http://www.igihe.com/ubukungu/article/ikigo-cy-indege-cyaciwe-50-000-gishinjwa-gukorera-ivangura-abagenzi-b,economy,Ikigo cy'indege cyaciwe $50.000 gishinjwa gukorera ivangura abagenzi b'abayisilamu,politics,0.4982,512,True
http://www.igihe.com/ubukungu/iterambere/article/imishinga-ikomeye-izafasha-u-rwanda-kugeza-amashanyarazi-kuri-bose-mu-2024,economy,Imishinga ikomeye izafasha u Rwanda kugeza amashanyarazi kuri bose mu 2024,economy,0.9857,512,True
http://www.igihe.com/ubukungu/article/naeb-yahaye-koperative-z-abahinzi-b-icyayi-imodoka-zizabafasha-gutwara,economy,NAEB yahaye Koperative z'abahinzi b'icyayi imodoka zizabafasha gutwara umusaruro ku nganda,economy,0.9871,512,True
http://www.igihe.com/ubukungu/ubucuruzi/article/ibiciro-bihabwa-abahinzi-b-ikawa-mu-rwanda-byazamuwe,economy,Ibiciro bihabwa abahinzi b'ikawa mu Rwanda byazamuwe,economy,0.9856,446,False
http://www.igihe.com/ubukungu/iterambere/article/ishusho-y-ubutunzi-bw-abaherwe-ba-mbere-muri-afurika-n-icyerekezo-mu-myaka-iri,economy,Ishusho y'ubutunzi bw'abaherwe ba mbere muri Afurika n'icyerekezo mu myaka iri imbere,economy,0.9771,512,True
http://www.igihe.com/ubukungu/iterambere/article/kirehe-uruganda-rwa-enas-rwatangiye-gupfunyika-ifumbire-mu-mifuka-y-ibiro-biri,economy,Kirehe:Uruganda rwa ENAS rwatangiye gupfunyika ifumbire mu mifuka y'ibiro biri munsi ya 50,economy,0.9875,512,True
http://www.igihe.com/ubukungu/article/ecobank-rwanda-yahembye-abandi-banyamahirwe-bahashye-bakoresheje-ecobankpay,economy,Ecobank Rwanda yahembye abandi banyamahirwe bahashye bakoresheje EcobankPay,economy,0.9739,512,True
http://www.igihe.com/ubukungu/article/amafaranga-y-abikorera-akomeje-kuba-iyanga-ngo-hubakwe-isoko-rya-rwamagana,economy,Amafaranga y'abikorera akomeje kuba iyanga ngo hubakwe isoko rya Rwamagana,economy,0.9881,512,True
http://www.igihe.com/ubukungu/article/byinshi-ku-mikorere-ya-moto-zikoresha-amashanyarazi-n-uko-zakiriwe-ku-isoko-ry,economy,Byinshi ku mikorere ya moto zikoresha amashanyarazi n'uko zakiriwe ku isoko ry'u Rwanda,economy,0.9823,512,True
http://www.igihe.com/ubukungu/ubucuruzi/article/abanyarwanda-bagiye-kwerekeza-mu-bufaransa-kunoza-ubucuruzi-bw-ikawa-n-icyayi,economy,Abanyarwanda bagiye kwerekeza mu Bufaransa kunoza ubucuruzi bw'ikawa n'icyayi na Paris St Germain,sport,0.8833,512,True
http://www.igihe.com/ubukungu/article/ikigo-alphabet-kibarizwamo-google-cyinjiye-mu-bifite-agaciro-ka-tiriyari-1,economy,Ikigo Alphabet kibarizwamo Google cyinjiye mu bifite agaciro ka tiriyari 1$,technology,0.9457,406,False
http://www.igihe.com/ubukungu/ubucuruzi/article/u-rwanda-rwungutse-inzobere-32-zizarufasha-gukumira-ko-umusaruro-w-inganda,economy,U Rwanda rwungutse inzobere 32 zizarufasha gukumira ko umusaruro w'inganda ubengwa n'abanyamahanga,economy,0.9464,512,True
http://www.igihe.com/ubukungu/article/ibiciro-bishya-by-imisoro-ku-bibanza-byashyizwe-ahagaragara,economy,Ibiciro bishya by'imisoro ku bibanza byashyizwe ahagaragara,economy,0.9295,512,True
http://www.igihe.com/ubukungu/article/ibyihariye-kuri-rapid-transfer-uburyo-bwa-ecobank-rwanda-bufasha-guhererekanya,economy,Ibyihariye kuri 'Rapid Transfer' uburyo bwa Ecobank Rwanda bufasha guhererekanya amafaranga muri Afurika,economy,0.9873,512,True
http://www.igihe.com/ubukungu/ubucuruzi/article/kfc-rwanda-yatangije-ibikorwa-byayo-ku-mugaragaro,economy,KFC Rwanda yatangije ibikorwa byayo ku mugaragaro,economy,0.9739,302,False
http://www.igihe.com/ubukungu/article/bnr-yagumishije-kuri-5-inyungu-fatizo-itangiraho-inguzanyo-ku-mabanki,economy,BNR yagumishije kuri 5% inyungu fatizo itangiraho inguzanyo ku mabanki,economy,0.9821,512,True
http://www.igihe.com/ubukungu/article/250startups-yatanze-impamyabushobozi-kuri-ba-rwiyemezamirimo-bato-bahuguwe-mu,economy,250STARTUPS yatanze impamyabushobozi kuri ba rwiyemezamirimo bato bahuguwe mu kubyaza inyungu imishinga,economy,0.9834,512,True
http://www.igihe.com/ubukungu/article/rdb-igiye-gufatanya-na-fao-mu-guteza-imbere-umusaruro-w-ubuhinzi,economy,RDB igiye gufatanya na FAO mu guteza imbere umusaruro w'ubuhinzi,economy,0.9822,505,False
http://www.igihe.com/ubukungu/article/qatar-igiye-gushora-imari-mu-mahoteli-mu-rwanda-kuki-yahisemo-u-rwanda,economy,Qatar igiye gushora imari mu mahoteli mu Rwanda: Kuki yahisemo u Rwanda?,economy,0.9878,512,True
http://www.igihe.com/ubukungu/ubucuruzi/article/mtn-rwanda-yijeje-abakiliya-ibishya-byinshi-nyuma-yo-kwegukana-igihembo-muri,economy,MTN Rwanda yijeje abakiliya ibishya byinshi nyuma yo kwegukana igihembo muri Business Excellence Awards,economy,0.8946,512,True
http://www.igihe.com/ubukungu/article/master-steel-yabaye-umushoramari-w-umwaka-mu-bihembo-bya-rdb-business,economy,Master Steel yabaye umushoramari w'umwaka mu bihembo bya RDB Business Excellence Awards 2019,economy,0.9843,512,True
http://www.igihe.com/ubukungu/article/u-rwanda-rwahawe-miliyari-10-frw-azakoreshwa-mu-kubaka-umujyi-utangiza,economy,U Rwanda rwahawe miliyari 10 Frw azakoreshwa mu kubaka umujyi utangiza ibidukikije i Kigali,economy,0.5634,512,True
http://www.igihe.com/ubukungu/article/rra-yongereye-ukwezi-ku-gihe-cyo-kwishyura-imisoro,economy,RRA yongereye ukwezi ku gihe cyo kwishyura imisoro,economy,0.96,406,False
http://www.igihe.com/ubukungu/article/i-m-bank-yazamuye-inguzanyo-ku-mushahara-umukiliya-ashobora-gukubirwa-inshuro,economy,"I&M Bank yazamuye inguzanyo ku mushahara, umukiliya ashobora gukubirwa inshuro 17.5 agahabwa miliyoni 30 Frw",economy,0.9892,512,True
http://www.igihe.com/ubukungu/ubucuruzi/article/vuba-vuba-mu-mikorere-mishya-izorohereza-abatumiza-amafunguro-n-ibinyobwa,economy,Vuba Vuba mu mikorere mishya izorohereza abatumiza amafunguro n'ibinyobwa bakoresheje ikoranabuhanga,economy,0.8339,512,True
http://www.igihe.com/ubukungu/article/banki-y-isi-yagaragaje-icyizere-mu-bukungu-bw-u-rwanda-n-icyuho-mu-gukoresha,economy,Banki y'Isi yagaragaje icyizere mu bukungu bw'u Rwanda n'icyuho mu gukoresha ikoranabuhanga,economy,0.9665,512,True
http://www.igihe.com/ubukungu/article/banki-y-isi-yizeye-ko-izamuka-ry-ubukungu-bw-u-rwanda-rizagera-ku-10-uyu-mwaka,economy,Banki y'Isi yizeye ko izamuka ry'ubukungu bw'u Rwanda rizagera ku 10% uyu mwaka,economy,0.9875,512,True
http://www.igihe.com/ubukungu/article/uganda-imaze-guhomba-miliyoni-454-z-amadolari-kubera-umubano-mubi-n-abaturanyi,economy,Uganda imaze guhomba miliyoni 454 z'amadolari kubera umubano mubi n'abaturanyi,economy,0.821,512,True
http://www.igihe.com/ubukungu/iterambere/article/igishushanyo-mbonera-gishya-cy-ubutaka-ubuso-bw-imijyi-buzagabanywa-intara,economy,"Igishushanyo mbonera gishya cy'ubutaka: Ubuso bw'imijyi buzongerwa, Intara ebyiri ziharirwe ubuhinzi",economy,0.8748,512,True
http://www.igihe.com/ubukungu/ubucuruzi/article/ibyishimo-by-abakiliya-bahamagara-n-abakoresha-internet-ku-muyoboro-wa-airtel,economy,Ibyishimo by'abakiliya bahamagara n'abakoresha internet ku muyoboro wa Airtel,economy,0.8908,512,True
http://www.igihe.com/ubukungu/ishoramari/article/tour-du-rwanda-2020-cogebanque-izasangiza-abakunzi-b-amagare-ibyihariye-kuri,economy,Tour du Rwanda 2020: Cogebanque izasangiza abakunzi b'amagare ibyihariye kuri serivisi z'imari,sport,0.9525,512,True
http://www.igihe.com/ubukungu/article/abahembwe-muri-gahunda-ya-bk-urumuri-initiative-bishimiye-iterambere-bamaze,economy,Abahembwe muri gahunda ya BK Urumuri Initiative bishimiye iterambere bamaze kugeraho,economy,0.9686,512,True
http://www.igihe.com/ubukungu/iterambere/article/inyungu-ya-radisson-blu-kigali-yazamutse-ku-gipimo-cya-18-mu-myaka-itatu,economy,Inyungu ya Radisson Blu Kigali yazamutse ku gipimo cya 18% mu myaka itatu,economy,0.9237,512,True
http://www.igihe.com/ubukungu/iterambere/article/burera-gutura-kure-y-imiyoboro-ntibakibibona-nk-imbogamizi-ku-kubona,economy,Burera: Gutura kure y'imiyoboro ntibakibibona nk'imbogamizi ku kubona amashanyarazi,economy,0.9771,512,True
http://www.igihe.com/ubukungu/article/uruhare-rwa-airtel-rwanda-mu-guhererekanya-amafaranga-mu-ikoranabuhanga,economy,Uruhare rwa Airtel Rwanda mu guhererekanya amafaranga mu ikoranabuhanga,economy,0.8651,512,True
http://www.igihe.com/ubukungu/ubucuruzi/article/abishyura-bakoresheje-ecobankpay-muri-simba-super-market-bagabanyirijwe-5-ku,economy,Abishyura bakoresheje EcobankPay muri Simba Super Market bagabanyirijwe 5% ku bicuruzwa byose,economy,0.5442,512,True
http://www.igihe.com/ubukungu/article/gisubizo-inguzanyo-ku-mushahara-itagira-ingwate-ikomeje-gufasha-benshi-mu,economy,"'Gisubizo', inguzanyo ku mushahara itagira ingwate ikomeje gufasha benshi mu bakiliya ba Cogebanque",economy,0.9794,512,True
http://www.igihe.com/ubukungu/ishoramari/article/nyamasheke-abajyanama-b-ubuzima-bagiye-kubaka-inzu-y-ubucuruzi-ya-miliyoni,economy,Nyamasheke: Abajyanama b'ubuzima bagiye kubaka inzu y'ubucuruzi ya miliyoni zisaga 330 Frw,health,0.95,512,True
http://www.igihe.com/ubukungu/article/u-rwanda-rwashyizwe-ku-mwanya-wa-gatanu-mu-bihugu-byiza-byo-gushoramo-imari-mu,economy,U Rwanda rwashyizwe ku mwanya wa Gatanu mu bihugu byiza byo gushoramo imari mu 2020,economy,0.9748,512,True
http://www.igihe.com/ubukungu/article/u-rwanda-rwaje-imbere-muri-afurika-mu-gushyira-mu-bikorwa-gahunda-ziteza-imbere,economy,U Rwanda rwaje imbere muri Afurika mu gushyira mu bikorwa gahunda ziteza imbere ubuhinzi,economy,0.9159,512,True
http://www.igihe.com/ubukungu/iterambere/article/u-rwanda-rwagumishijwe-ku-inota-rya-b-mu-kugira-ubukungu-buhagaze-neza,economy,U Rwanda rwagumishijwe ku inota rya B+ mu kugira ubukungu buhagaze neza,economy,0.9857,512,True
http://www.igihe.com/ubukungu/article/karongi-akanyamuneza-k-abaganuye-ku-mushinga-w-amashanyarazi-uzacanira-ingo,economy,Karongi: Akanyamuneza k'abaganuye ku mushinga w'amashanyarazi uzacanira ingo 5800 bitarenze uku Kwezi,economy,0.8256,512,True
http://www.igihe.com/ubukungu/article/rubavu-abasora-biyemeje-guhwitura-bagenzi-babo-baseta-ibirenge-mu-kwishyura,economy,Rubavu: Abasora biyemeje guhwitura bagenzi babo baseta ibirenge mu kwishyura umusoro,economy,0.7394,512,True
http://www.igihe.com/ubukungu/article/abahinzi-ba-kawa-bakorana-na-sosiyete-impexcor-bongerewe-amafaranga-ku-kilo,economy,Abahinzi ba kawa bakorana na sosiyete IMPEXCOR bongerewe amafaranga ku kilo kuri kawa bari baragemuye,economy,0.9837,512,True
http://www.igihe.com/ubukungu/ubwiteganyirize/article/imisanzu-y-abanyamuryango-b-ikigega-ejo-heza-yageze-kuri-miliyari-mu-mwaka-umwe,economy,Imisanzu y'abanyamuryango b'ikigega Ejo Heza yageze kuri Miliyari mu mwaka umwe,economy,0.9868,512,True
http://www.igihe.com/ubukungu/article/umwalimu-sacco-yatangije-uburyo-bw-ikoranabuhanga-rya-banki-rizateza-imbere,economy,Umwalimu SACCO yatangije uburyo bw'ikoranabuhanga rya banki rizateza imbere serivisi zayo,economy,0.6719,512,True
http://www.igihe.com/ubukungu/article/abacuruzi-n-abafite-inzozi-zo-kwinjira-mu-bushabitsi-bagiye-kuganirizwa-ku,economy,Abacuruzi n'abafite inzozi zo kwinjira mu bushabitsi bagiye kuganirizwa ku kunoza ibikorwa byabo,religion,0.9847,512,True
http://www.igihe.com/ubukungu/article/abishyura-ibicuruzwa-bakoresheje-ecobankpay-bahishiwe-impano-nyinshi-mu-munsi,economy,Abishyura ibicuruzwa bakoresheje EcobankPay bahishiwe impano nyinshi mu minsi mikuru isoza umwaka,economy,0.9755,512,True
http://www.igihe.com/ubukungu/article/bnr-yasabye-abaturarwanda-kwigengesera-ku-mutekano-w-amafaranga-ahererekanywa,economy,BNR yasabye abaturarwanda kwigengesera ku mutekano w'amafaranga ahererekanywa mu ikoranabuhanga mu minsi mikuru,economy,0.5417,512,True
http://www.igihe.com/ubukungu/ubucuruzi/article/rwandair-yinjiye-mu-bufatanye-buzatuma-abayikoresha-bazigamira-ingendo-bakora,economy,RwandAir yinjiye mu bufatanye buzatuma abayikoresha bazigamira ingendo bakora,economy,0.9841,504,False
http://www.igihe.com/ubukungu/article/2020-iratangizwamo-ibikorwa-bya-kfc-mu-rwanda,economy,2020 iratangizwamo ibikorwa bya KFC mu Rwanda,economy,0.4501,483,False
http://www.igihe.com/ubukungu/ishoramari/article/bruxelles-ibigo-byo-mu-rwanda-n-iby-i-burayi-bizahurizwa-mu-cyumweru-cy,economy,Bruxelles: Ibigo byo mu Rwanda n'iby'i Burayi bizahurizwa mu cyumweru cy'imurikagurisha n'ishoramari,economy,0.9869,512,True
http://www.igihe.com/ubukungu/ubucuruzi/article/telefoni-za-mara-phone-zikorerwa-mu-rwanda-zagejejwe-ku-isoko-ryo-muri-ethiopia,economy,Telefoni za Mara Phone zikorerwa mu Rwanda zagejejwe ku isoko ryo muri Ethiopia,economy,0.8236,512,True
http://www.igihe.com/ubukungu/article/uko-ubukungu-bw-u-rwanda-buzaba-buhagaze-mu-2050,economy,Uko ubukungu bw'u Rwanda buzaba buhagaze mu 2050,economy,0.9728,512,True
http://www.igihe.com/ubukungu/article/abatunganya-ibikomoka-ku-bigori-bahangayikishijwe-n-umusaruro-muke-n-ibiciro,economy,Abatunganya ibikomoka ku bigori bahangayikishijwe n'umusaruro muke n'ibiciro bikomeje kwiyongera,economy,0.9884,512,True
http://www.igihe.com/ubukungu/article/icyerekezo-2050-mu-ishusho-y-ihangwa-ry-imirimo-izagira-abanyarwanda,economy,Icyerekezo 2050 mu ishusho y'ihangwa ry'imirimo izagira abanyarwanda abamiliyoneri,politics,0.6316,512,True
http://www.igihe.com/abantu/amazina/article/gaella-izina-ry-umukobwa-ukunda-ubugeni-no-kumva-umuziki,health,"Gaella, izina ry'umukobwa ukunda ubugeni no kumva umuziki",entertainment,0.9805,336,False
http://www.igihe.com/abantu/kubaho/urukundo/article/amategeko-avuga-iki-ku-musore-wakwizeza-umukobwa-urukundo-agamije-kumusambanya,relationship,Amategeko avuga iki ku musore wakwizeza umukobwa urukundo agamije kumusambanya,entertainment,0.566,512,True
http://www.igihe.com/abantu/article/ikiganiro-na-amb-igor-cesar-umudipolomate-w-u-rwanda-ufite-inkuru-y-ubuzima,politics,"Ikiganiro na Amb. Igor César, umudipolomate w'u Rwanda ufite inkuru y'ubuzima itangaje (Video)",education,0.2521,512,True
http://www.igihe.com/abantu/kubaho/urukundo/article/rutanga-wa-rayon-sports-yasezeranye-n-umugore-we-imbere-y-amategeko-amafoto,relationship,Rutanga wa Rayon Sports yasezeranye n'umugore we imbere y'amategeko (Amafoto),entertainment,0.5923,308,False
http://www.igihe.com/abantu/amazina/article/theodore-izina-ry-umuhungu-wifitemo-impano-y-ubugeni,health,"Théodore, izina ry'umuhungu wifitemo impano y'ubugeni",religion,0.7189,353,False
http://www.igihe.com/abantu/amazina/article/stella-izina-ry-umukobwa-ugira-igikundiro-mu-rungano,health,"Stella, izina ry'umukobwa ugira igikundiro mu rungano",entertainment,0.8257,310,False
http://www.igihe.com/abantu/amazina/article/isaac-izina-ry-umuhungu-ugira-urugwiro,health,"Isaac, izina ry'umuhungu ugira urugwiro",entertainment,0.5264,264,False
http://www.igihe.com/abantu/kubaho/article/uburyo-umubyeyi-yafasha-umwana-kwitwara-neza-mu-ishuri,health,Uburyo umubyeyi yafasha umwana kwitwara neza mu ishuri,relationship,0.5442,512,True
http://www.igihe.com/abantu/kubaho/urukundo/article/nyuma-y-imyaka-10-bakundana-usengimana-faustin-na-bayingana-daniella-bagiye,relationship,"Nyuma y'imyaka 10 bakundana, Usengimana Faustin na Bayingana Daniella bagiye kurushinga",entertainment,0.825,473,False
http://www.igihe.com/abantu/amazina/article/verbena-izina-ry-umukobwa-wifitemo-impano-yo-kuyobora-ibirori,health,"Verbena, izina ry'umukobwa wifitemo impano yo kuyobora ibirori",entertainment,0.9541,283,False
http://www.igihe.com/abantu/amazina/article/elliana-izina-ry-umukobwa-wanga-akarengane,health,"Elliana, izina ry'umukobwa wanga akarengane",entertainment,0.956,254,False
http://www.igihe.com/abantu/amazina/article/eliza-izina-ry-abakobwa-bifitemo-impano-y-ubuyobobozi,health,"Eliza, izina ry'abakobwa bifitemo impano y'ubuyobobozi",entertainment,0.8466,300,False
http://www.igihe.com/abantu/amazina/article/phoebe-izina-ry-umukobwa-wifitemo-impano-yo-gusetsa,health,"Phoebe, izina ry'umukobwa wifitemo impano yo gusetsa",entertainment,0.9826,294,False
http://www.igihe.com/abantu/amazina/article/assiel-izina-ry-umuhungu-w-umunyamahoro,health,"Assiel, izina ry'umuhungu w'umunyamahoro",entertainment,0.7839,300,False
http://www.igihe.com/abantu/amazina/article/willa-izina-ry-umukobwa-w-umunyamahirwe,health,"Willa, izina ry'umukobwa w'umunyamahirwe",entertainment,0.9837,222,False
http://www.igihe.com/abantu/amazina/article/elsa-izina-ry-umukobwa-ukunda-gukorana-n-abandi,health,"Elsa, izina ry'umukobwa ukunda gukorana n'abandi",entertainment,0.9418,264,False
http://www.igihe.com/abantu/amazina/article/elton-izina-ry-umuhungu-w-umunyamurava,health,"Elton, izina ry'umuhungu w'umunyamurava",entertainment,0.8926,277,False
http://www.igihe.com/abantu/amazina/article/firdaus-izina-ry-umukobwa-wigengesera-mbere-yo-gukora,health,"Firdaus, izina ry'umukobwa wigengesera mbere yo gukora",entertainment,0.6317,247,False
http://www.igihe.com/abantu/kubaho/urukundo/article/umukobwa-wa-apotre-masasu-yasabwe-anakobwa-n-umusore-bitegura-kurushinga,relationship,Umukobwa wa Apôtre Masasu yasabwe anakobwa n'umusore bitegura kurushinga,religion,0.7398,512,True
http://www.igihe.com/abantu/kubaho/article/amagambo-akomeye-ya-miss-aurore-kuri-se-witabye-imana,entertainment,Amagambo akomeye ya Miss Aurore kuri se witabye Imana,entertainment,0.7701,512,True
http://www.igihe.com/abantu/kubaho/article/umubyeyi-wa-miss-aurore-yashyinguwe-muri-amerika,entertainment,Umubyeyi wa Miss Aurore yashyinguwe muri Amerika,entertainment,0.9349,202,False
http://www.igihe.com/abantu/kubaho/urukundo/article/ibimenyetso-byakwereka-ko-umusore-wihebeye-atakigukunda,relationship,Ibimenyetso byakwereka ko umusore wihebeye atakigukunda,relationship,0.9663,512,True
http://www.igihe.com/abantu/biographies/article/ibidasanzwe-kuri-nyirakaragire-umuganga-wa-mbere-w-ingagi-ukomoka-mu-rwanda,environment,"Ibidasanzwe kuri Nyirakaragire, umuganga wa mbere w'ingagi ukomoka mu Rwanda (Amafoto & Video)",health,0.9399,512,True
http://www.igihe.com/abantu/biographies/article/bya-bihe-muri-kaminuza-iminsi-ya-mbere-muri-guverinoma-n-ibindi-urugendo-rwa,politics,"Bya bihe muri kaminuza, iminsi ya mbere muri Guverinoma n'ibindi: Urugendo rwa Amb. Uwihanganye",politics,0.9888,512,True
http://www.igihe.com/abantu/kubaho/urukundo/article/karahanyuze-urukundo-rwaguramanye-mu-byamamare-rukaza-gukendera,relationship,Karahanyuze! Urukundo rwagurumanye mu byamamare rukaza gukendera,entertainment,0.9235,512,True
http://www.igihe.com/abantu/biographies/article/menya-graca-machel-wabaye-umudamu-w-abakuru-b-ibihugu-bibiri-bitandukanye,politics,"Menya Graça Machel, wabaye umudamu w'abakuru b'ibihugu bibiri bitandukanye",health,0.6535,512,True
http://www.igihe.com/abantu/kubaho/article/zimwe-mu-nama-zagufasha-kubana-neza-n-umukoresha-wawe-uramutse-uzikurikije,economy,Zimwe mu nama zagufasha kubana neza n'umukoresha wawe uramutse uzikurikije,relationship,0.386,512,True
http://www.igihe.com/abantu/kubaho/urukundo/article/amagambo-ashize-ivuga-indirimbo-ziririmbirwa-umugeni-w-i-gicumbi-amafoto-na,relationship,Amagambo ashize ivuga! Indirimbo ziririmbirwa umugeni w'i Gicumbi (Amafoto na Video),religion,0.4864,512,True
http://www.igihe.com/abantu/kubaho/article/bimwe-mu-bimenyetso-byakwereka-ko-umugabo-wawe-aryamana-na-bagenzi-be,relationship,Bimwe mu bimenyetso byakwereka ko umugabo wawe aryamana na bagenzi be,health,0.6328,481,False
http://www.igihe.com/abantu/kubaho/article/ibyo-wagenderaho-uhitamo-umuntu-mwiza-uzagusigaranira-abana-umaze-gupfa,relationship,Ibyo wagenderaho uhitamo umuntu mwiza uzagusigaranira abana umaze gupfa,politics,0.9832,512,True
http://www.igihe.com/abantu/article/imbamutima-za-miss-yassipi-wayoboye-urugamba-rw-intore-imbere-ya-perezida,politics,Imbamutima za Miss Yassipi wayoboye urugamba rw'intore imbere ya Perezida Kagame (Video),history,0.377,512,True
http://www.igihe.com/abantu/amazina/article/mathilda-izina-ry-umukobwa-uharanira-gukemura-ibibazo-by-abandi,health,"Mathilda, izina ry'umukobwa uharanira gukemura ibibazo by'abandi",entertainment,0.9822,372,False
http://www.igihe.com/fashion/article/umunyamideli-kate-bashabe-afungiwe-i-gikondo,fashion,Umunyamideli Kate Bashabe afungiwe i Gikondo,entertainment,0.6077,512,True
http://www.igihe.com/fashion/article/video-imyiyereko-y-abanyamideli-mu-gusoza-kigali-fashion-week,fashion,Video: Imyiyereko y'abanyamideli mu gusoza Kigali Fashion Week,fashion,0.5576,118,False
http://www.igihe.com/fashion/article/imyambarire-idasanzwe-yaranze-ibirori-bya-kigali-fashion-week-amafoto,fashion,Imyambarire idasanzwe yaranze ibirori bya Kigali Fashion Week (Amafoto),fashion,0.4786,512,True
http://www.igihe.com/fashion/article/i-kigali-hateguwe-ibirori-byo-kwerekana-imideli-yo-mu-bubiligi,fashion,I Kigali hateguwe ibirori byo kwerekana imideli yo mu Bubiligi,entertainment,0.4936,502,False
http://www.igihe.com/fashion/article/ifoto-y-umunsi,fashion,Ifoto y'umunsi,culture,0.3146,16,False
http://www.igihe.com/fashion/article/abasore-n-inkumi-60-baziyerekana-mu-mideli-muri-kigali-fashion-week,fashion,Abasore n'inkumi 60 baziyerekana mu mideli muri Kigali Fashion Week,fashion,0.5402,512,True
http://www.igihe.com/fashion/article/turahirwa-azahagararira-u-rwanda-mu-iserukiramuco-ry-imideli-muri-ghana,fashion,Turahirwa azahagararira u Rwanda mu iserukiramuco ry'imideli muri Ghana,fashion,0.489,385,False
http://www.igihe.com/fashion/article/mupende-alexia-yaserukiye-u-rwanda-mu-birori-by-imideli-mu-busuwisi,fashion,Mupende Alexia yaserukiye u Rwanda mu birori by'imideli mu Busuwisi,fashion,0.586,388,False
http://www.igihe.com/fashion/article/umunyamideli-rupari-cynthia-yahawe-igihembo-gikomeye-i-conakry,fashion,Umunyamideli Rupari Cynthia yahawe igihembo gikomeye i Conakry,fashion,0.4198,512,True
http://www.igihe.com/fashion/article/irungu-n-ibitotsi-mu-birori-by-imideli-ya-mama-africa,fashion,Irungu n'ibitotsi mu birori by'imideli ya Mama Africa (Amafoto),entertainment,0.9124,512,True
http://www.igihe.com/fashion/article/abanyamideli-17-bivumbuye-mu-birori-bya-rwanda-cultural-fashion-show-amafoto,fashion,Abanyamideli 17 bivumbuye mu birori bya Rwanda Cultural Fashion Show (Amafoto),fashion,0.5475,512,True
http://www.igihe.com/fashion/article/imyambarire-idasanzwe-yaranze-ibirori-bya-met-gala-amafoto,fashion,Imyambarire idasanzwe yaranze ibirori bya Met Gala (Amafoto),entertainment,0.9837,501,False
http://www.igihe.com/fashion/article/kabagema-umunyarwandakazi-watangiye-kumurika-imideli-mu-1980,fashion,"Kabagema, Umunyarwandakazi watangiye kwerekana imideli mu 1980 (Amafoto)",entertainment,0.9512,512,True
http://www.igihe.com/fashion/article/hatowe-25-bazerekana-imyambarire-yo-mu-rwanda-rwo-hambere,fashion,Hatowe 25 bazerekana imyambarire yo mu Rwanda rwo hambere,fashion,0.5064,512,True
http://www.igihe.com/fashion/article/kanye-west-yamuritse-igice-cya-gatatu-cy-imideli-yahanze-amafoto,fashion,Kanye West yamuritse igice cya gatatu cy'imideli yahanze (Amafoto),entertainment,0.984,382,False
http://www.igihe.com/fashion/article/kutishimira-kwambara-imyenda-imenyekanisha-amahanga-byatumye-bakora-ifite,fashion,Kutishimira kwambara imyenda imenyekanisha amahanga byatumye bakora ifite ikirango cya 'KGL',economy,0.9876,512,True
http://www.igihe.com/fashion/article/kigali-international-fashion-week-igiye-kubera-mu-bihugu-bitatu-i-burayi,fashion,Kigali International Fashion Week igiye kubera mu bihugu bitatu i Burayi,fashion,0.5441,512,True
http://www.igihe.com/fashion/article/imideli-yakorewe-mu-rwanda-yamuritswe-bwa-mbere-muri-ghana,fashion,Imideli yakorewe mu Rwanda yamuritswe bwa mbere muri Ghana,fashion,0.4608,397,False
http://www.igihe.com/fashion/article/uwase-ari-mu-banyamideli-bo-mu-bihugu-50-bazitabira-world-next-top-model,fashion,Uwase ari mu banyamideli bo mu bihugu 50 bazitabira World Next Top Model,entertainment,0.4558,325,False
http://www.igihe.com/fashion/article/umwihariko-udasanzwe-mu-birori-by-imideli-ya-made-in-rwanda-amafoto,fashion,Umwihariko udasanzwe mu birori by'imideli ya 'Made in Rwanda' (Amafoto),fashion,0.5155,512,True
http://www.igihe.com/fashion/article/laduma-umuhanzi-w-imideli-ukomeye-agiye-kuyimurikira-i-kigali,fashion,"Laduma, umuhanzi w'imideli ukomeye agiye kuyimurikira i Kigali",entertainment,0.864,512,True
http://www.igihe.com/fashion/article/umunya-ireland-yaguye-ubucuruzi-bw-imyambaro-ikorerwa-mu-rwanda-kuri-internet,fashion,Umunya-Ireland yaguye ubucuruzi bw'imyambaro ikorerwa mu Rwanda kuri internet,economy,0.8474,512,True
http://www.igihe.com/fashion/article/amafoto-y-ibirori-bya-kigali-fashion-week-byaranzwe-n-imyambarire-ihebuje,fashion,Amafoto y'ibirori bya Kigali Fashion Week byaranzwe n'imyambarire ihebuje,fashion,0.5721,512,True
http://www.igihe.com/fashion/article/seraphina-inzu-ikora-imideli-ibereye-abanyarwandakazi,fashion,"Seraphina, inzu ikora imideli ibereye Abanyarwandakazi",economy,0.8694,472,False
http://www.igihe.com/fashion/article/abanyamideli-60-bazitabira-kigali-fashion-week-bamenyekanye-amafoto,fashion,Abanyamideli 60 bazitabira Kigali Fashion Week bamenyekanye (Amafoto),fashion,0.4993,251,False
http://www.igihe.com/fashion/article/umuhanzi-nkurunziza-yamuritse-ubugeni-bwerekanwa-hakoreshejwe-imideli-amafoto,fashion,Umuhanzi Nkurunziza yamuritse ubugeni bwerekanwa hakoreshejwe imideli (Amafoto),entertainment,0.9859,512,True
http://www.igihe.com/fashion/article/abasore-n-inkumi-barindwi-bazaserukira-u-rwanda-mu-iserukiramuco-ry-imideli,fashion,Abasore n'inkumi barindwi bazaserukira u Rwanda mu iserukiramuco ry'imideli muri Guinée,fashion,0.4857,454,False
http://www.igihe.com/fashion/article/ibikwiye-kuranga-abitabira-urugendo-rwo-kwibuka,fashion,Ibikwiye kuranga abitabira urugendo rwo kwibuka,entertainment,0.9709,512,True
http://www.igihe.com/fashion/article/hatangijwe-irushanwa-ry-abafite-impano-zo-kumurika-imideli-mu-bakiri-bato-i,fashion,Hatangijwe irushanwa ry'abafite impano zo kumurika imideli mu bakiri bato i Kigali (Amafoto),entertainment,0.6759,294,False
http://www.igihe.com/fashion/article/menya-ihame-rikomeye-cyane-ryagufasha-kwambara-neza-ukaberwa,fashion,Menya ihame rikomeye cyane ryagufasha kwambara neza ukaberwa,entertainment,0.8351,405,False
http://www.igihe.com/fashion/article/haute-baso-inzu-y-imideli-yashinzwe-n-abagore-basanze-ababiri-baruta-umwe,fashion,"Haute Baso, inzu imaze kuba ubukombe mu by'imideli mu Rwanda",entertainment,0.8028,512,True
http://www.igihe.com/fashion/article/karuranga-mirage-werekana-imideli-mu-bubiligi-agiye-gutangiza-ibikorwa-bye-ku,fashion,Mimi Mirage wamamaje imyenda ya Beyonce agiye gutangiza ibikorwa bye mu Rwanda,entertainment,0.9793,512,True
http://www.igihe.com/fashion/article/i-kigali-hateguwe-ibirori-bizitabirwa-n-abambaye-ibitenge-gusa,fashion,I Kigali hateguwe ibirori bizitabirwa n'abambaye ibitenge gusa,fashion,0.3056,512,True
http://www.igihe.com/fashion/article/kanye-west-agiye-kumurika-ikindi-cyiciro-cy-imideli-yahanze,fashion,Kanye West agiye kumurika ikindi cyiciro cy'imideli yahanze,entertainment,0.9027,361,False
http://www.igihe.com/fashion/article/ubwoko-bw-amavuta-n-ibirungo-umugore-wa-trump-yari-yisize-mu-muhango-w-irahira,fashion,Ubwoko bw'amavuta n'ibirungo umugore wa Trump yari yisize mu muhango w'irahira ry'umugabo we,entertainment,0.5638,330,False
http://www.igihe.com/fashion/article/abantu-10-bahamijwe-icyaha-cyo-kwiba-kim-kardashian-i-paris,fashion,Abantu 10 bahamijwe icyaha cyo kwiba Kim Kardashian i Paris,entertainment,0.9517,512,True
http://www.igihe.com/fashion/article/umwihariko-mu-birori-by-imideli-ya-made-in-rwanda-amafoto,fashion,Umwihariko mu birori by'imideli ya 'Made in Rwanda' (Amafoto),entertainment,0.6178,512,True
http://www.igihe.com/fashion/article/i-kigali-hateguwe-ibirori-by-imideli-bizakusanyirizwamo-inkunga-yo-gufasha,fashion,I Kigali hateguwe ibirori by'imideli bizakusanyirizwamo inkunga yo gufasha impunzi,entertainment,0.9491,497,False
http://www.igihe.com/fashion/article/kgl-umudeli-mushya-uje-guhangana-n-imyambaro-ituruka-mu-mahanga,fashion,'KGL' umudeli mushya uje guhangana n'imyambaro ituruka mu mahanga,economy,0.9882,512,True
http://www.igihe.com/fashion/article/iserukiramuco-ry-imideli-yo-mu-bukwe-rigiye-kubera-i-kigali,fashion,Iserukiramuco ry'imideli yo mu bukwe rigiye kubera i Kigali,fashion,0.548,512,True
http://www.igihe.com/fashion/article/imyambarire-idasanzwe-yaranze-ibirori-by-imideli-bya-victoria-s-secret-show-87042,fashion,Imyambarire idasanzwe yaranze ibirori by'imideli bya 'Victoria's Secret' i Paris (Amafoto),entertainment,0.9551,414,False
http://www.igihe.com/fashion/article/jay-d-na-turahirwa-bazaserukira-u-rwanda-mu-mideli-muri-tanzania-na-nigeria,fashion,Jay D na Turahirwa bazaserukira u Rwanda mu mideli muri Tanzania na Nigeria,entertainment,0.5356,512,True
http://www.igihe.com/fashion/article/sonia-mugabo-yagiye-kumurika-imideli-yahanze-muri-madagascar,fashion,Sonia Mugabo yagiye kumurika imideli yahanze muri Madagascar,entertainment,0.5984,405,False
http://www.igihe.com/fashion/article/abanyamideli-batanu-bahagarariye-u-rwanda-muri-abryanz-style-fashion-awards,fashion,Abanyamideli batanu bahagarariye u Rwanda muri Abryanz Style&Fashion Awards,entertainment,0.6113,459,False
http://www.igihe.com/fashion/article/eric-birasa-agiye-gutangiza-uruganda-nyuma-y-imyaka-umunani-mu-mideli,fashion,Eric Birasa agiye gutangiza uruganda nyuma y'imyaka umunani mu mideli,entertainment,0.9757,512,True
http://www.igihe.com/fashion/article/amafoto-yihariye-yaranze-ibirori-by-imideli-ya-made-in-rwanda,fashion,Amafoto aryoheye ijisho mu birori by'imideli ya 'Made in Rwanda',fashion,0.4695,512,True
http://www.igihe.com/fashion/article/umugore-wa-stromae-yasohoye-icyiciro-cya-gatatu-cy-imideli-yakoze,fashion,Umugore wa Stromae yasohoye icyiciro cya gatatu cy'imideli yakoze,entertainment,0.9872,512,True
http://www.igihe.com/fashion/article/amafoto-y-ibirori-byo-kwerekana-imideli-gakondo-i-kigali,fashion,Amafoto y'ibirori byo kwerekana imideli gakondo i Kigali,entertainment,0.5209,502,False
http://www.igihe.com/fashion/article/umunyamideli-iraguha-francis-ajyanye-akandi-gashya-muri-rwanda-day-i-san,fashion,Umunyamideli Iraguha Francis ajyanye akandi gashya muri Rwanda Day i San Francisco,economy,0.8986,397,False
http://www.igihe.com/fashion/article/ibirori-by-imideli-gakondo-bizahuza-abo-mu-bihugu-birindwi,fashion,Ibirori by'imideli gakondo bizahuza abo mu bihugu birindwi,fashion,0.5033,512,True
http://www.igihe.com/fashion/article/umwihariko-udasanzwe-mu-birori-by-imideli-y-ibwami-mu-rwanda-rwo-hambere,fashion,Umwihariko udasanzwe mu birori by'imideli y'ibwami mu Rwanda rwo hambere (Amafoto),entertainment,0.3928,512,True
http://www.igihe.com/fashion/article/urutonde-rw-abanyamideli-10-bakize-kurusha-abandi-ku-isi,fashion,Urutonde rw'abanyamideli 10 bakize kurusha abandi ku Isi,entertainment,0.4318,512,True
http://www.igihe.com/fashion/article/inkumi-yagaye-messi-witwaye-nk-umurambo-bakora-imibonano-mpuzabitsina,fashion,Inkumi yagaye Messi 'witwaye nk'umurambo' bakora imibonano mpuzabitsina,sport,0.9454,512,True
http://www.igihe.com/fashion/article/inkomoko-y-iterambere-umunyamideli-kate-bashabe-yagezeho,fashion,Inkomoko y'iterambere umunyamideli Kate Bashabe yagezeho,entertainment,0.96,512,True
http://www.igihe.com/fashion/article/abanyamideli-70-bagiye-kwerekana-ubuzima-gakondo-mu-rwanda-rwo-hambere,fashion,Abanyamideli 70 bagiye kwerekana ubuzima gakondo mu Rwanda rwo hambere,entertainment,0.4177,512,True
http://www.igihe.com/fashion/article/mu-mafoto-ibirori-byo-kwerekana-imideli-ikorerwa-mu-rwanda,fashion,Mu mafoto: Ibirori byo kwerekana imideli ikorerwa mu Rwanda,entertainment,0.8927,330,False
http://www.igihe.com/fashion/article/abanyamideli-bagiye-kwiyerekana-mu-birori-bikomeye-bizabera-ku-mazi,fashion,Abanyamideli bagiye kwiyerekana mu birori bikomeye bizabera ku mazi,entertainment,0.9867,505,False
http://www.igihe.com/fashion/article/abanyamideri-bagiye-kwifashishwa-mu-kwereka-abitabiriye-inama-ya-au-umuco,fashion,Abanyamideri bagiye kwifashishwa mu kwereka umuco nyarwanda abitabiriye inama ya AU,economy,0.7006,512,True
http://www.igihe.com/fashion/article/rizinde-yahanze-imideli-agamije-kurata-ubutwari-bw-inkotanyi,fashion,Rizinde yahanze imideli agamije kurata ubutwari bw'Inkotanyi,culture,0.3829,512,True
http://www.igihe.com/fashion/article/umunyamideli-kate-bashabe-yavuye-mu-gihome,fashion,Umunyamideli Kate Bashabe yavuye mu gihome,entertainment,0.6223,479,False
http://www.igihe.com/iyobokamana/amadini/article/ubugenzuzi-bwagaragaje-gusesagura-kunyereza-no-gucunga-nabi-umutungo-muri-adepr,religion,"Ubugenzuzi bwagaragaje gusesagura, kunyereza no gucunga nabi umutungo muri ADEPR",economy,0.4778,512,True
http://www.igihe.com/iyobokamana/article/papa-francis-yasubitse-umwiherero-kubera-ibicurane,religion,Papa Francis yasubitse umwiherero kubera ibicurane,religion,0.9138,273,False
http://www.igihe.com/iyobokamana/article/kigali-yibye-igikoresho-gitagatifu-ostensoir-muri-kiliziya-azi-ko-ari-zahabu,religion,Kigali: Yibye igikoresho gitagatifu 'Ostensoir' muri Kiliziya azi ko ari zahabu,economy,0.964,272,False
http://www.igihe.com/iyobokamana/amadini/article/abahoze-bayobora-adepr-bihannye-umucamanza-kubera-gusubika-urubanza-kenshi,religion,Abahoze bayobora ADEPR bihannye umucamanza kubera gusubika urubanza kenshi,religion,0.9804,512,True
http://www.igihe.com/iyobokamana/article/itorero-angilikani-ry-u-rwanda-riri-gushaka-miliyoni-115-zo-gushyigikira,religion,Itorero Angilikani ry' u Rwanda riri gushaka miliyoni 115 zo gushyigikira diyosezi nshya ya Karongi,religion,0.9872,512,True
http://www.igihe.com/iyobokamana/article/gitwaza-yaguze-urusengero-rwa-miliyoni-8-muri-amerika,religion,Gitwaza yaguze urusengero rwa miliyoni 8 $ muri Amerika,religion,0.9879,512,True
http://www.igihe.com/iyobokamana/article/abanyarwanda-babaye-aba-mbere-mu-irushanwa-ryo-gusoma-korowani,religion,Abanyarwanda babaye aba mbere mu irushanwa ryo gusoma Korowani,economy,0.98,409,False
http://www.igihe.com/iyobokamana/ibiterane/article/patient-bizimana-yatumiwe-mu-gitaramo-gikomeye-mu-buholandi,religion,Patient Bizimana yatumiwe mu gitaramo gikomeye mu Buholandi,religion,0.984,512,True
http://www.igihe.com/iyobokamana/amadini/article/itorero-angilikani-mu-rwanda-ryemeje-ishyirwaho-rya-diyoseze-nshya-n,religion,Itorero Angilikani mu Rwanda ryemeje ishyirwaho rya Diyoseze nshya n'Umwepisikopi wayo wa mbere,religion,0.9769,416,False
http://www.igihe.com/iyobokamana/ibiterane/article/james-na-daniella-bahurije-couple-z-abaramyi-mu-gitaramo-cy-amateka-gitegerejwe,religion,James na Daniella bahurije couple z'abaramyi mu gitaramo cy'amateka gitegerejwe i Kigali,entertainment,0.6739,512,True
http://www.igihe.com/iyobokamana/article/papa-francis-yanze-icyifuzo-cyo-kuba-abapadiri-ku-bagabo-bafite-abagore-muri,religion,Papa Francis yanze icyifuzo cyo kuba abapadiri ku bagabo bafite abagore muri Amazon,religion,0.8588,314,False
http://www.igihe.com/iyobokamana/article/pasiteri-antoine-rutayisire-agiye-kujya-mu-kiruhuko-cy-izabukuru,religion,Pasiteri Antoine Rutayisire agiye kujya mu kiruhuko cy'izabukuru,religion,0.9882,512,True
http://www.igihe.com/iyobokamana/ibiterane/article/korali-iriba-y-i-huye-igiye-kwizihiza-isabukuru-y-imyaka-25-imaze-mu,religion,Korali Iriba y'i Huye igiye kwizihiza isabukuru y'imyaka 25 imaze mu ivugabutumwa,religion,0.9719,512,True
http://www.igihe.com/iyobokamana/ubuhamya/article/abashakanye-n-abitegura-kurushinga-bateguriwe-igiterane-kiziga-ku-kibazo-cy,religion,Abashakanye n'abitegura kurushinga bateguriwe igiterane kiziga ku kibazo cy'ingo zisenyuka,religion,0.9628,512,True
http://www.igihe.com/iyobokamana/amadini/article/tanzania-abantu-20-baguye-mu-mubyigano-wabereye-mu-rusengero,religion,Tanzania: Abantu 20 baguye mu mubyigano wabereye mu rusengero,religion,0.6604,345,False
http://www.igihe.com/iyobokamana/article/korali-yesu-araje-yo-mu-badiventisiti-igiye-kumurika-album-ya-kane-y-amashusho,religion,Korali Yesu Araje yo mu Badiventisiti igiye kumurika album ya kane y'amashusho,religion,0.9867,512,True
http://www.igihe.com/iyobokamana/ibiterane/article/ku-nshuro-ya-mbere-liza-kamikazi-yashyizwe-mu-bahatanira-ibihembo-bya-groove,religion,"Ku nshuro ya mbere, Liza Kamikazi yashyizwe mu bahatanira ibihembo bya Groove Awards",religion,0.9815,512,True
http://www.igihe.com/iyobokamana/ibiterane/article/korali-shiloh-yahurije-upendo-y-i-huye-na-dusabe-alexis-mu-gitaramo-gisoza-2019,religion,Korali Shiloh yahurije Upendo y'i Huye na Dusabe Alexis mu gitaramo gisoza 2019,religion,0.9692,512,True
http://www.igihe.com/iyobokamana/article/uko-abakristu-bizihije-noheli-mu-nsengero-zitandukanye-mu-rwanda-amafoto,religion,Uko abakristu bizihije Noheli mu nsengero zitandukanye mu Rwanda (Amafoto),religion,0.985,290,False
http://www.igihe.com/iyobokamana/article/mgr-antoine-kambanda-yasabye-abakristu-gutsinda-ukwikunda-no-kwita-ku-baciye,religion,Mgr. Antoine Kambanda yasabye abakristu gutsinda ukwikunda no kwita ku baciye bugufi,religion,0.9261,512,True
http://www.igihe.com/iyobokamana/ivugabutumwa/article/ben-na-chance-gahongayire-mu-batumiwe-mu-itangizwa-ry-umuryango-heart-of,religion,"Ben na Chance, Gahongayire mu batumiwe mu itangizwa ry'Umuryango Heart of Worship in Action",religion,0.3904,512,True
http://www.igihe.com/iyobokamana/ibiterane/article/masasu-n-umugore-bahujwe-n-abaramyi-bazwi-mu-gitaramo-christmas-eve-shout-of,religion,Masasu n'umugore bahujwe n'abaramyi bazwi mu gitaramo Christmas Eve Shout of Joy,religion,0.9871,497,False
http://www.igihe.com/iyobokamana/amadini/article/nyuma-ya-kaminuza-abangilikani-barashaka-kubaka-ibitaro-na-stade-mu-rwanda,religion,"Nyuma ya Kaminuza, Abangilikani barashaka kubaka ibitaro na Stade mu Rwanda",religion,0.9705,512,True
http://www.igihe.com/iyobokamana/ibiterane/article/korali-jehovah-jireh-igiye-kumurika-album-ya-kane-y-amashusho,religion,Korali Jehovah Jireh igiye kumurika album ya kane y'amashusho,religion,0.9872,499,False
http://www.igihe.com/iyobokamana/ivugabutumwa/article/apotre-gitwaza-yimikiye-rwiyemezamirimo-byiringiro-f-regis-i-yerusalemu,religion,Apôtre Gitwaza yimikiye rwiyemezamirimo Byiringiro F. Régis i Yerusalemu,religion,0.9848,512,True
http://www.igihe.com/iyobokamana/ibiterane/article/korali-bethlehem-na-siloam-zanyuze-abitabiriye-isozwa-rya-bethlehem-evangelical,religion,Korali Bethlehem na Siloam zanyuze abitabiriye isozwa rya Bethlehem Evangelical Week 2019,religion,0.8511,512,True
http://www.igihe.com/iyobokamana/ibiterane/article/calvary-ministries-yateguye-igiterane-cy-amashimwe-mu-gusoza-2019,religion,Calvary Ministries yateguye igiterane cy'amashimwe mu gusoza 2019,religion,0.9788,298,False
http://www.igihe.com/iyobokamana/ibiterane/article/korali-siloam-ya-adepr-bibare-yatumiye-shalom-y-i-nyarugenge-mu-gitaramo,religion,Korali Siloam ya ADEPR Bibare yatumiye Shalom y'i Nyarugenge mu gitaramo gikomeye,religion,0.9864,512,False
http://www.igihe.com/iyobokamana/ibiterane/article/korali-galeedi-yatumiye-dominic-ashimwe-na-deo-munyakazi-mu-gitaramo-cy,religion,Korali Galeedi yatumiye Dominic Ashimwe na Deo Munyakazi mu gitaramo cy'amashimwe,religion,0.9818,512,True
http://www.igihe.com/iyobokamana/muzika/article/patient-bizimana-agiye-gutaramira-mu-bufaransa,religion,Patient Bizimana agiye gutaramira mu Bufaransa,religion,0.9282,481,False
http://www.igihe.com/iyobokamana/article/bamporiki-yagaragarije-urubyiruko-ingaruka-zo-kuba-abakolonije-u-rwanda,religion,Bamporiki yagaragarije urubyiruko ingaruka zo kuba abakolonije u Rwanda barivanze n'abaruzaniye ivanjiri,religion,0.9751,512,True
http://www.igihe.com/iyobokamana/article/groove-awards-rwanda-2019-yinjijwemo-ibyiciro-bishya-birimo-n-icy-umwana-ufite,religion,Groove Awards Rwanda 2019 yinjijwemo ibyiciro bishya birimo n'icy'umwana ufite impano ihambaye,religion,0.9088,512,True
http://www.igihe.com/iyobokamana/ibiterane/article/abaramyi-gentil-na-adrien-misigaro-basesekaye-muri-kenya-aho-bategerejwe-mu,religion,Abaramyi Gentil na Adrien Misigaro basesekaye muri Kenya aho bategerejwe mu gitaramo gikomeye,entertainment,0.9806,512,True
http://www.igihe.com/iyobokamana/ibiterane/article/choeur-international-yateguye-igitaramo-izifashishamo-indirimbo-ya-m-bilia-bel,religion,Choeur International yateguye igitaramo izifashishamo indirimbo ya M'bilia Bel (Video),entertainment,0.9843,420,False
http://www.igihe.com/iyobokamana/article/video-yaririmbiye-umugore-we-yifashishije-indirimbo-ya-westlife-ibyaranze,religion,Video: Yaririmbiye umugore we yifashishije indirimbo ya Westlife! Ibyaranze ubukwe bwa Papi Clever,religion,0.82,512,True
http://www.igihe.com/iyobokamana/ivugabutumwa/article/mahirwe-uririmba-muri-korali-shalom-yasohoye-indirimbo-asifiwe-sana-yubakiye-ku,religion,"Mahirwe uririmba muri Korali Shalom yasohoye indirimbo ""Asifiwe sana"" yubakiye ku buzima yanyuzemo",entertainment,0.8013,483,False
http://www.igihe.com/iyobokamana/article/umuvugabutumwa-reinhard-bonnke-yitabye-imana,religion,Umuvugabutumwa Reinhard Bonnke yitabye Imana,religion,0.7694,338,False
http://www.igihe.com/iyobokamana/ivugabutumwa/article/bethlehem-evangelical-week-2019-yahurijwemo-abaramyi-bakunzwe-izaberamo,religion,"'Bethlehem Evangelical Week 2019' yahurijwemo abaramyi bakunzwe, izaberamo ibikorwa by'urukundo",religion,0.9777,512,True
http://www.igihe.com/iyobokamana/ibiterane/article/umuhanzikazi-tuyishime-sabrina-yatumiye-abanyempano-mu-gitaramo-azamurikiramo,religion,Umuhanzikazi Tuyishime Sabrina yatumiye abanyempano mu gitaramo azamurikiramo album,religion,0.9847,487,False
http://www.igihe.com/iyobokamana/article/umwihariko-muri-groove-awards-2019-igiye-kubera-mu-rwanda-ku-nshuro-ya-karindwi,religion,Umwihariko muri Groove Awards 2019 igiye kubera mu Rwanda ku nshuro ya karindwi,religion,0.9682,512,True
http://www.igihe.com/iyobokamana/article/hillsong-london-izafatanya-n-umuhanzi-umwe-wo-mu-rwanda-mu-gitaramo-igiye,religion,Hillsong London izafatanya n'umuhanzi umwe wo mu Rwanda mu gitaramo igiye gukorera i Kigali,religion,0.9336,512,False
http://www.igihe.com/iyobokamana/ibiterane/article/bishop-harerimana-yatumiye-danny-mutabazi-na-gahongayire-mu-giterane-singira,religion,"Bishop Harerimana yatumiye Danny Mutabazi na Gahongayire mu giterane ""Singira ibyawe""",religion,0.9881,508,False
http://www.igihe.com/iyobokamana/article/urubyiruko-rw-abakristo-rwasabwe-umusanzu-mu-guhashya-ibiyobyabwenge-byugarije,religion,Urubyiruko rw'abakristo rwasabwe umusanzu mu guhashya ibiyobyabwenge byugarije benshi,religion,0.9813,512,True
http://www.igihe.com/iyobokamana/ibiterane/article/korali-ukuboko-kw-iburyo-igiye-kumurika-album-mu-gitaramo-yatumiyemo-abahanzi,religion,Korali Ukuboko kw'Iburyo igiye kumurika album mu gitaramo yatumiyemo abahanzi bakunzwe muri ADEPR,religion,0.9864,512,True
http://www.igihe.com/iyobokamana/ubuhamya/article/urugendo-rwa-pasiteri-niyonshuti-theogene-mayibobo-yahindutse-umuvugabutumwa,religion,"Ubuhamya bwa Pasiteri Niyonshuti Théogène, mayibobo yahindutse umuvugabutumwa muri ADEPR (Video)",religion,0.988,512,True
http://www.igihe.com/iyobokamana/amadini/article/gatsibo-umupasiteri-n-umubwiriza-barwaniye-mu-materaniro-harakekwa-ko-bapfuye,religion,"Gatsibo: Umupasiteri n'Umubwiriza barwaniye mu materaniro, harakekwa ko bapfuye amaturo",religion,0.9844,512,True
http://www.igihe.com/iyobokamana/article/umunezero-udasanzwe-ku-basengera-muri-regina-pacis-i-remera-bataramiwe-mu-misa,religion,Umunezero udasanzwe ku basengera muri Regina Pacis i Remera bataramiwe mu Misa na Jean Claude Gianadda (Amafoto),religion,0.6719,406,False
http://www.igihe.com/iyobokamana/amadini/article/mgr-rukamba-yavuze-ku-biganiro-bishobora-kugeza-ku-kwemerera-abafite-abagore,religion,Mgr Rukamba yavuze ku biganiro bishobora kugeza ku kwemerera abafite abagore kuba abapadiri,religion,0.9421,512,True
http://www.igihe.com/iyobokamana/ibiterane/article/umufaransa-gianadda-na-christus-regnat-bishimiwe-mu-gitaramo-bahuriyemo-i,religion,Umufaransa Gianadda na Christus Regnat bishimiwe mu gitaramo bahuriyemo i Kigali (Amafoto),entertainment,0.8447,512,True
http://www.igihe.com/iyobokamana/ibiterane/article/abahanzi-bakomeye-mu-muziki-uramya-imana-bahurijwe-mu-giterane-cyo-kubatura,religion,Abahanzi bakomeye mu muziki uramya Imana bahurijwe mu giterane cyo kubatura urubyiruko,religion,0.9809,474,False
http://www.igihe.com/iyobokamana/article/gianadda-watumiwe-na-christus-y-i-remera-yageze-mu-rwanda-afite-amashyushyu-yo,religion,Gianadda watumiwe na Christus y'i Remera yageze mu Rwanda afite amashyushyu yo gusura i Kibeho(Amafoto),entertainment,0.759,512,True
http://www.igihe.com/iyobokamana/article/umuvugabutumwa-gakumba-ufite-ubumuga-bwo-kutabona-yasezeranye-n-umukunzi-we-mu,religion,Umuvugabutumwa Gakumba ufite ubumuga bwo kutabona yasezeranye n'umukunzi we mu mategeko (Amafoto na Video),religion,0.4495,512,True
http://www.igihe.com/iyobokamana/ibiterane/article/korali-z-ubukombe-i-kigali-zahurijwe-mu-itangizwa-ry-iserukiramuco-choir-fest,religion,Korali z'ubukombe i Kigali zahurijwe mu itangizwa ry'Iserukiramuco 'Choir Fest',religion,0.9869,498,False
http://www.igihe.com/iyobokamana/article/umudugudu-wa-adepr-mayange-ugeze-aharindimuka-mutangana-uwuyobora-yashyizwe-mu,religion,Umudugudu wa ADEPR Mayange ugeze aharindimuka! Mutangana uwuyobora yashyizwe mu majwi,religion,0.985,512,True
http://www.igihe.com/iyobokamana/article/munyakazi-deo-yatunguriwe-mu-gitaramo-cya-pasiteri-gaudin-yifurizwa-isabukuru,religion,Munyakazi Deo yatunguriwe mu gitaramo cya Pasiteri Gaudin yifurizwa isabukuru (Amafoto),religion,0.9688,512,True
http://www.igihe.com/iyobokamana/article/yayeli-ishyiga-ry-inyuma-muri-kingdom-of-god-ministries-yasezeranye-mu-mategeko,religion,"Yayeli, ishyiga ry'inyuma muri Kingdom of God Ministries yasezeranye mu mategeko",religion,0.987,470,False
http://www.igihe.com/iyobokamana/Holy-Recall-Worship-Ministry-yo-muri-EAR-yatangije-umushinga-wa-album-nshya,religion,Holy Recall Worship Ministry yo muri EAR yatangije umushinga wa album nshya,religion,0.9865,467,False
http://www.igihe.com/iyobokamana/article/paruwasi-ya-rwamagana-yizihije-yubile-y-imyaka-100,religion,Paruwasi ya Rwamagana yizihije Yubile y'imyaka 100,religion,0.9869,512,True
http://www.igihe.com/iyobokamana/ubuhamya/article/ikiganiro-na-gahongayire-kuririmbira-mu-kabari-ubuhanuzi-uko-ama-g-yamubaye,religion,"Ikiganiro na Gahongayire: Kuririmbira mu kabari, ubuhanuzi, uko Ama G yamubaye hafi n'ibindi",entertainment,0.9851,172,False
http://www.igihe.com/iyobokamana/ibiterane/article/kolari-urumuri-yakoze-igitaramo-cyomoye-imitima-ya-benshi-i-rwamagana,religion,Kolari Urumuri yakoze igitaramo cyomoye imitima ya benshi i Rwamagana,religion,0.9855,371,False
http://www.igihe.com/iyobokamana/article/papi-clever-yatangije-umushinga-wo-gushyingirwa-amafoto,religion,Umuhanzi Papi Clever yatangije umushinga wo gushyingirwa (Amafoto),religion,0.7943,512,True
http://www.igihe.com/amakuru/article/rubavu-abayobozi-b-umudugudu-na-se-w-umwana-bakurikiranyweho-guhishira,health,Rubavu: Abayobozi b'umudugudu na se w'umwana bakurikiranyweho guhishira uwamusambanyije akamutera inda,politics,0.9945,355,False
http://www.igihe.com/amakuru/u-rwanda/article/abakerarugendo-bahawe-imyaka-ibiri-yo-guhindura-amatariki-yo-gusura-pariki,tourism,Abakerarugendo bahawe imyaka ibiri yo guhindura amatariki yo gusura pariki kubera Coronavirus,politics,0.4532,512,True
http://www.igihe.com/amakuru/muri-afurika/article/umugore-wa-mbere-yagizwe-brigadier-general-mu-gisirikare-cya-guinee-ku-munsi,politics,Umugore wa mbere yagizwe Brigadier Général mu gisirikare cya Guinée ku munsi wabahariwe,politics,0.9884,192,False
http://www.igihe.com/amakuru/muri-afurika/article/uganda-abapolisikazi-ntibazongera-gusaba-uruhushya-rwo-kurongorwa-n-umusivile,politics,Uganda: Abapolisikazi bakuriweho gusaba uburenganzira bwo gushyingiranwa n'umusivile,politics,0.9625,296,False
http://www.igihe.com/amakuru/mu-mahanga/article/perezida-wa-portugal-agiye-gushyirwa-mu-kato-nyuma-yo-gukekwaho-kwandura,health,Perezida wa Portugal yashyizwe mu kato kubera Coronavirus,health,0.9058,260,False
http://www.igihe.com/amakuru/muri-afurika/article/minisitiri-w-intebe-wa-sudani-yarokotse-igitero-mu-murwa-mukuru-khartoum,politics,Minisitiri w'Intebe wa Sudani yarokotse igitero mu murwa mukuru Khartoum,politics,0.991,276,False
http://www.igihe.com/amakuru/utuntu-n-utundi/article/ibyo-wamenya-ku-muhanda-w-urupfu-wigeze-kujya-upfiramo-abasaga-300-buri-mwaka,health,Ibyo wamenya ku muhanda w'urupfu wigeze kujya upfiramo abasaga 300 buri mwaka,health,0.7183,431,False
http://www.igihe.com/amakuru/muri-afurika/article/coronavirus-yatumye-abaperezida-bamwe-muri-afurika-babuza-abaminisitiri-gukora,health,Coronavirus yatumye Abaperezida bamwe muri Afurika babuza abaminisitiri gukora ingendo no guhererekanya ibiganza,politics,0.9529,404,False
http://www.igihe.com/amakuru/u-rwanda/article/musanze-abagore-bafunzwe-bibukijwe-ko-batatsinda-urugamba-rw-iterambere,economy,Musanze: Abagore bafunzwe bibukijwe ko batatsinda urugamba rw'iterambere bakijandika mu byaha,politics,0.9714,512,True
http://www.igihe.com/amakuru/mu-mahanga/article/sena-y-ubufaransa-igiye-kwakira-inama-iyobowe-n-abahakana-bakanapfobya-jenoside,politics,U Bufaransa: Bamwe mu bari kuyobora ikiganiro gipfobya kikanahakana Jenoside bisubiyeho,politics,0.9291,512,True
http://www.igihe.com/amakuru/u-rwanda/article/ibinyoma-bya-leta-ya-habyarimana-ku-bwicanyi-yakoreraga-abatutsi-n-itegurwa,politics,Ibinyoma bya Leta ya Habyarimana ku bwicanyi yakoreraga Abatutsi n'itegurwa ryeruye rya Jenoside,politics,0.99,512,True
http://www.igihe.com/amakuru/mu-mahanga/article/usa-umwana-w-umunyamerika-watawe-inshuro-ebyiri-ubu-ari-kurerwa-n-umunyarwanda,health,"USA: Umwana w'umunyamerika watawe inshuro ebyiri, ari kurerwa n'umunyarwanda",health,0.9775,458,False
http://www.igihe.com/amakuru/u-rwanda/article/uko-yibwe-amafaranga-kuri-telefoni-n-uwo-yahaye-icumbi-akamutwara-umubare-w,economy,Uko yibwe amafaranga kuri telefoni n'uwo yahaye icumbi akamutwara umubare w'ibanga,economy,0.9369,512,True
http://www.igihe.com/amakuru/mu-mateka/article/tariki-9-werurwe,history,Tariki 9 Werurwe,history,0.7486,368,False
http://www.igihe.com/amakuru/utuntu-n-utundi/article/u-butaliyani-berlusconi-w-imyaka-83-yatandukanye-n-umugore-w-imyaka-34,politics,"U Butaliyani: Berlusconi w'imyaka 83 yatandukanye n'umugore w'imyaka 34, yishumbusha ukiri muto",sport,0.3744,512,True
http://www.igihe.com/amakuru/article/rura-igiye-gushyiraho-uburyo-bwo-kwirinda-coronavirus-mu-modoka-zitwara,health,RURA igiye gushyiraho uburyo bwo kwirinda Coronavirus mu modoka zitwara abagenzi,health,0.6353,512,True
http://www.igihe.com/amakuru/u-rwanda/article/perezida-kagame-yashimye-uruhare-rw-abagore-mu-iterambere-ry-igihugu,politics,Perezida Kagame yashimye uruhare rw'abagore mu iterambere ry'igihugu,politics,0.983,512,True
http://www.igihe.com/amakuru/mu-mahanga/article/iran-umudepite-wa-kabiri-yahitanywe-na-coronavirus,health,Iran: Umudepite wa kabiri yahitanywe na coronavirus,health,0.9469,260,False
http://www.igihe.com/amakuru/u-rwanda/article/kicukiro-umwe-yarashwe-undi-aratoroka-ubwo-bageragezaga-gucukura-inzu-bashaka,economy,"Kicukiro: Umwe yarashwe undi aratoroka, ubwo bageragezaga gucukura inzu bashaka kwiba",politics,0.993,367,False
http://www.igihe.com/amakuru/muri-afurika/article/kenya-visi-perezida-william-ruto-mu-bihe-bikomeye,politics,Kenya: Visi Perezida William Ruto mu bihe bikomeye,politics,0.9814,512,True
http://www.igihe.com/amakuru/u-rwanda/article/kigali-abamotari-bashyiriweho-amasomo-y-icyongereza-mu-kwitegura-inama-ya-chogm,politics,Kigali: Abamotari bashyiriweho amasomo y'Icyongereza mu kwitegura inama ya CHOGM,politics,0.8707,512,True
http://www.igihe.com/amakuru/u-rwanda/article/madamu-jeannette-kagame-yitabiriye-igikorwa-cyo-kwerekana-bwa-mbere-filime,entertainment,Madamu Jeannette Kagame yitabiriye igikorwa cyo kwerekana bwa mbere filime 'Petit Pays' ya Gaël Faye (Amafoto),entertainment,0.9816,512,True
http://www.igihe.com/amakuru/mu-mahanga/article/umwe-mu-bitabiriye-inama-yarimo-perezida-trump-yasanzwemo-coronavirus,health,Umwe mu bitabiriye inama yarimo Perezida Trump yasanzwemo coronavirus,politics,0.9732,349,False
http://www.igihe.com/amakuru/article/u-buhinde-yatawe-muri-yombi-ashinjwa-gukorakorera-mu-ndege-umukobwa-wari-uvuye,politics,U Buhinde: Yatawe muri yombi ashinjwa gukorakorera mu ndege umukobwa wari uvuye mu Rwanda,health,0.4473,175,False
http://www.igihe.com/amakuru/u-rwanda/article/nyabihu-umucungamutungo-wa-sacco-yatawe-muri-yombi-ashinjwa-kunyereza-umutungo,economy,Nyabihu: Umucungamutungo wa SACCO yatawe muri yombi ashinjwa kunyereza umutungo,politics,0.987,305,False
http://www.igihe.com/amakuru/u-rwanda/article/gasabo-imvubu-yari-imaze-iminsi-yangiza-imyaka-y-abaturage-yarashwe-irapfa,environment,Gasabo: Imvubu yari imaze iminsi yangiza imyaka y'abaturage yarashwe irapfa,economy,0.9016,313,False
http://www.igihe.com/amakuru/mu-mahanga/article/u-butaliyani-abantu-miliyoni-16-bamaze-gushyirwa-mu-kato-kubera-coronavirus,health,U Butaliyani: Abantu miliyoni 16 bamaze gushyirwa mu kato kubera Coronavirus,politics,0.7923,271,False
http://www.igihe.com/amakuru/muri-afurika/article/exim-bank-y-ubushinwa-yongeye-kwima-uganda-inguzanyo-yo-kubaka-umuhanda-wa-gari,economy,EXIM Bank y'u Bushinwa yongeye kwima Uganda inguzanyo yo kubaka umuhanda wa gari ya moshi,economy,0.9855,410,False
http://www.igihe.com/amakuru/u-rwanda/article/nyamagabe-polisi-yafatiye-mu-cyuho-abangizaga-ishyamba-rya-leta,environment,Nyamagabe: Polisi yafatiye mu cyuho abangizaga ishyamba rya Leta,economy,0.3931,483,False
http://www.igihe.com/amakuru/mu-mateka/amasezerano-yo-guhagarika-intambara-yahinduwe-imfabusa,history,Tariki ya 8 Werurwe,history,0.9334,512,True
http://www.igihe.com/amakuru/article/inyungu-ku-rwanda-aho-imyiteguro-yo-kwakira-chogm-igeze-ikiganiro-na-minisitiri,politics,"Inyungu ku Rwanda, aho imyiteguro yo kwakira CHOGM igeze…Ikiganiro na Minisitiri Dr Biruta",politics,0.9227,512,True
http://www.igihe.com/amakuru/muri-afurika/article/zimbabwe-umugabo-wakekwagaho-coronavirus-yatorotse-ibitaro,health,Zimbabwe: Umugabo wakekwagaho coronavirus yatorotse ibitaro,health,0.9691,206,False
http://www.igihe.com/amakuru/mu-mateka/article/tariki-ya-10-werurwe,history,Tariki ya 10 Werurwe,history,0.9625,512,True
http://www.igihe.com/amakuru/u-rwanda/article/burera-umugore-w-imyaka-44-yafatanywe-amafaranga-ibihumbi-300-y-amiganano,economy,Burera: Umugore w'imyaka 44 yafatanywe amafaranga ibihumbi 300 y'amiganano,economy,0.7481,512,True
http://www.igihe.com/amakuru/u-rwanda/article/ibendera-ry-umuryango-wa-commonwealth-ryazamuwe-i-kigali-amafoto,politics,Ibendera ry'Umuryango wa Commonwealth ryazamuwe i Kigali (Amafoto),politics,0.9539,512,True
http://www.igihe.com/amakuru/u-rwanda/article/ubuhamya-bwa-nambajimana-wahozaga-umugore-we-ku-nkeke-kubera-igikwangari,relationship,Ubuhamya bwa Nambajimana wahozaga umugore we ku nkeke kubera igikwangari,politics,0.8215,512,True
http://www.igihe.com/amakuru/u-rwanda/article/dr-ngabitsinze-urujeni-na-mukama-abbas-mu-bahawe-imyanya-mishya-na-perezida,politics,"Dr Ngabitsinze, Urujeni na Mukama Abbas mu bahawe imyanya mishya na Perezida Kagame",politics,0.9693,512,True
http://www.igihe.com/amakuru/u-rwanda/article/kigali-abakurikiranyweho-guhohotera-umukobwa-basabiwe-gufungwa-imyaka-25-n,health,Kigali: Abakurikiranyweho guhohotera umukobwa basabiwe gufungwa imyaka 25 n'impozamarira ya miliyoni 100 Frw,politics,0.9937,512,True
http://www.igihe.com/amakuru/u-rwanda/article/uburyo-abanyarwanda-batunguwe-n-ikoranabuhanga-israel-ikoresha-mu-guhanura-za,politics,Uburyo Abanyarwanda batunguwe n'ikoranabuhanga Israel ikoresha mu guhanura za missile z'umwanzi,history,0.4798,512,True
http://www.igihe.com/amakuru/mu-mahanga/article/iran-abantu-20-bishwe-no-kunywa-alcool-bibwira-ko-yabarinda-kwandura,health,Iran: Abantu 20 bishwe no kunywa alcool bibwira ko yabarinda kwandura Coronavirus,health,0.9877,512,True
http://www.igihe.com/amakuru/u-rwanda/article/ubwiru-muri-sena-y-u-bufaransa-mu-kiganiro-cy-abapfobya-jenoside-yakorewe,politics,Ubwiru muri Sena y'u Bufaransa mu kiganiro cy'abapfobya Jenoside yakorewe Abatutsi,politics,0.9094,512,True
http://www.igihe.com/amakuru/article/abanyaburayi-bakora-ubucuruzi-mu-rwanda-bashyizeho-ishyirahamwe-ribahuza,economy,Abanyaburayi bakora ubucuruzi mu Rwanda bashyizeho ishyirahamwe ribahuza,economy,0.9847,441,False
http://www.igihe.com/amakuru/mu-mahanga/article/u-bwongereza-bumaze-gukoresha-miliyari-5-7-muri-brexit,politics,U Bwongereza bumaze gukoresha miliyari 5.7$ muri Brexit,politics,0.7553,393,False
http://www.igihe.com/amakuru/u-rwanda/article/abanyarwanda-bategujwe-ko-ibice-byinshi-bishobora-kwibasirwa-n-imyuzure-n,environment,Abanyarwanda bategujwe ko ibice byinshi bishobora kwibasirwa n'imyuzure n'inkangu,health,0.7703,368,False
http://www.igihe.com/amakuru/muri-afurika/article/u-bufaransa-bwemeye-kohereza-murumuna-wa-blaise-compaore-ngo-aburanishirizwe,politics,U Bufaransa bwemeye kohereza murumuna wa Blaise Compaoré ngo aburanishirizwe muri Burkina Faso,politics,0.8893,154,False
http://www.igihe.com/amakuru/u-rwanda/article/kamonyi-rib-yafashe-abagabo-babiri-biyitiriraga-abakozi-ba-mtn-bakambura,economy,Kamonyi: RIB yafashe abagabo babiri biyitiriraga abakozi ba MTN bakambura abaturage,politics,0.991,270,False
http://www.igihe.com/amakuru/article/icc-yafunguye-iperereza-ku-byaha-ingabo-za-amerika-zakoreye-muri-afghanistan,politics,ICC yafunguye iperereza ku byaha Ingabo za Amerika zakoreye muri Afghanistan,politics,0.9932,512,True
http://www.igihe.com/amakuru/muri-afurika/article/uganda-abantu-24-barashaka-kwiyamamariza-gusimbura-museveni,politics,Uganda: Abantu 24 barashaka kwiyamamariza gusimbura Museveni,politics,0.9931,512,True
http://www.igihe.com/amakuru/u-rwanda/article/imvura-yaguye-mu-mezi-atatu-imaze-guhitana-abantu-53-abandi-84-barakomereka,environment,"Imvura yaguye mu mezi atatu imaze guhitana abantu 53, abandi 84 barakomereka",health,0.9317,247,False
http://www.igihe.com/amakuru/muri-afurika/article/mu-kwezi-kumwe-rdc-ishobora-gutangaza-intsinzi-kuri-ebola,health,Mu kwezi kumwe RDC ishobora gutangaza intsinzi kuri Ebola,health,0.9798,305,False
http://www.igihe.com/amakuru/article/nyamagabe-batanu-bahitanwe-n-umuvu-w-amazi-wabasanze-mu-buvumo-basengeragamo,health,Nyamagabe: Batanu bahitanwe n'umuvu w'amazi wabasanze mu buvumo basengeragamo,politics,0.456,272,False
http://www.igihe.com/amakuru/u-rwanda/article/amasomo-u-rwanda-rwakwigira-ku-buhinzi-buteye-imbere-muri-israel,economy,Amasomo u Rwanda rwakwigira ku buhinzi buteye imbere muri Israel,economy,0.9178,512,True
http://www.igihe.com/amakuru/article/uganda-yafunze-dosiye-ya-ben-rutabana-hahanzwe-amaso-inzira-za-politiki,politics,"Uganda yafunze dosiye ya Ben Rutabana, hahanzwe amaso inzira za politiki",politics,0.9937,512,True
http://www.igihe.com/amakuru/mu-mahanga/article/usa-elizabeth-warren-yivanye-mu-matora-y-uzahagararira-aba-democrates,politics,USA: Elizabeth Warren yivanye mu matora y'uzahagararira aba- démocrates,politics,0.9572,307,False
http://www.igihe.com/amakuru/article/nyarugenge-abasore-batatu-bafashwe-bari-kwambura-umuturage,economy,Nyarugenge: Abasore batatu bafashwe bari kwambura umuturage,politics,0.4766,512,True
http://www.igihe.com/amakuru/mu-mahanga/article/netanyahu-yatsinze-amatora-ntiyemererwa-gushyiraho-guverinoma,politics,Netanyahu yatsinze amatora ntiyemererwa gushyiraho guverinoma,politics,0.9798,447,False
http://www.igihe.com/ibidukikije/ibungabunga/article/abashakashatsi-ba-kaminuza-ya-birmingham-bagitye-gufasha-abanyarwanda-kwirinda,environment,Abashakashatsi ba Kaminuza ya Birmingham bagiye gufasha Abanyarwanda kwirinda umwotsi uterwa n'inkwi,health,0.8798,486,False
http://www.igihe.com/ibidukikije/ibungabunga/article/asaga-miliyoni-2-5-agiye-kwifashishwa-mu-guhangana-n-ingaruka-z,environment,Asaga miliyoni 2.5 $ agiye kwifashishwa mu guhangana n'ingaruka z'imihindagurikire y'ibihe mu Rwanda,economy,0.6378,512,True
http://www.igihe.com/ibidukikije/ibungabunga/article/arboretum-ya-kaminuza-yashyizwe-mu-mushinga-wa-commonwealth-ugamije,environment,Arboretum ya Kaminuza yashyizwe mu mushinga wa Commonwealth ugamije kubungabunga amashyamba,environment,0.3209,480,False
http://www.igihe.com/ibidukikije/article/abaturiye-pariki-ya-nyungwe-biyemeje-gucika-ku-ngeso-yo-gushimuta-inyamaswa,environment,Abaturiye Pariki ya Nyungwe biyemeje gucika ku ngeso yo gushimuta inyamaswa,economy,0.8956,512,True
http://www.igihe.com/ibidukikije/ibungabunga/article/u-rwanda-rwahawe-inkunga-ya-miliyari-3-frw-azifashishwa-mu-gutera-amashyamba,environment,U Rwanda rwahawe inkunga ya miliyari 3 Frw azifashishwa mu gutera amashyamba,economy,0.8307,512,True
http://www.igihe.com/ibidukikije/article/amateka-ya-misa-ya-papa-mu-rwanda-kimwe-mu-bizaba-bigize-pariki-y-i-nyandungu,environment,"Amateka ya Misa ya Papa mu Rwanda, kimwe mu bizaba bigize Pariki y'i Nyandungu",religion,0.4102,512,True
http://www.igihe.com/ibidukikije/article/polisi-n-abafatanyabikorwa-bayo-barateganya-gutera-ibiti-ku-buso-burenga,environment,Polisi y'u Rwanda igiye gutera ibiti ku buso burenga hegitari 50,economy,0.3808,512,True
http://www.igihe.com/ibidukikije/article/meteo-rwanda-yasobanuye-iby-imvura-idasanzwe-imaze-iminsi-igwa,environment,Meteo Rwanda yasobanuye iby'imvura idasanzwe imaze iminsi igwa,health,0.6262,320,False
http://www.igihe.com/ibidukikije/ibungabunga/article/ubushakashatsi-bwerekanye-ko-niba-ntagikozwe-25-by-ubutaka-bw-isi-buzuma-mu,environment,Ubushakashatsi bwerekanye ko niba ntagikozwe 25% by'ubutaka bw'Isi buzuma mu myaka 30,technology,0.3333,471,False
http://www.igihe.com/ibidukikije/ibungabunga/article/umwanda-wo-muri-gereza-ya-mageragere-watangiye-gutunganywa-ngo-udatera-indwara,environment,Umwanda wo muri Gereza ya Mageragere watangiye gutunganywa ngo udatera indwara abayituriye,politics,0.2699,431,False
http://www.igihe.com/ibidukikije/ibungabunga/article/u-rwanda-rwatangije-uruganda-rutunganya-imyanda-y-ibikoresho-by-ikoranabuhanga,environment,U Rwanda rwatangije uruganda rutunganya imyanda y'ibikoresho by'ikoranabuhanga,economy,0.4552,512,True
http://www.igihe.com/ibidukikije/ibungabunga/article/kayonza-bralirwa-yashyikirije-abaturage-amashanyarazi-akomoka-ku-zuba,environment,Kayonza: Bralirwa yashyikirije abaturage amashanyarazi akomoka ku zuba inifatanya na bo gutera ibiti,economy,0.9668,410,False
http://www.igihe.com/ibidukikije/inyamaswa/article/inzovu-zisaga-ibihumbi-20-ziricwa-buri-mwaka-muri-afurika,environment,Inzovu zisaga ibihumbi 20 ziricwa buri mwaka muri Afurika,tourism,0.303,512,True
http://www.igihe.com/ibidukikije/article/amavugurura-ya-kigali-ku-masezerano-ya-montreal-yemejwe-bidasubirwaho-agiye,environment,"Amavugurura ya Kigali ku masezerano ya Montréal yemejwe bidasubirwaho, agiye gutangira gukurikizwa",politics,0.9667,512,True
http://www.igihe.com/ibidukikije/ibungabunga/article/u-bwongereza-bwemeje-burundu-amavugurura-ya-kigali-ku-ikoreshwa-ry-imyuka,environment,U Bwongereza bwemeje burundu amavugurura ya Kigali ku ikoreshwa ry'imyuka yongera ubushyuhe bw'Isi,economy,0.4998,512,True
http://www.igihe.com/ibidukikije/ibungabunga/article/amacupa-ya-palasitiki-yatangiye-guhabwa-akato-mu-biro-bya-leta,environment,Amacupa ya palasitiki yatangiye guhabwa akato mu biro bya leta,tourism,0.4209,440,False
http://www.igihe.com/ibidukikije/ibungabunga/article/rema-yasabye-ko-imodoka-zishaje-zikumirwa-mu-rwanda,environment,REMA yasabye ko imodoka zishaje zikumirwa mu Rwanda,politics,0.8471,512,True
http://www.igihe.com/ibidukikije/ibungabunga/article/afurika-na-aziya-mu-kaga-k-ihumana-ry-umwuka-abantu-bahumeka,environment,Afurika na Aziya mu kaga k'ihumana ry'umwuka abantu bahumeka,health,0.9829,512,True
http://www.igihe.com/ibidukikije/article/muhanga-rema-yoroje-inka-abaturage-78,environment,Muhanga: REMA yoroje inka abaturage 78,politics,0.9371,415,False
http://www.igihe.com/ibidukikije/ibungabunga/article/u-rwanda-uganda-na-rdc-mu-gukaza-ubufatanye-bwita-ku-binyabuzima-byo-mu-birunga,environment,"U Rwanda, Uganda na RDC mu gukaza ubufatanye bwita ku binyabuzima byo mu Birunga",economy,0.8815,512,True
http://www.igihe.com/ibidukikije/article/rema-ihangayikishijwe-n-uko-igihugu-gikennye-imishinga-yo-kurengera-ibidukikije,environment,REMA ihangayikishijwe n'uko igihugu gikennye imishinga yo kurengera ibidukikije n'ihindagurika ry'ibihe,economy,0.3699,512,True
http://www.igihe.com/ibidukikije/article/meteo-rwanda-yabonye-uburyo-buyifasha-kumenya-amakuru-y-ikirere-buri-segonda,environment,Météo Rwanda yabonye uburyo buyifasha kumenya amakuru y'ikirere buri segonda,economy,0.7842,512,True
http://www.igihe.com/ibidukikije/article/frigo-zisohora-imyuka-yangiza-ikirere-mu-bitazongera-kwinjira-mu-rwanda-guhera,environment,Frigo zisohora imyuka yangiza ikirere mu bitazongera kwinjira mu Rwanda guhera 2019,economy,0.905,512,True
http://www.igihe.com/ibidukikije/ibungabunga/article/gatsibo-rice-company-yatangiye-gukora-ibicanwa-mu-bishishwa-by-umuceri,environment,'Gatsibo Rice Company' yatangiye gukora ibicanwa mu bishishwa by'umuceri byashoboraga kwangiza ibidukikije,economy,0.9339,512,True
http://www.igihe.com/ibidukikije/ibungabunga/article/musanze-rema-yasabye-abaturage-gukumira-ibiza-binyuze-mu-kubungabunga,environment,Musanze: REMA yasabye abaturage gukumira ibiza binyuze mu kubungabunga ibidukikije,environment,0.3814,438,False
http://www.igihe.com/ibidukikije/ibungabunga/article/leta-yatangiye-umushinga-wo-guhindura-amazi-ya-nyabarongo-urubogobogo,environment,Leta yatangiye umushinga wo guhindura amazi ya Nyabarongo urubogobogo,economy,0.9668,512,True
http://www.igihe.com/ibidukikije/ibungabunga/article/icyo-rema-isaba-abaturage-mu-bihe-by-imvura-n-ibiza,environment,Icyo REMA isaba abaturage mu bihe by'imvura n'ibiza,politics,0.7188,512,True
http://www.igihe.com/ibidukikije/ibungabunga/article/u-rwanda-rwahawe-miliyoni-32-8-zo-guhangana-n-imihindagurikire-y-ibihe,environment,U Rwanda rwahawe miliyoni 32.8$ zo guhangana n'imihindagurikire y'ibihe,politics,0.4828,355,False
http://www.igihe.com/ibidukikije/article/umuyobozi-muri-ambasade-y-u-budage-yavuze-ingorane-yahuye-nazo-ubwo-nyabarongo,environment,Umuyobozi muri Ambasade y'u Budage yavuze ingorane yahuye nazo ubwo Nyabarongo yafungaga umuhanda,politics,0.8086,512,True
http://www.igihe.com/ibidukikije/article/tir-ivuga-ko-leta-yubakiye-biogaz-abaturage-itababajije-zibapfira-ubusa,environment,TIR ivuga ko Leta yubakiye 'biogaz' abaturage itababajije zibapfira ubusa,economy,0.8918,512,True
http://www.igihe.com/ibidukikije/ibungabunga/article/polisi-igiye-kwifashishwa-mu-gutera-no-kubungabunga-amashyamba,environment,Polisi igiye kwifashishwa mu gutera no kubungabunga amashyamba,economy,0.462,494,False
http://www.igihe.com/ibidukikije/ibungabunga/article/ihurizo-mu-gusezerera-amabati-ya-asbestos-ku-nyubako-za-leta-n-iz-amadini-mu,environment,Ihurizo mu gusezerera amabati ya 'asbestos' ku nyubako za Leta n'iz'amadini mu Rwanda,health,0.5302,400,False
http://www.igihe.com/ibidukikije/article/rema-yatangiye-kugenzura-abacuruzi-bapfunyika-mu-mashashi,environment,REMA yatangiye kugenzura abacuruzi bapfunyika mu mashashi,economy,0.9487,512,True
http://www.igihe.com/ibidukikije/ibungabunga/article/ibibazo-bishamikiye-ku-ikoreshwa-ry-ikibaya-cya-nil-bigiye-gucocerwa-i-kigali,environment,Ibibazo bishamikiye ku ikoreshwa ry'ikibaya cya Nil bigiye gucocerwa i Kigali,economy,0.7251,512,True
http://www.igihe.com/ibidukikije/inyamaswa/article/abashakashatsi-baratabariza-udusimba-tuguruka-turi-mu-marembera,environment,Abashakashatsi baratabariza udusimba tuguruka turi mu marembera,health,0.9459,396,False
http://www.igihe.com/ibidukikije/ibungabunga/article/uburyo-wakoresha-wirindamo-inkuba,environment,Uburyo wakoresha wirindamo inkuba,health,0.9097,512,True
http://www.igihe.com/ibidukikije/ibungabunga/article/umwaka-wa-2100-ushobora-kururira-ikiremwamuntu-kubera-ihindagurika-ry-ibihe,environment,Umwaka wa 2100 ushobora kururira ikiremwamuntu kubera ihindagurika ry'ibihe,economy,0.6179,500,False
http://www.igihe.com/ibidukikije/ibungabunga/article/u-rwanda-rwasabye-amahanga-kwemeza-byihuse-amavugurura-ya-kigali-ku-myuka,environment,U Rwanda rwasabye amahanga kwemeza byihuse amavugurura ya Kigali ku myuka ihumanya ikirere,economy,0.5686,512,True
http://www.igihe.com/ibidukikije/ibungabunga/article/ingaruka-ziri-kugaragara-ku-isi-zitewe-n-ihindagurika-ry-ibihe,environment,Ingaruka ziri kugaragara ku isi zitewe n'ihindagurika ry'ibihe,history,0.566,512,True
http://www.igihe.com/ibidukikije/inyamaswa/article/amerika-yiyemeje-gufasha-ibihugu-birimo-n-u-rwanda-guhangana-n-abashimuta,environment,Amerika yiyemeje gufasha ibihugu birimo n'u Rwanda guhangana n'abashimuta inyamaswa,economy,0.4762,481,False
http://www.igihe.com/ibidukikije/article/abafite-ubumenyi-gakondo-mu-nzira-yo-guhabwa-intebe-mu-gukumira-ibiza-mu-rwanda,environment,Abafite ubumenyi gakondo mu nzira yo guhabwa intebe mu gukumira ibiza mu Rwanda,health,0.7536,512,True
http://www.igihe.com/ibidukikije/article/abaturage-baratabaza-kubera-umunuko-w-ikimoteri-cy-imyanda-y-umujyi-wa-muhanga-97296,environment,Abaturage baratabaza kubera umunuko w'ikimoteri cy'imyanda y'umujyi wa Muhanga,health,0.9688,512,True
http://www.igihe.com/ibidukikije/article/ti-rwanda-igiye-gushora-ama-euros-ibihumbi-bisa-91-mu-mushinga-wo-guhangana-n,environment,TI Rwanda igiye gushora asaga miliyoni 90Frw mu mushinga wo guhangana n'ihindagurika ry'ibihe,economy,0.8464,512,True
http://www.igihe.com/ibidukikije/article/gutura-ahantu-hari-umwuka-uhumanye-bigabanya-imyaka-icyenda-ku-cyizere-cyo,environment,Gutura ahantu hari umwuka uhumanye bigabanya imyaka icyenda ku cyizere cyo kubaho,economy,0.6608,353,False
http://www.igihe.com/ibidukikije/article/perezida-kagame-yifatanyije-n-abaturage-bo-mu-turere-twa-gasabo-na-kicukiro-mu,environment,Perezida Kagame yifatanyije n'abaturage bo mu turere twa Gasabo na Kicukiro mu muganda,economy,0.7693,172,False
http://www.igihe.com/diaspora/article/abanyarwanda-n-inshuti-zabo-basezeye-jacques-kabale-wari-umaze-imyaka-10-ari,politics,Abanyarwanda n'inshuti zabo basezeye Jacques Kabale wari umaze imyaka 10 ari ambasaderi i Paris (Amafoto),politics,0.4195,512,True
http://www.igihe.com/diaspora/article/abanyarwanda-baba-muri-canada-banyuzwe-n-igitaramo-ijoro-rya-gakondo-gitegurwa,politics,Abanyarwanda baba muri Canada banyuzwe n'igitaramo 'Ijoro rya gakondo' cy'itorero Indashyikirwa (AMAFOTO),religion,0.5921,254,False
http://www.igihe.com/diaspora/article/diaspora-nyarwanda-muri-australia-yamaganye-ibiherutse-gutangazwa-ko-ari-maneko,politics,Diaspora Nyarwanda muri Australia yamaganye ibiherutse gutangazwa ko ari 'maneko z'u Rwanda',politics,0.9937,512,True
http://www.igihe.com/diaspora/article/ibyo-wamenya-ku-gitabo-on-n-oublie-jamais-rien-cya-dr-gicali-marie-josee,politics,Ibyo wamenya ku gitabo 'On n'oublie jamais rien' cya Dr Gicali Marie-Josée,history,0.804,512,True
http://www.igihe.com/diaspora/article/umunyarwanda-ahataniye-kwinjira-mu-nteko-ishinga-amategeko-ya-canada,politics,Umunyarwanda ahataniye kuba umudepite muri Canada,politics,0.971,512,True
http://www.igihe.com/diaspora/article/usa-abanyarwanda-batuye-muri-leta-ya-arizona-bizihije-umuganura-bashishikarizwa,politics,"USA: Abanyarwanda batuye muri Leta ya Arizona bizihije Umuganura, bashishikarizwa kwigira",politics,0.3447,512,True
http://www.igihe.com/diaspora/article/danemark-abanyarwanda-bo-mu-bihugu-bigize-scandinavie-bizihije-umunsi-w,politics,Danemark: Abanyarwanda bo mu bihugu bigize Scandinavie bizihije Umunsi w'Umuganura (Amafoto),politics,0.4627,512,True
http://www.igihe.com/diaspora/ibikorwa/article/abanyarwanda-bo-mu-bihugu-bya-scandinavie-bagiye-guhurira-muri-danemark,politics,Abanyarwanda bo mu bihugu bya Scandinavie bagiye guhurira muri Danemark bizihiza Umuganura,economy,0.4246,512,True
http://www.igihe.com/diaspora/ibikorwa/article/abanyarwanda-baba-muri-nigeria-bizihije-umunsi-wo-kwibohora25,politics,Abanyarwanda baba muri Nigeria bizihije Umunsi wo #Kwibohora25,politics,0.8053,512,True
http://www.igihe.com/diaspora/article/u-bubiligi-abanyarwanda-basuye-ingoro-ibitse-amateka-ya-afurika-yo-hagati-mu,politics,U Bubiligi: Abanyarwanda basuye ingoro ibitse amateka ya Afurika yo hagati mu bukoloni (Amafoto),history,0.449,512,True
http://www.igihe.com/diaspora/ibikorwa/article/u-bubiligi-byinshi-kuri-sesonga-umaze-kwandika-izina-mu-bucuruzi-bw-imodoka,politics,U Bubiligi: Byinshi kuri Sesonga umaze kwandika izina mu bucuruzi bw'imodoka (Video),economy,0.9556,512,True
http://www.igihe.com/diaspora/ibikorwa/article/u-bubiligi-abanyarwanda-bahuriye-mu-rugendo-rwa-balade-sante-ku-nshuro-ya,politics,U Bubiligi: Abanyarwanda bahuriye mu rugendo rwa ''Balade Santé'' ku nshuro ya gatanu (Amafoto),entertainment,0.9686,512,True
http://www.igihe.com/diaspora/article/u-bubiligi-rukumberi-ntikizimye-twararokotse-mukayiranga,politics,U Bubiligi: 'Rukumberi ntikizimye twararokotse'- Mukayiranga,health,0.5656,512,True
http://www.igihe.com/diaspora/ibikorwa/article/u-bufaransa-abanyarwanda-bararimbanyije-mu-myiteguro-ya-rwanda-day-2019,politics,U Bufaransa: Abanyarwanda bararimbanyije mu myiteguro ya Rwanda Day 2019,politics,0.9905,503,False
http://www.igihe.com/diaspora/ibikorwa/article/u-bubiligi-abanyarwanda-bizihije-umunsi-w-umuganura-bishimira-ibyo-bagezeho,politics,U Bubiligi: Abanyarwanda bizihije umunsi w'Umuganura bishimira ibyo bagezeho,economy,0.9716,512,True
http://www.igihe.com/diaspora/article/norvege-urubyiruko-rwasabwe-kubakira-ku-ndangagaciro-nyarwanda-nk-umusingi-w,politics,Norvège: Urubyiruko rwasabwe kubakira ku ndangagaciro Nyarwanda nk'umusingi w'iterambere,politics,0.8987,512,True
http://www.igihe.com/diaspora/article/abanyarwanda-baba-muri-suede-bahuriye-mu-rugendo-rwo-mu-bwato-rw-amasaha-23,politics,"Abanyarwanda baba muri Suède bahuriye mu rugendo rwo mu bwato rw'amasaha 23, barasabana",economy,0.6407,512,True
http://www.igihe.com/diaspora/ibikorwa/article/amb-habimana-saleh-yasabye-abanyarwanda-biga-muri-maroc-kubyaza-umusaruro,politics,Amb. Habimana Saleh yasabye Abanyarwanda biga muri Maroc kubyaza umusaruro amahirwe bafite,politics,0.7281,445,False
http://www.igihe.com/diaspora/article/me-flamme-wunganiraga-fabien-neretse-yatsimbaraye-ku-ipfobya-rya-jenoside,politics,Me. Flamme wunganiraga Fabien Neretse yatsimbaraye ku ipfobya rya Jenoside yakorewe Abatutsi,politics,0.9757,512,True
http://www.igihe.com/diaspora/article/neretse-fabien-yakatiwe-gufungwa-imyaka-25,politics,Neretse Fabien yakatiwe gufungwa imyaka 25,politics,0.9879,512,True
http://www.igihe.com/diaspora/article/urukiko-rwo-mu-bubiligi-rwahamije-neretse-fabien-ibyaha-bya-jenoside,politics,Urukiko rwo mu Bubiligi rwahamije Neretse Fabien ibyaha bya Jenoside,politics,0.951,512,True
http://www.igihe.com/diaspora/article/u-bwongereza-umunyarwandakazi-bikekwa-ko-yiyahuye-avuye-mu-igorofa-rya-19,politics,U Bwongereza: Umunyarwandakazi bikekwa ko yiyahuye avuye mu igorofa rya 19 yitabye Imana,health,0.9221,512,True
http://www.igihe.com/diaspora/article/u-bubiligi-abunganira-neretse-fabien-bongeye-kumvikana-mu-magambo-apfobya,politics,U Bubiligi: Abunganira Neretse Fabien bongeye kumvikana mu magambo apfobya Jenoside yakorewe Abatutsi,politics,0.9703,512,True
http://www.igihe.com/diaspora/article/imyaka-75-irashize-ingabo-za-amerika-zibohoye-umujyi-wa-bastogne-mu-maboko-y,politics,Imyaka 75 irashize Ingabo za Amerika zibohoye Umujyi wa Bastogne mu maboko y'Aba-Nazi (Amafoto),history,0.9564,512,True
http://www.igihe.com/diaspora/article/muri-colorado-hatangijwe-umuryango-w-abanyarwanda-baba-mu-mahanga-amafoto,politics,Muri Colorado hatangijwe umuryango w'Abanyarwanda baba mu mahanga (Amafoto),politics,0.9914,512,True
http://www.igihe.com/diaspora/article/danemark-abanyarwanda-bizihije-isozwa-rya-2019-basabwa-kongera-imbaraga-mu,politics,"Danemark: Abanyarwanda bizihije isozwa rya 2019, basabwa kongera imbaraga mu cyerekezo 2050",politics,0.5841,512,True
http://www.igihe.com/diaspora/article/icyo-amb-dr-ngarambe-yavuze-nyuma-yo-gutanga-impapuro-zo-guhagararira-u-rwanda,politics,Icyo Amb. Dr Ngarambe yavuze nyuma yo gutanga impapuro zo guhagararira u Rwanda mu Bufaransa,politics,0.9934,512,True
http://www.igihe.com/diaspora/article/ishyirahamwe-resirg-mu-gikorwa-cyo-gutera-inkunga-ubushakashatsi-kuri-jenoside,politics,Ishyirahamwe RESIRG mu gikorwa cyo gutera inkunga ubushakashatsi kuri Jenoside yakorewe Abatutsi,history,0.5288,512,True
http://www.igihe.com/diaspora/article/michel-mpambara-umuhanzi-ufite-inzozi-zo-gushinga-ishuri-ry-ikinamico-zo,politics,"Michel Mpambara, umuhanzi ufite inzozi zo gushinga ishuri ry'ikinamico zo gusetsa mu Rwanda",entertainment,0.9818,512,True
http://www.igihe.com/diaspora/article/gakunzi-makuza-agiye-gutangiza-mu-rwanda-umuryango-uzusa-ikivi-cy-umugore-we,politics,Gakunzi Makuza agiye gutangiza mu Rwanda umuryango uzusa ikivi cy'umugore we watabarutse,health,0.5921,512,True
http://www.igihe.com/diaspora/article/abitabiriye-imurikagurisha-rya-iltm-cannes-basangijwe-amahirwe-y-ubukerarugendo,politics,Abitabiriye imurikagurisha rya ILTM-Cannes basangijwe amahirwe y'ubukerarugendo ari mu Rwanda (Amafoto),economy,0.8614,512,True
http://www.igihe.com/diaspora/article/tujyane-i-cannes-umujyi-wihariye-mu-kwakira-amaserukiramuco-ahambaye-ku-isi,politics,"Tujyane i Cannes, umujyi wihariye mu kwakira amaserukiramuco ahambaye ku Isi (Amafoto)",entertainment,0.8948,512,True
http://www.igihe.com/diaspora/article/u-rwanda-rurahagarariwe-mu-imurikagurisha-rikomeye-ry-ubukerarugendo-mu,politics,U Rwanda rurahagarariwe mu imurikagurisha rikomeye ry'ubukerarugendo mu Bufaransa (Amafoto),economy,0.7728,512,True
http://www.igihe.com/diaspora/article/abanyeshuri-b-abanyarwanda-basoje-amahugurwa-ku-ikoranabuhanga-mu-bushinwa,politics,Abanyeshuri b'Abanyarwanda basoje amahugurwa ku ikoranabuhanga mu Bushinwa,technology,0.9268,512,True
http://www.igihe.com/diaspora/article/abakozi-ba-ricem-bari-mu-buhinde-bifatanyije-n-abandi-mu-muganda,politics,Abakozi ba RICEM bari mu Buhinde bifatanyije n'abandi mu muganda,economy,0.8779,416,False
http://www.igihe.com/diaspora/article/u-bubiligi-harimo-kumurikwa-amateka-yihariye-ku-rwanda-binyuze-mu-gikorwa,politics,U Bubiligi: Harimo kumurikwa amateka yihariye ku Rwanda binyuze mu gikorwa cyiswe RwandAfrica,entertainment,0.9837,512,True
http://www.igihe.com/diaspora/ibikorwa/article/u-busuwisi-ambasaderi-rwakazina-yibukije-urubyiruko-icyo-rutegerejweho-mu,politics,U Busuwisi: Ambasaderi Rwakazina yibukije urubyiruko icyo rutegerejweho mu gusigasira ibyagezweho,politics,0.9662,464,False
http://www.igihe.com/diaspora/ibikorwa/article/umunyarwandakazi-yafunguye-inzu-itanga-serivisi-z-ubwiza-mu-bubiligi,politics,Umunyarwandakazi yafunguye inzu itanga serivisi z'ubwiza mu Bubiligi,economy,0.8351,512,True
http://www.igihe.com/diaspora/article/abapolisi-b-u-rwanda-bambitswe-imidali-y-ishimwe-muri-centrafrique,politics,Abapolisi b'u Rwanda bambitswe imidali y'ishimwe muri Centrafrique,politics,0.9948,512,True
http://www.igihe.com/diaspora/article/u-bubiligi-urubanza-rwa-fabien-neretse-ushinjwa-ibyaha-bya-jenoside-rwakomeje,politics,U Bubiligi: Urubanza rwa Fabien Neretse ushinjwa ibyaha bya Jenoside rwakomeje humvwa abatangabuhamya,politics,0.9041,512,True
http://www.igihe.com/diaspora/ibikorwa/article/ibigo-byo-mu-rwanda-byatambukanye-umucyo-mu-imurikagurisha-ry-indabo-mu,politics,Ibigo byo mu Rwanda byatambukanye umucyo mu Imurikagurisha ry'Indabo mu Buholandi (Amafoto),economy,0.987,512,True
http://www.igihe.com/diaspora/ibikorwa/article/u-rwanda-rwitabiriye-ku-nshuro-ya-kane-imurikagurisha-mpuzamahanga-ry-indabo-mu,politics,U Rwanda rwitabiriye ku nshuro ya kane Imurikagurisha Mpuzamahanga ry'indabo mu Buholandi (Amafoto),economy,0.9821,512,True
http://www.igihe.com/diaspora/article/umunyarwanda-arakekwaho-kwica-umunya-canada-amuteye-ibyuma,politics,Umunyarwanda arakekwaho kwica umunya-Canada amuteye ibyuma,health,0.9551,319,False
http://www.igihe.com/diaspora/article/umunyarwanda-uba-mu-bwongereza-yoroje-abatishoboye-anishyurira-mituweli-abasaga,politics,"Umunyarwanda uba mu Bwongereza yoroje abatishoboye, anishyurira mituweli abasaga 300",politics,0.7784,500,False
http://www.igihe.com/diaspora/ibikorwa/article/ibuka-europe-yavuze-kuri-2019-umwaka-watanze-icyerekezo-gishya-hagati-y-u,politics,"IBUKA Europe yavuze kuri 2019, umwaka watanze icyerekezo gishya hagati y'u Rwanda n'u Bufaransa",politics,0.5796,512,True
http://www.igihe.com/diaspora/ibikorwa/article/higiro-prosper-yatanze-impapuro-zimuhesha-guhagararira-u-rwanda-muri-canada-nka,politics,Higiro Prosper yatanze impapuro zimuhesha guhagararira u Rwanda muri Canada nka Ambasaderi,politics,0.9933,512,True
http://www.igihe.com/diaspora/ibikorwa/article/uwihanganye-yashyikirije-perezida-halimah-yacob-impapuro-zimwemerera,politics,Uwihanganye yashyikirije Perezida Halimah Yacob impapuro zimwemerera guhagararira u Rwanda muri Singapore,politics,0.7901,349,False
http://www.igihe.com/diaspora/article/abanyarwanda-baba-mu-bufaransa-bagiye-kujyana-charles-onana-mu-butabera-kubera,politics,Abanyarwanda baba mu Bufaransa bagiye kujyana Charles Onana mu butabera kubera gupfobya Jenoside,politics,0.7653,512,True
http://www.igihe.com/diaspora/ibikorwa/article/amb-nkulikiyimfura-yatanze-impapuro-zimwemerera-guhagararira-u-rwanda-muri,politics,Amb. Nkulikiyimfura yatanze impapuro zimwemerera guhagararira u Rwanda muri Qatar,politics,0.9881,467,False
http://www.igihe.com/diaspora/article/u-budage-kayitesi-judence-yanditse-igitabo-ku-buzima-bw-inzitane-yanyuzemo-muri,politics,U Budage: Kayitesi Judence yanditse igitabo ku buzima bw'inzitane yanyuzemo muri Jenoside yakorewe Abatutsi,history,0.4901,512,True
http://www.igihe.com/diaspora/ibikorwa/article/sudani-hatashywe-ishuri-ryubatswe-ku-bufatanye-n-ingabo-z-u-rwanda,politics,Sudani: Hatashywe ishuri ryubatswe ku bufatanye n'Ingabo z'u Rwanda,politics,0.9866,512,True
http://www.igihe.com/diaspora/amahuriro/article/urubyiruko-rw-u-rwanda-ruba-mu-bwongereza-rwaganirijwe-ku-buryo-bwo-gukomera-ku,politics,Urubyiruko rw'u Rwanda ruba mu Bwongereza rwaganirijwe ku buryo bwo gukomera ku muco gakondo,health,0.5747,512,True
http://www.igihe.com/diaspora/article/rwakazina-yatanze-impapuro-zo-guhagararira-u-rwanda-muri-loni-n-indi-miryango,politics,Rwakazina yatanze impapuro zo guhagararira u Rwanda muri Loni n'indi miryango mpuzamahanga i Genève,politics,0.9936,492,False
http://www.igihe.com/diaspora/article/u-rwanda-rwatewe-amacumu-atari-make-ariko-rugakomeza-ruhagaze-perezida-kagame,politics,U Rwanda rwatewe amacumu atari make ariko rugakomeza ruhagaze-Perezida Kagame,politics,0.5822,512,True
http://www.igihe.com/diaspora/amahuriro/article/mushikiwabo-yasabye-ibiganiro-byihariye-ku-banyarwanda-baba-mu-mahanga,politics,Mushikiwabo yasabye ibiganiro byihariye ku Banyarwanda baba mu mahanga,politics,0.7657,512,True
http://www.igihe.com/diaspora/ibikorwa/article/abashoramari-bo-mu-bubiligi-bagiye-kubaka-inzu-1000-ziciriritse-mu-rwanda,politics,Abashoramari bo mu Bubiligi bagiye kubaka inzu 1000 ziciriritse mu Rwanda,economy,0.9786,512,True
http://www.igihe.com/diaspora/article/abanyarwanda-baba-abuja-muri-nigeria-basangiye-umuganura,politics,Abanyarwanda baba Abuja muri Nigeria basangiye Umuganura,politics,0.9719,310,False
http://www.igihe.com/diaspora/article/abanyarwanda-bo-mu-bubiligi-na-luxemburg-barabarira-ku-ntoki-iminsi-isigaye-ngo,politics,Abanyarwanda bo mu Bubiligi na Luxemburg barabarira ku ntoki iminsi isigaye ngo bitabire Rwanda Day,economy,0.9464,491,False
http://www.igihe.com/diaspora/article/u-budage-uko-abanyarwanda-biteguye-kwakira-rwanda-day-izabera-i-bonn-amafoto,politics,U Budage: Uko abanyarwanda biteguye kwakira Rwanda Day izabera i Bonn (Amafoto),politics,0.7069,512,True
http://www.igihe.com/diaspora/article/abanyarwanda-baba-mu-bubiligi-na-luxembourg-bakereye-kwitabira-rwanda-day-i,politics,Abanyarwanda baba mu Bubiligi na Luxembourg bakereye kwitabira Rwanda Day i Bonn mu Budage,politics,0.9843,512,True
http://www.igihe.com/twinigure/caricature/article/ilayidi-umunsi-w-amafunguro-kuri-bamwe,religion,"Ilayidi, umunsi w'amafunguro kuri bamwe!",relationship,0.2895,16,False
http://www.igihe.com/twinigure/caricature/article/gukoresha-nabi-ikinyarwanda-bikomeje-gufata-indi-ntera,culture,Gukoresha nabi Ikinyarwanda bikomeje gufata indi ntera,history,0.5381,16,False
http://www.igihe.com/twinigure/ubibona-ute/article/ni-iki-cyihishe-inyuma-y-isenyuka-ry-ingo-rya-hato-na-hato,relationship,Ni iki cyihishe inyuma y'isenyuka ry'ingo rya hato na hato?,relationship,0.5877,512,True
http://www.igihe.com/twinigure/ubibona-ute/article/ibyo-wamenya-kuri-tract-y-abapfobya-jenoside-banditse-bibasira-dr-bizimana-wa,politics,Ibyo wamenya kuri 'tract' y'abapfobya Jenoside banditse bibasira Dr. Bizimana wa CNLG,politics,0.9096,512,True
http://www.igihe.com/twinigure/caricature/article/uko-abanyarwanda-bakwiriye-kwizihiza-umuganura,culture,Uko Abanyarwanda bakwiriye kwizihiza Umuganura,politics,0.5338,15,False
http://www.igihe.com/twinigure/ubibona-ute/article/uganda-yatangiye-gusebanya-ntiyateganya-aho-bizagarukira,politics,Uganda yatangiye gusebanya ntiyateganya aho bizagarukira,politics,0.9939,512,True
http://www.igihe.com/twinigure/article/amagambo-lt-gen-tumukunde-ni-ikindi-gihamya-ko-ibya-leta-ya-museveni-ari,politics,"Amagambo Lt Gen Tumukunde, ikindi gihamya ko ibya Leta ya Museveni ari agahomamunwa",politics,0.9926,512,True
http://www.igihe.com/twinigure/ubibona-ute/article/abakwiza-ingengabitekerezo-ya-jenoside-bakwiye-akato,politics,Abakwiza ingengabitekerezo ya Jenoside bakwiye akato,politics,0.9264,512,True
http://www.igihe.com/twinigure/ubibona-ute/article/uburyo-bamwe-mu-banyarwanda-bishimiye-itanga-ry-umwami-rudahigwa-bakavuga-ko,history,Uburyo bamwe mu banyarwanda bishimiye itanga ry'Umwami Rudahigwa bakavuga ko yiyahuye,history,0.7068,512,True
http://www.igihe.com/twinigure/caricature/article/internet-ya-4g-imaze-kwigarurira-imitima-ya-benshi-mu-bakoresha-imbuga,technology,Internet ya 4G imaze kwigarurira imitima ya benshi mu bakoresha imbuga nkoranyambaga,technology,0.9126,21,False
http://www.igihe.com/twinigure/ubibona-ute/article/icyo-ntekereza-ku-byibazwa-niba-abasenateri-bariho-ubu-bazemererwa-kwiyamamaza,politics,Icyo ntekereza ku byibazwa niba abasenateri bariho ubu bazemererwa kwiyamamaza muri Nzeri 2019,politics,0.9933,512,True
http://www.igihe.com/twinigure/ubibona-ute/article/inkotanyi-zirimo-gutsindwa-amagambo-yo-mu-nyandiko-ya-musenyeri-mbonyintege-mu,history,Inkotanyi zirimo gutsindwa- Amagambo yo mu nyandiko ya Musenyeri Mbonyintege mu 1990,history,0.5801,512,True
http://www.igihe.com/twinigure/ubibona-ute/article/imbwirwaruhame-ya-anastase-makuza-yo-mu-1964-igaragaza-urwango-ubuyobozi-bwari,history,Imbwirwaruhame ya Anastase Makuza yo mu 1964 igaragaza urwango ubuyobozi bwari bufitiye Abatutsi,history,0.6433,512,True
http://www.igihe.com/twinigure/ubibona-ute/article/iyo-mutanyurwa-arembye-aranenga,politics,"Iyo Mutanyurwa arembye, aranenga",health,0.978,512,True
http://www.igihe.com/twinigure/ubibona-ute/article/kurekura-abanyarwanda-9-b-inzirakarengane-ni-intangiriro-nziza-ariko-museveni,politics,Kurekura Abanyarwanda icyenda b'inzirakarengane ni intangiriro nziza ariko Museveni akeneye gukora ibirenzeho,politics,0.995,512,True
http://www.igihe.com/twinigure/article/uko-ubuhanzi-busabana-n-umurage-bikarimbisha-imijyi,culture,Uko ubuhanzi busabana n'umurage bikarimbisha imijyi,culture,0.5612,512,True
http://www.igihe.com/twinigure/ubibona-ute/article/indembe-iruta-intumbi,health,Indembe iruta intumbi,religion,0.5134,512,True
http://www.igihe.com/twinigure/ubibona-ute/article/impamvu-kubita-abasigajwe-inyuma-n-amateka-bibadindiza-kurushaho,politics,Impamvu kubita 'abasigajwe inyuma n'amateka' bibadindiza kurushaho,entertainment,0.5498,512,True
http://www.igihe.com/twinigure/ubibona-ute/article/ibiganiro-bya-uganda-n-u-rwanda-ikimwaro-mu-ruhame,politics,Ibiganiro bya Uganda n'u Rwanda: Ikimwaro mu ruhame,politics,0.9729,512,True
http://www.igihe.com/twinigure/ubibona-ute/article/imicungire-n-imiterere-y-amashuri-makuru-yigenga-mu-rwanda-bikwiye-kunozwa,education,Imicungire n'imiterere y'amashuri makuru yigenga mu Rwanda bikwiye kunozwa,education,0.7753,512,True
http://www.igihe.com/twinigure/ubibona-ute/article/inkubi-y-impinduka-muri-rdc-n-icyo-ihatse,politics,Inkubi y'impinduka muri RDC n'icyo ihatse,politics,0.9633,512,True
http://www.igihe.com/twinigure/ubibona-ute/article/impamvu-umwuka-mubi-hagati-y-u-rwanda-na-uganda-atari-ikibazo-bwite-cya,politics,Impamvu umwuka mubi hagati y'u Rwanda na Uganda atari ikibazo bwite cya Perezida Kagame na Museveni,politics,0.9868,512,True
http://www.igihe.com/twinigure/ubibona-ute/article/umwami-ntiyica-hica-rubanda,history,Umwami ntiyica hica rubanda,history,0.4931,512,True
http://www.igihe.com/twinigure/article/impamvu-ari-inshingano-za-museveni-gusoza-ibyo-yatangije,politics,Impamvu ari inshingano za Museveni gusoza ibyo yatangije,politics,0.9902,512,True
http://www.igihe.com/twinigure/caricature/article/abayoboke-ba-kiliziya-gatolika-bari-kugabanyuka-kubera-amadini-y-inzaduka,religion,Abayoboke ba Kiliziya Gatolika bari kugabanyuka kubera amadini y'inzaduka,religion,0.7223,21,False
